Order_ID,Date,Client,Categorie,Produit,Quantite,Prix_Unitaire,Remise,Pays,Canal_Vente,Frais_Livraison,Satisfaction,Montant_Total
CMD00001,2024-04-12,Ali Benali,Maison,Ventilateur,4,1901.92,0.1,Italie,Web,11.7,5,6846.912
CMD00002,2024-04-09,Lucie Martin,Électronique,TV 4K,2,320.43,0.1,Belgique,Web,6.89,5,576.774
CMD00003,2024-07-10,Paolo Bianchi,Électronique,TV 4K,3,50.96,0.05,Suisse,App,10.83,2,145.236
CMD00004,2024-08-23,Sarah Moreau,Maison,Ventilateur,4,374.97,0.15,Maroc,Magasin,9.17,5,1274.8980000000001
CMD00005,2024-07-06,Léa Durand,Mode,Veste,1,589.55,0.1,Espagne,App,6.0,4,530.595
CMD00006,2024-11-02,Ali Benali,Électronique,Casque audio,3,771.1,0.15,Allemagne,Magasin,8.89,3,1966.305
CMD00007,2024-01-14,Nina Müller,Beauté,Rouge à lèvres,5,906.49,0.05,Maroc,Magasin,14.23,4,4305.827499999999
CMD00008,2024-04-01,Paolo Bianchi,Maison,Lampadaire,2,776.98,0.05,Espagne,App,1.47,4,1476.262
CMD00009,2024-07-24,Jean Dupont,Sport,Raquette,4,252.86,0.2,France,Magasin,12.5,3,809.152
CMD00010,2024-09-16,Youssef El Amrani,Sport,Raquette,1,524.97,0.15,France,Web,4.68,2,446.22450000000003
CMD00011,2024-09-26,Ali Benali,Mode,Jean,5,1939.47,0.05,Maroc,App,6.75,2,9212.4825
CMD00012,2024-02-22,Emma Rossi,Maison,Mixeur,4,100.0,0.2,Allemagne,Web,5.83,2,320.0
CMD00013,2024-06-05,Lucie Martin,Maison,Aspirateur,2,1930.86,0.15,Belgique,Magasin,8.14,1,3282.4619999999995
CMD00014,2024-05-15,Sarah Moreau,Jouets,Lego,5,158.36,0.3,Belgique,Magasin,6.35,1,554.26
CMD00015,2024-09-17,Carlos Gomez,Jouets,Lego,3,405.7,0.1,Belgique,App,11.85,3,1095.3899999999999
CMD00016,2024-11-23,Léa Durand,Sport,Chaussures de sport,2,723.35,0.0,Maroc,Web,13.72,1,1446.7
CMD00017,2024-04-08,Ali Benali,Électronique,Casque audio,4,668.49,0.3,Belgique,Magasin,4.66,5,1871.772
CMD00018,2024-04-10,Jean Dupont,Jouets,Lego,4,1278.74,0.1,Belgique,Web,8.42,3,4603.464
CMD00019,2024-07-25,Emma Rossi,Électronique,Casque audio,3,1523.96,0.05,France,App,3.54,3,4343.286
CMD00020,2024-02-21,Paolo Bianchi,Maison,Mixeur,2,60.58,0.2,Italie,App,3.03,1,96.928
CMD00021,2024-05-22,Youssef El Amrani,Beauté,Crème visage,5,1022.06,0.25,Suisse,Magasin,2.09,5,3832.7249999999995
CMD00022,2024-08-30,Carlos Gomez,Mode,Veste,3,414.09,0.2,Belgique,Web,1.15,3,993.816
CMD00023,2024-05-13,Emma Rossi,Électronique,Ordinateur portable,4,1860.1,0.2,Suisse,Web,4.43,5,5952.32
CMD00024,2024-05-07,Youssef El Amrani,Jouets,Peluche,4,1609.31,0.15,Allemagne,App,6.25,3,5471.6539999999995
CMD00025,2024-10-09,Jean Dupont,Mode,Jean,2,252.96,0.0,Maroc,App,4.77,1,505.92
CMD00026,2024-05-16,Lucie Martin,Mode,Montre,1,1637.85,0.0,Maroc,Web,4.57,3,1637.85
CMD00027,2024-06-08,Jean Dupont,Sport,Tapis de course,5,1387.95,0.05,Italie,Web,5.06,3,6592.7625
CMD00028,2024-09-24,Sarah Moreau,Jouets,Puzzle,1,813.63,0.25,Italie,App,14.58,4,610.2225
CMD00029,2024-07-05,Nina Müller,Électronique,Tablette,2,1427.42,0.2,Italie,App,4.27,1,2283.8720000000003
CMD00030,2024-08-11,Paolo Bianchi,Sport,Ballon,1,1953.46,0.15,Espagne,Magasin,0.77,5,1660.441
CMD00031,2024-08-05,Emma Rossi,Beauté,Sérum,1,1272.36,0.25,Belgique,Web,2.17,4,954.27
CMD00032,2024-04-07,Youssef El Amrani,Beauté,Crème visage,4,170.9,0.1,Suisse,Magasin,3.63,5,615.24
CMD00033,2024-11-21,Emma Rossi,Sport,Chaussures de sport,3,1634.7,0.0,Maroc,App,2.26,3,4904.1
CMD00034,2024-12-11,Paolo Bianchi,Électronique,Casque audio,5,1718.13,0.15,Allemagne,Magasin,10.16,3,7302.052500000001
CMD00035,2024-05-07,Jean Dupont,Électronique,Smartphone,3,1620.91,0.15,France,App,9.68,4,4133.320500000001
CMD00036,2024-05-30,Lucie Martin,Mode,Montre,2,1677.04,0.1,Belgique,Magasin,5.12,1,3018.672
CMD00037,2024-02-29,Carlos Gomez,Jouets,Voiture téléguidée,2,523.3,0.15,Espagne,Magasin,2.62,1,889.6099999999999
CMD00038,2024-06-08,Youssef El Amrani,Mode,Veste,1,491.29,0.25,Allemagne,App,13.46,5,368.46750000000003
CMD00039,2024-05-31,Ali Benali,Électronique,Smartphone,3,385.53,0.0,Italie,Web,5.24,3,1156.59
CMD00040,2024-04-13,Paolo Bianchi,Jouets,Puzzle,1,1287.64,0.1,Allemagne,Magasin,14.03,4,1158.8760000000002
CMD00041,2024-12-14,Nina Müller,Mode,Chaussures,4,1165.57,0.25,Belgique,Magasin,14.1,1,3496.71
CMD00042,2024-07-26,Carlos Gomez,Jouets,Peluche,2,330.01,0.05,France,App,7.28,3,627.019
CMD00043,2024-10-30,Nina Müller,Beauté,Crème visage,5,456.3,0.0,France,Web,0.27,5,2281.5
CMD00044,2024-06-24,Nina Müller,Beauté,Parfum,4,739.27,0.3,Italie,Magasin,10.81,1,2069.9559999999997
CMD00045,2024-02-20,Jean Dupont,Mode,Montre,4,1022.54,0.25,Maroc,Web,3.98,5,3067.62
CMD00046,2024-11-12,Youssef El Amrani,Mode,Chaussures,3,874.44,0.2,Espagne,App,7.54,4,2098.6560000000004
CMD00047,2024-08-07,Emma Rossi,Sport,Tapis de course,3,1148.29,0.0,Maroc,Magasin,0.65,4,3444.87
CMD00048,2024-02-06,Jean Dupont,Maison,Mixeur,5,566.33,0.25,Espagne,Magasin,5.55,1,2123.7375
CMD00049,2024-04-25,Jean Dupont,Beauté,Crème visage,5,862.09,0.2,France,App,8.58,4,3448.36
CMD00050,2024-05-07,Lucie Martin,Maison,Aspirateur,5,776.34,0.3,Espagne,Web,4.03,3,2717.19
CMD00051,2024-12-25,Jean Dupont,Sport,Raquette,2,1118.03,0.3,Belgique,Magasin,12.66,3,1565.242
CMD00052,2024-09-29,Youssef El Amrani,Sport,Vélo,2,1233.86,0.25,Belgique,App,5.38,3,1850.79
CMD00053,2024-06-18,Youssef El Amrani,Mode,Montre,1,281.88,0.25,Italie,Magasin,5.39,5,211.41
CMD00054,2024-11-08,Youssef El Amrani,Jouets,Jeu de société,2,1622.13,0.0,Italie,Web,9.17,4,3244.26
CMD00055,2024-05-22,Nina Müller,Électronique,Smartphone,4,1598.61,0.0,Suisse,App,1.06,4,6394.44
CMD00056,2024-06-01,Emma Rossi,Beauté,Crème visage,4,1161.94,0.3,Suisse,Web,10.08,3,3253.432
CMD00057,2024-12-07,Léa Durand,Maison,Machine à café,2,1089.86,0.2,Espagne,Magasin,12.58,2,1743.7759999999998
CMD00058,2024-04-10,Nina Müller,Sport,Ballon,1,84.32,0.25,Belgique,Web,4.55,3,63.239999999999995
CMD00059,2024-04-12,Léa Durand,Mode,Jean,1,1657.46,0.15,Allemagne,Web,3.24,5,1408.841
CMD00060,2024-11-06,Lucie Martin,Jouets,Peluche,4,1685.63,0.15,France,Magasin,6.17,3,5731.142
CMD00061,2024-05-24,Emma Rossi,Maison,Lampadaire,4,274.16,0.05,Allemagne,App,7.74,3,1041.808
CMD00062,2024-04-26,Lucie Martin,Maison,Aspirateur,3,883.55,0.3,Espagne,Magasin,3.76,2,1855.4549999999997
CMD00063,2024-08-26,Youssef El Amrani,Électronique,Smartphone,1,1380.11,0.0,Allemagne,App,2.6,1,1380.11
CMD00064,2024-09-28,Paolo Bianchi,Maison,Aspirateur,2,487.18,0.25,Maroc,Web,10.72,5,730.77
CMD00065,2024-09-03,Lucie Martin,Beauté,Sérum,5,1478.41,0.3,Italie,App,6.54,5,5174.4349999999995
CMD00066,2024-10-11,Carlos Gomez,Électronique,Casque audio,3,502.98,0.1,Suisse,Magasin,11.37,1,1358.046
CMD00067,2024-07-22,Youssef El Amrani,Beauté,Rouge à lèvres,4,101.55,0.0,Italie,Magasin,4.67,4,406.2
CMD00068,2024-09-10,Sarah Moreau,Beauté,Parfum,2,1529.1,0.2,Suisse,Magasin,7.1,1,2446.56
CMD00069,2024-10-16,Paolo Bianchi,Électronique,Smartphone,5,803.02,0.05,Espagne,Web,14.24,4,3814.345
CMD00070,2024-11-20,Lucie Martin,Beauté,Crème visage,4,755.48,0.05,Maroc,Magasin,14.0,1,2870.824
CMD00071,2024-06-08,Léa Durand,Maison,Aspirateur,5,334.24,0.3,Espagne,Magasin,14.16,4,1169.84
CMD00072,2024-02-02,Sarah Moreau,Mode,Chaussures,3,1603.89,0.15,Suisse,Web,5.82,4,4089.9195
CMD00073,2024-03-05,Jean Dupont,Sport,Vélo,1,1624.3,0.1,Italie,App,14.12,3,1461.87
CMD00074,2024-01-12,Emma Rossi,Maison,Ventilateur,1,1306.45,0.1,France,Magasin,2.94,5,1175.805
CMD00075,2024-03-30,Jean Dupont,Sport,Ballon,2,87.54,0.05,Belgique,Web,10.25,1,166.326
CMD00076,2024-04-14,Paolo Bianchi,Mode,Sac à main,5,1691.3,0.05,Belgique,App,5.11,3,8033.674999999999
CMD00077,2024-08-04,Léa Durand,Mode,Jean,4,1388.85,0.05,Italie,Web,9.43,5,5277.629999999999
CMD00078,2024-07-10,Lucie Martin,Jouets,Puzzle,5,1935.49,0.15,France,App,2.66,1,8225.8325
CMD00079,2024-09-24,Léa Durand,Sport,Vélo,3,1981.11,0.15,Suisse,Magasin,5.58,5,5051.8305
CMD00080,2024-10-12,Emma Rossi,Sport,Chaussures de sport,1,1362.89,0.3,France,Magasin,11.32,1,954.023
CMD00081,2024-07-05,Sarah Moreau,Électronique,Casque audio,1,1073.31,0.15,Allemagne,App,12.4,5,912.3135
CMD00082,2024-03-16,Ali Benali,Jouets,Peluche,3,784.51,0.15,France,App,14.38,3,2000.5004999999996
CMD00083,2024-12-04,Youssef El Amrani,Maison,Ventilateur,1,645.43,0.25,Allemagne,Magasin,10.15,4,484.0725
CMD00084,2024-01-25,Carlos Gomez,Sport,Chaussures de sport,2,1267.36,0.2,France,App,1.38,4,2027.7759999999998
CMD00085,2024-02-08,Carlos Gomez,Électronique,Tablette,4,1348.31,0.15,Espagne,Web,14.19,1,4584.254
CMD00086,2024-05-12,Jean Dupont,Mode,Chaussures,5,1862.55,0.05,Espagne,App,0.86,2,8847.1125
CMD00087,2024-01-09,Emma Rossi,Électronique,Casque audio,3,1776.53,0.1,Allemagne,App,10.59,4,4796.631
CMD00088,2024-06-16,Jean Dupont,Maison,Lampadaire,2,1675.56,0.0,Allemagne,Magasin,1.52,5,3351.12
CMD00089,2024-01-29,Carlos Gomez,Sport,Vélo,2,799.34,0.1,Belgique,Web,10.59,5,1438.8120000000001
CMD00090,2024-05-24,Lucie Martin,Électronique,Ordinateur portable,5,474.12,0.2,Espagne,Magasin,5.56,4,1896.48
CMD00091,2024-12-29,Carlos Gomez,Mode,Chaussures,1,1187.86,0.15,Espagne,Web,5.64,3,1009.6809999999999
CMD00092,2024-06-21,Paolo Bianchi,Électronique,Smartphone,3,504.96,0.1,Espagne,Magasin,1.67,3,1363.3919999999998
CMD00093,2024-11-12,Lucie Martin,Mode,Montre,5,816.35,0.25,Belgique,App,0.84,4,3061.3125
CMD00094,2024-07-09,Youssef El Amrani,Sport,Tapis de course,1,1490.98,0.1,Maroc,App,8.75,1,1341.882
CMD00095,2024-02-13,Jean Dupont,Beauté,Rouge à lèvres,4,578.57,0.0,Belgique,Magasin,3.35,2,2314.28
CMD00096,2024-07-21,Ali Benali,Beauté,Rouge à lèvres,5,1940.06,0.2,Allemagne,Web,4.84,5,7760.24
CMD00097,2024-02-16,Jean Dupont,Jouets,Puzzle,4,156.86,0.1,France,Web,10.43,1,564.696
CMD00098,2024-02-23,Paolo Bianchi,Mode,Montre,1,441.45,0.3,Allemagne,Magasin,6.82,5,309.015
CMD00099,2024-08-11,Jean Dupont,Beauté,Shampoing,3,1803.3,0.0,Italie,Magasin,13.73,2,5409.9
CMD00100,2024-06-12,Ali Benali,Électronique,Smartphone,4,222.44,0.2,Maroc,Magasin,4.16,4,711.808
CMD00101,2024-12-22,Carlos Gomez,Sport,Vélo,2,782.65,0.15,Espagne,Magasin,8.75,4,1330.5049999999999
CMD00102,2024-07-19,Jean Dupont,Jouets,Puzzle,1,527.3,0.1,Maroc,App,10.47,1,474.57
CMD00103,2024-02-15,Ali Benali,Beauté,Parfum,1,828.3,0.2,Allemagne,App,10.27,5,662.64
CMD00104,2024-10-29,Lucie Martin,Maison,Lampadaire,3,1646.85,0.05,Italie,Magasin,6.25,5,4693.522499999999
CMD00105,2024-01-05,Jean Dupont,Jouets,Jeu de société,1,842.3,0.25,Maroc,App,12.99,5,631.7249999999999
CMD00106,2024-09-23,Paolo Bianchi,Beauté,Sérum,1,1557.43,0.05,Belgique,Web,14.81,1,1479.5585
CMD00107,2024-06-25,Sarah Moreau,Sport,Chaussures de sport,5,1501.66,0.0,Belgique,Magasin,14.55,3,7508.3
CMD00108,2024-11-06,Emma Rossi,Électronique,Smartphone,5,136.39,0.0,Belgique,App,6.22,1,681.9499999999999
CMD00109,2024-01-23,Léa Durand,Maison,Machine à café,4,1627.67,0.3,Italie,Web,11.25,3,4557.476
CMD00110,2024-03-25,Sarah Moreau,Sport,Tapis de course,5,1454.98,0.05,France,App,12.74,1,6911.155
CMD00111,2024-10-14,Jean Dupont,Sport,Vélo,1,267.03,0.1,Allemagne,Web,4.12,4,240.32699999999997
CMD00112,2024-04-27,Emma Rossi,Électronique,Smartphone,2,722.74,0.3,Maroc,App,10.07,2,1011.8359999999999
CMD00113,2024-08-09,Sarah Moreau,Beauté,Parfum,3,1045.13,0.15,Italie,Magasin,12.25,4,2665.0815000000002
CMD00114,2024-12-06,Ali Benali,Jouets,Peluche,3,812.93,0.3,Espagne,App,0.43,5,1707.1529999999998
CMD00115,2024-08-13,Lucie Martin,Mode,Veste,2,1612.04,0.3,Maroc,App,2.05,4,2256.8559999999998
CMD00116,2024-11-03,Nina Müller,Électronique,Tablette,2,1183.94,0.25,Italie,Web,8.32,3,1775.91
CMD00117,2024-02-20,Nina Müller,Électronique,Tablette,1,1032.84,0.3,Belgique,Web,5.95,2,722.9879999999999
CMD00118,2024-11-25,Paolo Bianchi,Sport,Chaussures de sport,1,1899.55,0.15,Allemagne,App,6.89,1,1614.6174999999998
CMD00119,2024-07-23,Jean Dupont,Mode,Jean,1,523.91,0.2,France,App,14.7,5,419.128
CMD00120,2024-05-30,Youssef El Amrani,Mode,Veste,3,1163.5,0.1,Italie,Magasin,1.14,1,3141.4500000000003
CMD00121,2024-07-13,Léa Durand,Sport,Ballon,3,286.27,0.15,Italie,Web,2.73,1,729.9884999999999
CMD00122,2024-10-03,Sarah Moreau,Jouets,Peluche,3,1035.32,0.05,Suisse,Magasin,9.03,3,2950.662
CMD00123,2024-11-21,Paolo Bianchi,Sport,Vélo,5,696.71,0.05,Allemagne,Web,2.66,5,3309.3725
CMD00124,2024-03-18,Jean Dupont,Mode,Montre,1,1073.5,0.15,Italie,Magasin,3.1,2,912.475
CMD00125,2024-08-01,Lucie Martin,Mode,Sac à main,2,1383.89,0.0,Suisse,App,1.38,1,2767.78
CMD00126,2024-09-13,Nina Müller,Mode,Chaussures,3,1842.54,0.2,Belgique,Magasin,0.04,4,4422.0960000000005
CMD00127,2024-01-28,Sarah Moreau,Jouets,Peluche,1,1198.58,0.15,France,Web,3.14,2,1018.7929999999999
CMD00128,2024-01-07,Carlos Gomez,Beauté,Rouge à lèvres,2,1497.47,0.25,Suisse,Magasin,2.22,3,2246.205
CMD00129,2024-09-30,Nina Müller,Sport,Tapis de course,3,1791.46,0.25,Belgique,Magasin,11.24,4,4030.785
CMD00130,2024-04-28,Léa Durand,Électronique,TV 4K,2,714.75,0.1,Belgique,Web,3.64,1,1286.55
CMD00131,2024-05-05,Emma Rossi,Maison,Aspirateur,5,372.74,0.3,Maroc,App,4.83,2,1304.59
CMD00132,2024-03-07,Léa Durand,Maison,Lampadaire,4,474.1,0.2,Maroc,App,8.9,4,1517.1200000000001
CMD00133,2024-04-20,Léa Durand,Jouets,Lego,1,1001.9,0.3,France,Magasin,8.76,2,701.3299999999999
CMD00134,2024-10-08,Sarah Moreau,Mode,Chaussures,1,1133.27,0.05,Espagne,App,4.26,4,1076.6064999999999
CMD00135,2024-10-15,Youssef El Amrani,Beauté,Rouge à lèvres,2,496.26,0.1,Belgique,App,14.8,5,893.268
CMD00136,2024-12-15,Ali Benali,Maison,Machine à café,5,212.55,0.25,Allemagne,Magasin,5.48,4,797.0625
CMD00137,2024-09-03,Sarah Moreau,Mode,Montre,3,184.9,0.25,Espagne,Web,2.6,1,416.02500000000003
CMD00138,2024-08-07,Sarah Moreau,Maison,Mixeur,3,1053.78,0.2,Italie,Magasin,14.74,2,2529.072
CMD00139,2024-03-02,Léa Durand,Électronique,Ordinateur portable,3,1732.36,0.25,Maroc,Web,14.63,3,3897.81
CMD00140,2024-06-21,Ali Benali,Maison,Mixeur,1,1439.73,0.1,Espagne,App,8.57,3,1295.757
CMD00141,2024-07-30,Emma Rossi,Jouets,Voiture téléguidée,4,418.1,0.05,Maroc,Web,4.86,3,1588.78
CMD00142,2024-05-21,Youssef El Amrani,Sport,Vélo,1,1475.13,0.15,Espagne,Web,1.72,2,1253.8605
CMD00143,2024-09-15,Léa Durand,Électronique,Casque audio,5,1017.15,0.3,Suisse,App,7.22,3,3560.0249999999996
CMD00144,2024-06-20,Youssef El Amrani,Mode,Chaussures,1,744.77,0.05,Belgique,Web,8.23,2,707.5314999999999
CMD00145,2024-11-24,Nina Müller,Jouets,Voiture téléguidée,2,651.48,0.05,Italie,Web,1.32,5,1237.812
CMD00146,2024-04-03,Ali Benali,Jouets,Lego,1,242.23,0.3,Allemagne,Web,7.07,3,169.56099999999998
CMD00147,2024-05-16,Jean Dupont,Mode,Jean,1,1702.95,0.15,Italie,App,14.48,5,1447.5075
CMD00148,2024-11-15,Youssef El Amrani,Jouets,Jeu de société,2,370.65,0.1,Belgique,App,13.9,4,667.17
CMD00149,2024-10-12,Lucie Martin,Jouets,Jeu de société,5,288.15,0.0,Suisse,App,11.26,4,1440.75
CMD00150,2024-03-02,Paolo Bianchi,Jouets,Puzzle,3,336.89,0.2,Italie,App,3.54,2,808.5360000000001
CMD00151,2024-05-04,Youssef El Amrani,Mode,Chaussures,4,639.23,0.05,Maroc,Magasin,5.89,3,2429.074
CMD00152,2024-08-12,Jean Dupont,Maison,Mixeur,1,1497.74,0.3,Belgique,Web,8.66,1,1048.418
CMD00153,2024-06-27,Lucie Martin,Sport,Ballon,2,1091.67,0.1,Suisse,App,8.14,3,1965.006
CMD00154,2024-08-18,Carlos Gomez,Jouets,Lego,2,287.15,0.3,Maroc,Web,13.18,1,402.00999999999993
CMD00155,2024-10-15,Lucie Martin,Sport,Ballon,3,1579.31,0.25,France,App,11.29,5,3553.4475
CMD00156,2024-12-18,Youssef El Amrani,Beauté,Shampoing,4,1144.08,0.05,Allemagne,Web,7.41,2,4347.504
CMD00157,2024-07-02,Lucie Martin,Sport,Vélo,5,230.16,0.15,Allemagne,Magasin,6.86,4,978.18
CMD00158,2024-06-21,Jean Dupont,Électronique,Ordinateur portable,5,1084.32,0.2,Italie,Magasin,3.44,4,4337.28
CMD00159,2024-10-08,Emma Rossi,Mode,Montre,2,34.28,0.1,Espagne,Magasin,10.41,4,61.704
CMD00160,2024-12-25,Léa Durand,Jouets,Puzzle,3,1202.07,0.15,Belgique,Web,2.72,2,3065.2785
CMD00161,2024-04-20,Youssef El Amrani,Sport,Ballon,2,1895.09,0.15,Espagne,Magasin,13.68,2,3221.653
CMD00162,2024-05-12,Youssef El Amrani,Beauté,Parfum,4,1190.0,0.15,Italie,Web,8.48,4,4046.0
CMD00163,2024-02-20,Youssef El Amrani,Électronique,Ordinateur portable,5,1417.4,0.05,France,Web,11.57,2,6732.65
CMD00164,2024-10-28,Léa Durand,Mode,Sac à main,5,217.45,0.0,Allemagne,Web,13.88,1,1087.25
CMD00165,2024-01-01,Nina Müller,Maison,Mixeur,5,1969.83,0.25,France,Web,2.79,1,7386.862499999999
CMD00166,2024-05-16,Nina Müller,Maison,Ventilateur,3,1186.64,0.2,Espagne,App,5.69,5,2847.936
CMD00167,2024-03-03,Ali Benali,Jouets,Puzzle,2,1607.68,0.2,Suisse,Magasin,9.06,3,2572.2880000000005
CMD00168,2024-12-12,Sarah Moreau,Maison,Aspirateur,4,1079.42,0.1,Maroc,Web,13.84,2,3885.9120000000003
CMD00169,2024-06-30,Lucie Martin,Beauté,Rouge à lèvres,1,1178.27,0.1,Allemagne,App,6.79,3,1060.443
CMD00170,2024-06-25,Léa Durand,Maison,Ventilateur,1,1001.75,0.25,France,Web,0.51,1,751.3125
CMD00171,2024-02-18,Léa Durand,Sport,Vélo,5,1165.37,0.25,Belgique,Magasin,3.3,2,4370.1375
CMD00172,2024-03-03,Carlos Gomez,Mode,Sac à main,1,1922.53,0.0,Allemagne,Magasin,8.36,4,1922.53
CMD00173,2024-08-02,Carlos Gomez,Maison,Ventilateur,5,377.08,0.3,Espagne,Web,8.93,5,1319.7799999999997
CMD00174,2024-10-31,Youssef El Amrani,Beauté,Shampoing,3,427.71,0.1,Maroc,App,5.24,5,1154.817
CMD00175,2024-06-23,Lucie Martin,Électronique,Tablette,5,761.67,0.1,Belgique,Web,0.99,3,3427.515
CMD00176,2024-11-14,Léa Durand,Beauté,Sérum,2,1053.54,0.15,Allemagne,Magasin,7.22,3,1791.0179999999998
CMD00177,2024-10-14,Ali Benali,Beauté,Rouge à lèvres,4,372.04,0.2,France,Magasin,1.13,3,1190.528
CMD00178,2024-03-27,Carlos Gomez,Beauté,Shampoing,2,548.78,0.25,Italie,App,7.9,1,823.17
CMD00179,2024-11-08,Youssef El Amrani,Sport,Raquette,4,1681.18,0.3,Suisse,App,9.88,1,4707.304
CMD00180,2024-08-26,Sarah Moreau,Mode,Jean,3,469.84,0.1,France,App,7.58,1,1268.568
CMD00181,2024-10-17,Carlos Gomez,Mode,Jean,5,365.3,0.0,Espagne,Magasin,8.35,2,1826.5
CMD00182,2024-08-10,Ali Benali,Beauté,Sérum,3,1925.67,0.15,Suisse,Web,10.02,5,4910.4585
CMD00183,2024-05-26,Carlos Gomez,Sport,Vélo,2,35.87,0.3,Espagne,Magasin,11.04,5,50.217999999999996
CMD00184,2024-10-29,Lucie Martin,Électronique,Casque audio,5,1754.12,0.2,Maroc,Web,6.32,2,7016.48
CMD00185,2024-04-28,Carlos Gomez,Jouets,Voiture téléguidée,5,690.22,0.05,France,Magasin,12.38,3,3278.545
CMD00186,2024-08-13,Jean Dupont,Maison,Machine à café,4,1663.0,0.2,Maroc,Web,6.14,1,5321.6
CMD00187,2024-10-06,Léa Durand,Maison,Ventilateur,5,595.99,0.15,Suisse,App,14.62,4,2532.9575
CMD00188,2024-04-24,Ali Benali,Électronique,Tablette,1,1738.25,0.1,Allemagne,App,13.42,1,1564.425
CMD00189,2024-09-02,Léa Durand,Maison,Machine à café,1,544.67,0.05,France,App,9.5,1,517.4364999999999
CMD00190,2024-04-07,Sarah Moreau,Beauté,Parfum,3,849.19,0.05,Allemagne,Magasin,7.89,5,2420.1915
CMD00191,2024-12-21,Lucie Martin,Jouets,Lego,5,46.6,0.05,Maroc,Magasin,7.94,2,221.35
CMD00192,2024-03-16,Ali Benali,Jouets,Lego,1,555.37,0.0,Italie,Web,6.08,2,555.37
CMD00193,2024-06-16,Lucie Martin,Maison,Ventilateur,5,31.88,0.2,Suisse,Magasin,3.96,3,127.52000000000001
CMD00194,2024-06-21,Paolo Bianchi,Électronique,Ordinateur portable,2,1205.03,0.0,Italie,Magasin,7.41,2,2410.06
CMD00195,2024-11-05,Carlos Gomez,Beauté,Parfum,1,843.35,0.15,Maroc,Web,11.56,2,716.8475
CMD00196,2024-01-29,Lucie Martin,Maison,Ventilateur,3,376.9,0.2,Suisse,App,9.05,2,904.56
CMD00197,2024-07-05,Jean Dupont,Maison,Mixeur,5,1675.79,0.1,Maroc,Magasin,5.34,1,7541.055000000001
CMD00198,2024-11-07,Jean Dupont,Électronique,Tablette,3,1899.12,0.3,France,Magasin,9.96,5,3988.1519999999996
CMD00199,2024-08-31,Emma Rossi,Beauté,Sérum,1,547.12,0.3,Espagne,App,3.93,3,382.984
CMD00200,2024-07-19,Ali Benali,Beauté,Shampoing,3,1694.35,0.1,Belgique,Magasin,8.95,2,4574.745
CMD00201,2024-05-08,Ali Benali,Mode,Veste,2,953.73,0.0,Suisse,App,1.13,1,1907.46
CMD00202,2024-05-10,Sarah Moreau,Beauté,Sérum,1,1412.8,0.05,Allemagne,Magasin,6.9,3,1342.1599999999999
CMD00203,2024-01-12,Nina Müller,Beauté,Shampoing,2,1600.84,0.15,Suisse,Magasin,14.52,2,2721.428
CMD00204,2024-01-17,Carlos Gomez,Électronique,Smartphone,3,636.05,0.1,France,Magasin,13.76,5,1717.3349999999998
CMD00205,2024-09-20,Sarah Moreau,Mode,Montre,2,1384.21,0.0,France,App,2.78,3,2768.42
CMD00206,2024-03-29,Paolo Bianchi,Maison,Machine à café,5,1520.48,0.2,Suisse,Web,10.38,1,6081.92
CMD00207,2024-02-16,Jean Dupont,Électronique,Smartphone,4,450.21,0.05,France,App,0.77,2,1710.7979999999998
CMD00208,2024-03-26,Paolo Bianchi,Sport,Raquette,2,1180.64,0.0,Maroc,App,2.71,5,2361.28
CMD00209,2024-06-24,Nina Müller,Mode,Chaussures,2,632.58,0.3,Italie,Magasin,10.46,1,885.612
CMD00210,2024-04-12,Léa Durand,Beauté,Crème visage,2,849.31,0.2,France,Web,7.11,4,1358.896
CMD00211,2024-04-07,Carlos Gomez,Jouets,Puzzle,1,1303.83,0.1,Maroc,Magasin,8.41,5,1173.447
CMD00212,2024-02-08,Carlos Gomez,Jouets,Voiture téléguidée,3,1395.61,0.05,Belgique,Magasin,10.87,4,3977.4885
CMD00213,2024-06-09,Ali Benali,Mode,Jean,1,1081.42,0.25,Belgique,Magasin,4.78,2,811.065
CMD00214,2024-06-18,Nina Müller,Maison,Aspirateur,5,1235.57,0.25,Allemagne,App,6.26,3,4633.3875
CMD00215,2024-04-05,Carlos Gomez,Électronique,Smartphone,2,52.33,0.3,Allemagne,Web,2.78,2,73.26199999999999
CMD00216,2024-11-13,Sarah Moreau,Électronique,Smartphone,3,149.36,0.25,Maroc,Magasin,5.26,1,336.06000000000006
CMD00217,2024-12-24,Jean Dupont,Maison,Lampadaire,5,964.76,0.15,Suisse,App,14.76,2,4100.2300000000005
CMD00218,2024-05-21,Lucie Martin,Maison,Mixeur,4,1477.79,0.25,France,App,0.05,5,4433.37
CMD00219,2024-03-13,Emma Rossi,Mode,Sac à main,2,599.65,0.25,Belgique,App,8.84,1,899.4749999999999
CMD00220,2024-10-19,Emma Rossi,Beauté,Crème visage,1,789.34,0.15,Espagne,App,3.27,2,670.939
CMD00221,2024-03-02,Emma Rossi,Beauté,Crème visage,5,525.38,0.15,Maroc,App,6.26,3,2232.8650000000002
CMD00222,2024-03-12,Lucie Martin,Sport,Tapis de course,5,1978.48,0.3,Allemagne,Web,14.87,3,6924.679999999999
CMD00223,2024-11-25,Ali Benali,Jouets,Peluche,4,1677.27,0.25,Italie,Magasin,9.12,5,5031.8099999999995
CMD00224,2024-09-15,Lucie Martin,Beauté,Sérum,3,361.29,0.05,Allemagne,Magasin,0.55,2,1029.6765
CMD00225,2024-04-08,Carlos Gomez,Beauté,Sérum,5,125.11,0.3,Espagne,Magasin,3.24,1,437.88499999999993
CMD00226,2024-06-26,Lucie Martin,Mode,Chaussures,4,1989.87,0.2,Allemagne,Web,3.9,3,6367.584
CMD00227,2024-04-29,Nina Müller,Électronique,Smartphone,2,1395.08,0.1,Espagne,Magasin,12.24,5,2511.144
CMD00228,2024-04-07,Paolo Bianchi,Jouets,Puzzle,5,1078.58,0.0,Allemagne,Web,13.42,5,5392.9
CMD00229,2024-05-16,Carlos Gomez,Sport,Ballon,3,1756.15,0.1,France,Web,4.09,5,4741.6050000000005
CMD00230,2024-09-17,Emma Rossi,Beauté,Crème visage,3,1911.75,0.15,Belgique,Web,0.53,1,4874.9625
CMD00231,2024-06-24,Sarah Moreau,Jouets,Peluche,3,183.1,0.15,France,Web,5.59,3,466.905
CMD00232,2024-10-10,Sarah Moreau,Maison,Machine à café,2,1069.88,0.2,Maroc,App,3.3,5,1711.8080000000002
CMD00233,2024-04-24,Jean Dupont,Sport,Tapis de course,5,1983.04,0.05,Italie,App,7.43,5,9419.44
CMD00234,2024-08-24,Lucie Martin,Maison,Mixeur,2,1146.92,0.05,France,App,8.16,5,2179.148
CMD00235,2024-12-18,Lucie Martin,Électronique,Smartphone,1,1758.47,0.1,Suisse,App,13.02,4,1582.623
CMD00236,2024-12-10,Léa Durand,Électronique,Smartphone,3,1735.92,0.0,Belgique,App,5.01,5,5207.76
CMD00237,2024-01-07,Emma Rossi,Beauté,Rouge à lèvres,5,1363.48,0.3,Italie,App,10.48,4,4772.179999999999
CMD00238,2024-06-08,Carlos Gomez,Jouets,Jeu de société,5,1762.93,0.05,France,App,6.98,2,8373.9175
CMD00239,2024-09-14,Paolo Bianchi,Sport,Vélo,3,464.96,0.3,Belgique,Web,2.41,4,976.4159999999998
CMD00240,2024-02-15,Jean Dupont,Jouets,Voiture téléguidée,5,1019.86,0.3,Allemagne,Web,2.9,5,3569.5099999999998
CMD00241,2024-07-06,Léa Durand,Beauté,Parfum,3,1962.56,0.0,France,App,1.74,2,5887.68
CMD00242,2024-08-20,Sarah Moreau,Sport,Chaussures de sport,5,1561.89,0.25,Suisse,App,4.25,2,5857.087500000001
CMD00243,2024-10-04,Sarah Moreau,Mode,Veste,2,690.33,0.15,Maroc,Web,2.69,5,1173.5610000000001
CMD00244,2024-07-10,Emma Rossi,Sport,Tapis de course,4,355.77,0.15,Belgique,App,1.02,3,1209.618
CMD00245,2024-01-22,Lucie Martin,Mode,Veste,1,1544.26,0.0,Maroc,App,8.73,1,1544.26
CMD00246,2024-07-22,Lucie Martin,Sport,Tapis de course,2,158.64,0.05,Espagne,App,13.07,5,301.41599999999994
CMD00247,2024-02-02,Jean Dupont,Mode,Veste,4,1298.67,0.15,Allemagne,Web,11.37,5,4415.478
CMD00248,2024-10-11,Emma Rossi,Jouets,Voiture téléguidée,3,512.49,0.3,France,App,6.69,2,1076.229
CMD00249,2024-06-05,Paolo Bianchi,Mode,Montre,4,858.1,0.2,Italie,Web,12.81,5,2745.92
CMD00250,2024-01-22,Youssef El Amrani,Électronique,Tablette,3,449.33,0.05,Maroc,Web,11.59,4,1280.5905
CMD00251,2024-01-21,Léa Durand,Électronique,Tablette,3,553.79,0.0,Belgique,App,14.45,4,1661.37
CMD00252,2024-09-13,Jean Dupont,Mode,Jean,5,1280.67,0.25,Italie,Magasin,11.4,5,4802.512500000001
CMD00253,2024-11-15,Carlos Gomez,Sport,Tapis de course,2,1789.26,0.3,Italie,Magasin,11.19,3,2504.964
CMD00254,2024-07-26,Jean Dupont,Électronique,Ordinateur portable,1,1306.82,0.15,Maroc,Web,8.44,4,1110.797
CMD00255,2024-11-04,Carlos Gomez,Beauté,Sérum,3,1936.7,0.25,France,App,3.06,5,4357.575000000001
CMD00256,2024-06-29,Léa Durand,Mode,Chaussures,3,1691.12,0.15,France,App,0.27,5,4312.356
CMD00257,2024-08-09,Jean Dupont,Électronique,Ordinateur portable,4,1935.35,0.15,Belgique,Magasin,11.95,1,6580.19
CMD00258,2024-11-14,Youssef El Amrani,Électronique,TV 4K,1,1218.54,0.15,Suisse,Web,6.45,1,1035.759
CMD00259,2024-03-12,Jean Dupont,Mode,Jean,5,545.3,0.1,Allemagne,Web,14.77,1,2453.85
CMD00260,2024-10-27,Ali Benali,Jouets,Puzzle,5,154.17,0.05,Espagne,App,7.2,3,732.3074999999999
CMD00261,2024-08-01,Nina Müller,Mode,Sac à main,1,1721.64,0.25,Espagne,App,13.62,3,1291.23
CMD00262,2024-05-27,Jean Dupont,Sport,Tapis de course,3,218.81,0.0,Maroc,App,1.54,4,656.4300000000001
CMD00263,2024-08-12,Léa Durand,Mode,Jean,1,1123.7,0.05,Allemagne,App,4.9,2,1067.515
CMD00264,2024-06-02,Paolo Bianchi,Maison,Lampadaire,1,1766.24,0.25,Suisse,App,0.5,4,1324.68
CMD00265,2024-05-22,Léa Durand,Maison,Aspirateur,2,1955.16,0.05,Belgique,App,10.34,2,3714.804
CMD00266,2024-11-12,Emma Rossi,Sport,Tapis de course,2,91.96,0.15,Suisse,Web,1.57,3,156.332
CMD00267,2024-07-22,Youssef El Amrani,Mode,Sac à main,3,1793.48,0.0,Allemagne,Web,14.04,1,5380.4400000000005
CMD00268,2024-01-07,Nina Müller,Mode,Chaussures,2,1254.36,0.15,Suisse,Web,5.09,3,2132.412
CMD00269,2024-01-03,Carlos Gomez,Jouets,Lego,3,1790.69,0.15,France,App,8.96,2,4566.259499999999
CMD00270,2024-03-27,Youssef El Amrani,Maison,Lampadaire,1,336.36,0.25,Italie,Web,1.22,4,252.27
CMD00271,2024-02-24,Léa Durand,Sport,Raquette,4,327.49,0.2,Maroc,Magasin,9.24,3,1047.968
CMD00272,2024-10-26,Nina Müller,Mode,Veste,4,1491.12,0.2,France,Magasin,11.85,3,4771.584
CMD00273,2024-02-28,Emma Rossi,Sport,Vélo,2,51.51,0.1,France,App,3.43,1,92.718
CMD00274,2024-07-25,Léa Durand,Jouets,Lego,3,172.24,0.1,Belgique,Magasin,10.2,5,465.04800000000006
CMD00275,2024-01-24,Youssef El Amrani,Mode,Sac à main,1,1682.5,0.0,Italie,Magasin,13.02,2,1682.5
CMD00276,2024-05-31,Lucie Martin,Sport,Raquette,4,1261.24,0.15,Espagne,Web,5.57,4,4288.216
CMD00277,2024-12-19,Ali Benali,Sport,Ballon,2,1735.39,0.0,Belgique,App,6.58,5,3470.78
CMD00278,2024-08-30,Ali Benali,Mode,Montre,4,1748.11,0.05,Espagne,Magasin,11.89,2,6642.817999999999
CMD00279,2024-01-18,Sarah Moreau,Sport,Ballon,3,574.87,0.2,France,App,3.16,5,1379.688
CMD00280,2024-08-27,Jean Dupont,Beauté,Crème visage,5,1468.89,0.1,France,Magasin,11.64,4,6610.005000000001
CMD00281,2024-11-20,Ali Benali,Maison,Ventilateur,2,482.71,0.25,Suisse,App,7.69,5,724.0649999999999
CMD00282,2024-03-24,Ali Benali,Électronique,Tablette,5,879.96,0.25,Espagne,App,13.06,1,3299.8500000000004
CMD00283,2024-01-28,Nina Müller,Électronique,Ordinateur portable,2,199.57,0.0,Espagne,App,5.87,1,399.14
CMD00284,2024-06-12,Emma Rossi,Beauté,Shampoing,2,1717.39,0.2,Espagne,App,4.88,4,2747.8240000000005
CMD00285,2024-04-27,Carlos Gomez,Beauté,Rouge à lèvres,5,481.69,0.3,France,Magasin,3.54,3,1685.9149999999997
CMD00286,2024-05-12,Emma Rossi,Maison,Machine à café,2,903.07,0.15,Italie,Web,12.43,1,1535.219
CMD00287,2024-10-10,Nina Müller,Jouets,Lego,4,1179.89,0.15,Belgique,Web,10.6,4,4011.626
CMD00288,2024-10-31,Léa Durand,Électronique,Smartphone,1,1215.02,0.3,Suisse,App,9.96,5,850.5139999999999
CMD00289,2024-09-07,Nina Müller,Maison,Lampadaire,1,1413.72,0.15,Allemagne,App,12.96,4,1201.662
CMD00290,2024-01-20,Carlos Gomez,Mode,Veste,5,78.03,0.25,Belgique,Magasin,0.86,5,292.61249999999995
CMD00291,2024-09-01,Léa Durand,Beauté,Sérum,2,88.29,0.3,Allemagne,App,3.37,5,123.606
CMD00292,2024-10-02,Jean Dupont,Beauté,Shampoing,3,639.15,0.0,France,App,8.77,4,1917.4499999999998
CMD00293,2024-08-04,Nina Müller,Maison,Lampadaire,5,965.0,0.1,Allemagne,Web,0.07,2,4342.5
CMD00294,2024-06-26,Youssef El Amrani,Électronique,Tablette,2,1946.46,0.3,France,App,6.82,3,2725.044
CMD00295,2024-11-03,Emma Rossi,Jouets,Jeu de société,4,1069.17,0.3,Allemagne,Magasin,0.45,5,2993.676
CMD00296,2024-05-08,Sarah Moreau,Mode,Veste,2,411.69,0.3,Maroc,App,2.44,5,576.366
CMD00297,2024-07-11,Ali Benali,Maison,Ventilateur,5,893.06,0.2,Allemagne,App,14.45,2,3572.24
CMD00298,2024-01-26,Carlos Gomez,Beauté,Rouge à lèvres,2,754.85,0.25,Allemagne,Web,7.46,1,1132.275
CMD00299,2024-01-01,Ali Benali,Maison,Lampadaire,1,70.47,0.0,Maroc,App,10.34,1,70.47
CMD00300,2024-12-26,Emma Rossi,Électronique,Smartphone,3,1882.34,0.25,Allemagne,App,5.91,5,4235.264999999999
CMD00301,2024-06-09,Jean Dupont,Sport,Ballon,2,703.66,0.05,Belgique,Web,14.99,1,1336.954
CMD00302,2024-06-07,Paolo Bianchi,Jouets,Peluche,1,1986.74,0.2,Suisse,Web,11.74,5,1589.392
CMD00303,2024-04-11,Nina Müller,Sport,Vélo,1,227.13,0.05,Allemagne,App,6.06,4,215.77349999999998
CMD00304,2024-12-30,Youssef El Amrani,Beauté,Rouge à lèvres,3,1617.61,0.05,France,App,13.17,3,4610.188499999999
CMD00305,2024-07-31,Ali Benali,Électronique,Casque audio,3,757.59,0.25,Italie,App,8.17,1,1704.5774999999999
CMD00306,2024-11-11,Emma Rossi,Jouets,Voiture téléguidée,1,739.26,0.3,Espagne,Web,8.45,3,517.482
CMD00307,2024-04-11,Paolo Bianchi,Électronique,Tablette,5,902.9,0.0,Suisse,App,8.19,3,4514.5
CMD00308,2024-09-21,Sarah Moreau,Maison,Ventilateur,2,1178.25,0.25,Allemagne,App,9.64,2,1767.375
CMD00309,2024-08-08,Paolo Bianchi,Maison,Aspirateur,3,1089.3,0.05,Allemagne,Web,7.19,5,3104.5049999999997
CMD00310,2024-10-26,Jean Dupont,Maison,Aspirateur,2,226.75,0.2,Espagne,Web,5.98,5,362.8
CMD00311,2024-12-29,Paolo Bianchi,Jouets,Lego,4,1219.73,0.3,Espagne,App,12.19,2,3415.2439999999997
CMD00312,2024-05-03,Ali Benali,Jouets,Jeu de société,3,1047.26,0.2,Espagne,Web,2.94,5,2513.424
CMD00313,2024-05-20,Jean Dupont,Jouets,Lego,1,1312.84,0.1,France,Web,0.9,5,1181.556
CMD00314,2024-02-21,Lucie Martin,Mode,Montre,3,211.83,0.2,Allemagne,Magasin,9.26,5,508.39200000000005
CMD00315,2024-06-06,Lucie Martin,Beauté,Crème visage,3,1859.92,0.15,Maroc,Web,8.09,2,4742.796
CMD00316,2024-12-15,Emma Rossi,Jouets,Jeu de société,2,805.81,0.2,Allemagne,App,6.2,1,1289.296
CMD00317,2024-06-07,Youssef El Amrani,Jouets,Puzzle,3,255.21,0.15,Italie,Magasin,2.72,5,650.7855
CMD00318,2024-09-19,Emma Rossi,Sport,Ballon,1,1138.95,0.05,Suisse,Web,13.77,4,1082.0025
CMD00319,2024-05-20,Ali Benali,Maison,Aspirateur,1,753.28,0.2,Espagne,Web,9.5,3,602.624
CMD00320,2024-04-30,Carlos Gomez,Mode,Sac à main,5,1769.57,0.0,Suisse,Web,11.91,2,8847.85
CMD00321,2024-03-08,Youssef El Amrani,Sport,Chaussures de sport,5,1812.72,0.0,Suisse,Web,3.55,5,9063.6
CMD00322,2024-12-10,Léa Durand,Sport,Ballon,2,1466.6,0.15,France,Magasin,6.36,2,2493.22
CMD00323,2024-03-09,Léa Durand,Électronique,Casque audio,2,1535.65,0.05,Maroc,App,6.78,2,2917.735
CMD00324,2024-05-29,Lucie Martin,Beauté,Rouge à lèvres,1,1476.38,0.05,Espagne,Web,7.09,5,1402.5610000000001
CMD00325,2024-05-17,Youssef El Amrani,Mode,Chaussures,5,1287.52,0.15,Suisse,App,3.09,3,5471.96
CMD00326,2024-09-14,Jean Dupont,Électronique,TV 4K,1,787.9,0.2,Italie,Magasin,0.88,1,630.32
CMD00327,2024-06-15,Jean Dupont,Sport,Chaussures de sport,3,1198.12,0.05,Belgique,Web,6.06,5,3414.6419999999994
CMD00328,2024-03-08,Nina Müller,Jouets,Voiture téléguidée,1,1387.95,0.3,Italie,App,5.12,3,971.5649999999999
CMD00329,2024-08-19,Youssef El Amrani,Beauté,Shampoing,2,681.08,0.3,France,Magasin,11.59,4,953.512
CMD00330,2024-03-10,Carlos Gomez,Mode,Montre,5,1789.44,0.1,Suisse,Web,6.02,1,8052.4800000000005
CMD00331,2024-01-05,Paolo Bianchi,Mode,Montre,1,1238.14,0.2,France,Web,7.79,2,990.5120000000002
CMD00332,2024-03-07,Léa Durand,Électronique,Casque audio,4,475.09,0.2,Maroc,Web,4.07,2,1520.288
CMD00333,2024-08-02,Sarah Moreau,Maison,Mixeur,4,655.42,0.1,Maroc,App,2.85,2,2359.5119999999997
CMD00334,2024-09-20,Ali Benali,Mode,Chaussures,4,1327.06,0.0,Espagne,Magasin,14.93,4,5308.24
CMD00335,2024-11-06,Carlos Gomez,Électronique,Casque audio,4,186.65,0.2,Maroc,Magasin,2.63,1,597.2800000000001
CMD00336,2024-05-24,Lucie Martin,Mode,Veste,2,202.39,0.0,France,Web,12.33,4,404.78
CMD00337,2024-10-05,Sarah Moreau,Électronique,TV 4K,4,1962.66,0.1,Maroc,Magasin,13.91,5,7065.576
CMD00338,2024-11-16,Nina Müller,Sport,Vélo,4,1948.59,0.25,Espagne,App,14.89,4,5845.7699999999995
CMD00339,2024-08-18,Nina Müller,Électronique,Casque audio,1,1346.4,0.15,Italie,Web,9.35,2,1144.44
CMD00340,2024-05-21,Jean Dupont,Électronique,Tablette,1,1220.89,0.15,Espagne,App,11.73,2,1037.7565
CMD00341,2024-12-06,Emma Rossi,Jouets,Jeu de société,4,613.23,0.05,Allemagne,Web,5.13,1,2330.274
CMD00342,2024-06-28,Lucie Martin,Maison,Aspirateur,2,1874.55,0.0,Allemagne,Magasin,7.65,3,3749.1
CMD00343,2024-05-22,Youssef El Amrani,Jouets,Puzzle,2,1205.18,0.3,Italie,Web,2.43,3,1687.252
CMD00344,2024-02-11,Nina Müller,Maison,Aspirateur,4,1704.34,0.05,Espagne,App,7.52,1,6476.491999999999
CMD00345,2024-12-01,Sarah Moreau,Maison,Lampadaire,2,1259.62,0.25,Suisse,App,13.17,3,1889.4299999999998
CMD00346,2024-12-12,Léa Durand,Mode,Sac à main,4,1639.28,0.3,Maroc,App,6.04,2,4589.9839999999995
CMD00347,2024-01-25,Jean Dupont,Mode,Montre,2,454.99,0.25,France,Magasin,14.63,2,682.485
CMD00348,2024-04-19,Youssef El Amrani,Électronique,Ordinateur portable,2,273.72,0.25,Espagne,Web,4.71,1,410.58000000000004
CMD00349,2024-05-20,Ali Benali,Beauté,Rouge à lèvres,5,641.89,0.1,Espagne,App,5.98,1,2888.505
CMD00350,2024-03-19,Emma Rossi,Beauté,Rouge à lèvres,5,252.31,0.2,Allemagne,Web,0.39,1,1009.24
CMD00351,2024-05-20,Emma Rossi,Beauté,Parfum,4,169.13,0.15,Suisse,App,14.49,4,575.0419999999999
CMD00352,2024-02-12,Léa Durand,Beauté,Shampoing,4,884.63,0.15,Espagne,Magasin,12.77,5,3007.7419999999997
CMD00353,2024-09-22,Emma Rossi,Mode,Chaussures,2,1303.9,0.1,Belgique,App,5.8,5,2347.0200000000004
CMD00354,2024-03-23,Léa Durand,Mode,Sac à main,1,125.75,0.1,France,App,11.31,1,113.175
CMD00355,2024-09-19,Léa Durand,Jouets,Lego,1,293.08,0.0,Italie,Web,11.74,3,293.08
CMD00356,2024-04-10,Jean Dupont,Mode,Chaussures,4,1239.92,0.15,Italie,Web,14.95,1,4215.728
CMD00357,2024-03-03,Youssef El Amrani,Mode,Montre,4,619.44,0.15,Belgique,Web,9.84,2,2106.096
CMD00358,2024-01-07,Ali Benali,Jouets,Jeu de société,5,1774.34,0.25,France,Web,9.81,3,6653.775
CMD00359,2024-03-26,Jean Dupont,Beauté,Parfum,3,834.12,0.25,Suisse,Magasin,2.65,5,1876.77
CMD00360,2024-09-02,Emma Rossi,Jouets,Lego,5,31.95,0.05,Suisse,Web,2.01,5,151.7625
CMD00361,2024-03-05,Sarah Moreau,Jouets,Peluche,5,1522.98,0.05,Maroc,App,2.85,5,7234.155
CMD00362,2024-12-03,Youssef El Amrani,Électronique,Ordinateur portable,5,34.12,0.05,Belgique,Web,9.44,5,162.07
CMD00363,2024-07-06,Carlos Gomez,Sport,Tapis de course,5,1919.56,0.15,Suisse,App,5.57,1,8158.129999999999
CMD00364,2024-10-08,Ali Benali,Jouets,Puzzle,3,914.21,0.15,Espagne,Magasin,3.99,5,2331.2355000000002
CMD00365,2024-08-20,Ali Benali,Maison,Ventilateur,4,1730.67,0.15,Belgique,App,9.78,3,5884.278
CMD00366,2024-04-22,Emma Rossi,Beauté,Sérum,5,795.01,0.25,Allemagne,Web,5.89,2,2981.2875000000004
CMD00367,2024-02-29,Lucie Martin,Électronique,Smartphone,1,213.28,0.0,Suisse,Web,14.14,2,213.28
CMD00368,2024-08-19,Paolo Bianchi,Électronique,Ordinateur portable,5,565.94,0.05,France,Web,0.58,4,2688.215
CMD00369,2024-08-01,Emma Rossi,Beauté,Crème visage,5,1652.01,0.3,Espagne,Web,9.89,3,5782.034999999999
CMD00370,2024-03-09,Jean Dupont,Jouets,Peluche,1,1231.73,0.15,Italie,App,6.76,5,1046.9705
CMD00371,2024-03-27,Youssef El Amrani,Jouets,Peluche,4,1029.32,0.2,France,Magasin,0.72,1,3293.824
CMD00372,2024-05-12,Carlos Gomez,Maison,Lampadaire,3,1321.48,0.1,Allemagne,App,1.07,1,3567.996
CMD00373,2024-05-18,Paolo Bianchi,Sport,Vélo,4,1477.64,0.05,Espagne,Web,6.93,4,5615.032
CMD00374,2024-09-17,Lucie Martin,Beauté,Rouge à lèvres,4,1551.56,0.3,Suisse,App,11.76,3,4344.3679999999995
CMD00375,2024-12-02,Sarah Moreau,Beauté,Rouge à lèvres,5,1324.0,0.05,France,Magasin,0.31,4,6289.0
CMD00376,2024-10-18,Paolo Bianchi,Maison,Aspirateur,1,1952.22,0.3,Suisse,App,3.09,1,1366.5539999999999
CMD00377,2024-09-22,Paolo Bianchi,Beauté,Crème visage,4,1551.52,0.0,Maroc,App,14.4,2,6206.08
CMD00378,2024-06-29,Ali Benali,Électronique,Ordinateur portable,5,259.21,0.1,Suisse,Web,14.7,5,1166.445
CMD00379,2024-07-01,Paolo Bianchi,Sport,Vélo,4,321.71,0.05,Italie,App,5.07,2,1222.4979999999998
CMD00380,2024-04-23,Sarah Moreau,Sport,Chaussures de sport,1,750.61,0.1,France,Magasin,8.25,2,675.549
CMD00381,2024-06-22,Carlos Gomez,Maison,Aspirateur,4,488.98,0.2,Suisse,App,10.14,3,1564.736
CMD00382,2024-09-24,Ali Benali,Beauté,Rouge à lèvres,1,1295.16,0.1,Espagne,Magasin,10.07,1,1165.644
CMD00383,2024-05-05,Léa Durand,Maison,Lampadaire,1,1092.59,0.2,Italie,Magasin,11.33,5,874.072
CMD00384,2024-01-22,Paolo Bianchi,Mode,Jean,4,117.18,0.25,Espagne,Magasin,11.3,1,351.54
CMD00385,2024-10-09,Ali Benali,Électronique,TV 4K,4,95.92,0.05,Maroc,Web,1.62,5,364.496
CMD00386,2024-10-04,Youssef El Amrani,Mode,Montre,2,434.89,0.1,Allemagne,App,2.26,4,782.802
CMD00387,2024-01-23,Carlos Gomez,Mode,Sac à main,3,1518.79,0.0,Italie,Magasin,7.63,3,4556.37
CMD00388,2024-04-20,Jean Dupont,Beauté,Parfum,5,196.58,0.15,Italie,Magasin,9.54,5,835.465
CMD00389,2024-04-13,Sarah Moreau,Maison,Lampadaire,2,1120.5,0.0,Maroc,App,11.13,3,2241.0
CMD00390,2024-01-10,Youssef El Amrani,Maison,Machine à café,3,808.97,0.05,France,Web,9.86,1,2305.5645
CMD00391,2024-04-21,Carlos Gomez,Beauté,Parfum,5,1468.81,0.3,Maroc,Web,9.22,2,5140.834999999999
CMD00392,2024-11-09,Lucie Martin,Mode,Veste,5,1082.0,0.15,France,Magasin,0.08,2,4598.5
CMD00393,2024-01-20,Nina Müller,Sport,Vélo,4,1494.01,0.25,France,Web,11.24,5,4482.03
CMD00394,2024-04-10,Nina Müller,Maison,Mixeur,3,1514.97,0.3,Espagne,App,4.58,3,3181.437
CMD00395,2024-01-24,Paolo Bianchi,Maison,Aspirateur,2,742.94,0.2,Suisse,App,9.65,2,1188.7040000000002
CMD00396,2024-07-20,Ali Benali,Électronique,Casque audio,3,284.27,0.25,Espagne,Web,6.19,5,639.6075
CMD00397,2024-08-08,Léa Durand,Mode,Chaussures,4,370.83,0.2,Belgique,Web,1.39,4,1186.656
CMD00398,2024-09-10,Youssef El Amrani,Maison,Ventilateur,3,139.06,0.05,France,Web,8.42,4,396.32099999999997
CMD00399,2024-10-31,Léa Durand,Mode,Sac à main,2,1202.74,0.1,Belgique,App,4.05,4,2164.9320000000002
CMD00400,2024-04-26,Carlos Gomez,Jouets,Puzzle,3,126.52,0.2,Suisse,Magasin,11.19,2,303.648
CMD00401,2024-07-01,Carlos Gomez,Jouets,Voiture téléguidée,4,1039.37,0.2,Suisse,Magasin,2.21,1,3325.984
CMD00402,2024-09-07,Jean Dupont,Jouets,Peluche,1,186.31,0.15,Maroc,App,0.94,4,158.3635
CMD00403,2024-07-16,Carlos Gomez,Jouets,Lego,3,1469.9,0.25,Espagne,App,9.64,1,3307.2750000000005
CMD00404,2024-03-15,Emma Rossi,Mode,Jean,4,997.37,0.3,Suisse,App,1.78,4,2792.636
CMD00405,2024-05-17,Ali Benali,Jouets,Lego,1,1901.12,0.2,Maroc,App,2.77,5,1520.896
CMD00406,2024-07-16,Youssef El Amrani,Sport,Tapis de course,2,338.94,0.1,Maroc,Web,0.36,5,610.092
CMD00407,2024-02-04,Carlos Gomez,Sport,Chaussures de sport,1,1859.94,0.1,Italie,App,14.11,2,1673.9460000000001
CMD00408,2024-02-18,Sarah Moreau,Électronique,TV 4K,2,1746.73,0.2,Allemagne,App,6.93,4,2794.768
CMD00409,2024-09-16,Paolo Bianchi,Électronique,TV 4K,5,921.79,0.2,Espagne,Web,10.59,2,3687.16
CMD00410,2024-06-30,Ali Benali,Sport,Vélo,2,1819.69,0.0,France,Web,0.11,1,3639.38
CMD00411,2024-02-05,Youssef El Amrani,Maison,Machine à café,4,271.39,0.0,Maroc,Web,11.27,1,1085.56
CMD00412,2024-06-11,Sarah Moreau,Beauté,Sérum,5,147.23,0.15,Espagne,App,0.67,4,625.7275
CMD00413,2024-08-04,Carlos Gomez,Électronique,Tablette,4,1576.38,0.05,France,Magasin,4.08,2,5990.244
CMD00414,2024-03-24,Youssef El Amrani,Sport,Chaussures de sport,5,543.6,0.0,Suisse,Magasin,7.31,3,2718.0
CMD00415,2024-01-07,Léa Durand,Mode,Montre,2,1813.81,0.0,Belgique,Web,5.19,2,3627.62
CMD00416,2024-06-02,Lucie Martin,Beauté,Rouge à lèvres,2,1467.57,0.1,Maroc,App,14.45,5,2641.6259999999997
CMD00417,2024-01-21,Ali Benali,Mode,Montre,4,1577.55,0.25,Maroc,Magasin,10.96,2,4732.65
CMD00418,2024-12-10,Youssef El Amrani,Jouets,Voiture téléguidée,2,298.48,0.3,Espagne,App,2.97,1,417.872
CMD00419,2024-06-26,Léa Durand,Beauté,Crème visage,5,1220.97,0.0,Espagne,Web,2.75,1,6104.85
CMD00420,2024-03-21,Ali Benali,Maison,Ventilateur,5,458.38,0.05,Belgique,Magasin,1.33,1,2177.305
CMD00421,2024-03-26,Youssef El Amrani,Électronique,Smartphone,5,462.54,0.15,Belgique,Web,10.84,1,1965.795
CMD00422,2024-03-05,Ali Benali,Sport,Ballon,1,1091.64,0.25,France,Magasin,3.39,2,818.73
CMD00423,2024-03-06,Paolo Bianchi,Mode,Chaussures,2,339.89,0.05,Espagne,App,9.96,1,645.7909999999999
CMD00424,2024-12-09,Carlos Gomez,Maison,Ventilateur,2,929.97,0.1,Italie,Magasin,9.76,4,1673.9460000000001
CMD00425,2024-02-01,Emma Rossi,Sport,Raquette,4,718.39,0.1,Espagne,App,0.78,1,2586.204
CMD00426,2024-08-01,Léa Durand,Sport,Raquette,5,337.77,0.3,Espagne,Magasin,11.38,4,1182.195
CMD00427,2024-06-16,Jean Dupont,Maison,Ventilateur,5,1322.66,0.15,Belgique,Magasin,13.06,3,5621.305
CMD00428,2024-09-04,Paolo Bianchi,Électronique,TV 4K,2,1503.95,0.0,France,Web,0.41,1,3007.9
CMD00429,2024-09-18,Jean Dupont,Maison,Ventilateur,3,1819.35,0.0,Belgique,Web,5.86,3,5458.049999999999
CMD00430,2024-07-15,Léa Durand,Mode,Veste,4,908.88,0.1,Suisse,Magasin,5.71,3,3271.968
CMD00431,2024-10-23,Carlos Gomez,Maison,Lampadaire,3,399.26,0.15,Espagne,Web,7.85,4,1018.1129999999999
CMD00432,2024-02-11,Emma Rossi,Sport,Chaussures de sport,4,560.12,0.3,Italie,Web,9.64,2,1568.336
CMD00433,2024-12-30,Ali Benali,Sport,Tapis de course,4,1394.84,0.15,Belgique,App,2.49,3,4742.455999999999
CMD00434,2024-08-07,Sarah Moreau,Beauté,Rouge à lèvres,3,1795.4,0.1,Suisse,App,14.75,1,4847.580000000001
CMD00435,2024-04-10,Lucie Martin,Sport,Chaussures de sport,1,76.43,0.2,Belgique,App,10.99,3,61.144000000000005
CMD00436,2024-01-12,Lucie Martin,Électronique,Ordinateur portable,4,1599.2,0.25,Belgique,App,1.25,1,4797.6
CMD00437,2024-01-21,Léa Durand,Électronique,Tablette,3,1015.36,0.0,Suisse,Magasin,6.27,5,3046.08
CMD00438,2024-09-03,Jean Dupont,Jouets,Lego,5,652.79,0.15,France,Web,13.23,3,2774.3574999999996
CMD00439,2024-06-02,Sarah Moreau,Électronique,Tablette,3,1376.85,0.1,Italie,App,7.91,1,3717.4949999999994
CMD00440,2024-05-13,Emma Rossi,Mode,Veste,5,1947.18,0.15,Espagne,Web,12.87,4,8275.515
CMD00441,2024-12-29,Carlos Gomez,Maison,Aspirateur,3,1521.57,0.0,Maroc,App,7.07,4,4564.71
CMD00442,2024-10-12,Paolo Bianchi,Maison,Mixeur,1,722.02,0.05,Suisse,Magasin,12.29,4,685.919
CMD00443,2024-06-11,Sarah Moreau,Beauté,Shampoing,2,496.24,0.15,Suisse,Magasin,12.39,1,843.608
CMD00444,2024-03-15,Ali Benali,Sport,Tapis de course,4,1811.67,0.1,Allemagne,App,6.76,2,6522.012000000001
CMD00445,2024-05-18,Léa Durand,Jouets,Lego,1,876.66,0.25,Italie,Web,11.07,4,657.495
CMD00446,2024-03-06,Ali Benali,Jouets,Peluche,3,1271.94,0.15,Espagne,Web,11.09,2,3243.447
CMD00447,2024-05-27,Carlos Gomez,Électronique,TV 4K,3,1375.79,0.15,Espagne,App,10.23,1,3508.2644999999998
CMD00448,2024-01-04,Carlos Gomez,Beauté,Rouge à lèvres,4,1983.57,0.3,Suisse,Web,4.19,3,5553.995999999999
CMD00449,2024-08-14,Léa Durand,Jouets,Jeu de société,2,1030.18,0.25,Maroc,App,5.41,5,1545.27
CMD00450,2024-02-08,Paolo Bianchi,Beauté,Sérum,1,614.85,0.25,Maroc,Magasin,11.39,4,461.13750000000005
CMD00451,2024-08-12,Emma Rossi,Électronique,Casque audio,1,1579.01,0.2,Espagne,Magasin,13.48,3,1263.208
CMD00452,2024-11-23,Youssef El Amrani,Sport,Ballon,3,10.37,0.1,Suisse,Magasin,1.66,4,27.999
CMD00453,2024-10-07,Carlos Gomez,Sport,Ballon,3,831.39,0.3,Belgique,Web,1.66,4,1745.9189999999999
CMD00454,2024-04-19,Emma Rossi,Sport,Raquette,2,1932.82,0.25,France,Web,12.88,3,2899.23
CMD00455,2024-06-21,Carlos Gomez,Électronique,Smartphone,3,1653.82,0.1,Belgique,App,12.07,4,4465.314
CMD00456,2024-04-29,Youssef El Amrani,Beauté,Crème visage,1,616.45,0.3,Espagne,Web,7.99,3,431.515
CMD00457,2024-11-03,Emma Rossi,Jouets,Jeu de société,5,1085.99,0.0,Espagne,Web,3.63,1,5429.95
CMD00458,2024-11-29,Sarah Moreau,Jouets,Peluche,1,1650.82,0.2,France,Web,4.46,3,1320.656
CMD00459,2024-12-26,Youssef El Amrani,Sport,Chaussures de sport,1,105.8,0.15,Italie,App,13.16,2,89.92999999999999
CMD00460,2024-03-02,Youssef El Amrani,Électronique,Smartphone,5,1190.51,0.0,France,Magasin,14.84,5,5952.55
CMD00461,2024-09-11,Léa Durand,Mode,Chaussures,1,577.73,0.15,Belgique,App,8.74,2,491.0705
CMD00462,2024-07-19,Youssef El Amrani,Électronique,Tablette,5,136.65,0.15,Italie,Magasin,3.3,4,580.7624999999999
CMD00463,2024-01-08,Jean Dupont,Électronique,Casque audio,5,74.96,0.1,France,App,12.44,1,337.32
CMD00464,2024-05-26,Ali Benali,Électronique,TV 4K,5,1391.96,0.15,France,Magasin,13.66,1,5915.83
CMD00465,2024-02-07,Ali Benali,Mode,Sac à main,2,338.0,0.25,Belgique,Magasin,9.11,3,507.0
CMD00466,2024-01-28,Carlos Gomez,Mode,Veste,4,1579.72,0.1,Maroc,Web,3.56,4,5686.992
CMD00467,2024-07-12,Carlos Gomez,Mode,Jean,4,775.18,0.2,Belgique,App,14.56,4,2480.576
CMD00468,2024-07-28,Nina Müller,Maison,Ventilateur,2,951.07,0.0,Allemagne,Magasin,7.59,1,1902.14
CMD00469,2024-12-27,Ali Benali,Maison,Machine à café,1,89.13,0.25,Allemagne,Magasin,0.68,3,66.8475
CMD00470,2024-08-24,Nina Müller,Sport,Vélo,1,906.43,0.2,France,Web,7.23,3,725.144
CMD00471,2024-10-28,Emma Rossi,Maison,Machine à café,4,421.92,0.2,Maroc,Magasin,8.06,1,1350.1440000000002
CMD00472,2024-03-30,Ali Benali,Électronique,Ordinateur portable,1,445.95,0.1,Belgique,Magasin,12.66,1,401.355
CMD00473,2024-09-21,Emma Rossi,Mode,Chaussures,5,882.69,0.25,Belgique,Web,5.95,1,3310.0875000000005
CMD00474,2024-02-28,Sarah Moreau,Jouets,Peluche,5,576.28,0.0,Suisse,Magasin,1.71,3,2881.3999999999996
CMD00475,2024-11-28,Paolo Bianchi,Jouets,Lego,1,69.04,0.1,Italie,App,0.67,3,62.13600000000001
CMD00476,2024-04-18,Nina Müller,Jouets,Jeu de société,5,795.21,0.15,Belgique,Magasin,10.95,5,3379.6425
CMD00477,2024-09-06,Ali Benali,Beauté,Parfum,4,1352.47,0.0,Belgique,Web,12.36,4,5409.88
CMD00478,2024-08-02,Paolo Bianchi,Sport,Ballon,5,13.11,0.1,Maroc,App,0.03,5,58.995
CMD00479,2024-06-09,Sarah Moreau,Maison,Machine à café,1,1211.55,0.05,Allemagne,App,3.85,4,1150.9724999999999
CMD00480,2024-04-22,Paolo Bianchi,Mode,Montre,4,744.42,0.1,Suisse,App,8.94,4,2679.912
CMD00481,2024-10-11,Ali Benali,Maison,Lampadaire,1,814.44,0.1,Italie,App,5.32,2,732.9960000000001
CMD00482,2024-07-28,Léa Durand,Électronique,Tablette,1,1296.44,0.1,Italie,App,8.9,2,1166.796
CMD00483,2024-03-24,Ali Benali,Sport,Ballon,3,1827.44,0.0,Allemagne,Web,2.31,3,5482.32
CMD00484,2024-03-21,Jean Dupont,Sport,Tapis de course,3,1484.55,0.2,Suisse,Web,1.0,2,3562.92
CMD00485,2024-12-22,Nina Müller,Mode,Montre,1,849.85,0.1,Maroc,Web,6.73,5,764.865
CMD00486,2024-10-20,Emma Rossi,Électronique,Casque audio,5,1617.97,0.3,Allemagne,Web,5.15,1,5662.8949999999995
CMD00487,2024-03-13,Youssef El Amrani,Mode,Jean,4,780.91,0.1,Allemagne,App,6.45,3,2811.276
CMD00488,2024-10-14,Emma Rossi,Jouets,Jeu de société,5,1724.87,0.25,Italie,App,6.7,2,6468.262499999999
CMD00489,2024-02-17,Paolo Bianchi,Mode,Sac à main,3,905.75,0.15,Italie,Magasin,13.75,3,2309.6625
CMD00490,2024-06-15,Lucie Martin,Mode,Jean,2,746.4,0.25,Belgique,App,10.58,1,1119.6
CMD00491,2024-02-25,Jean Dupont,Beauté,Rouge à lèvres,2,342.05,0.2,Espagne,Web,9.69,5,547.2800000000001
CMD00492,2024-05-05,Youssef El Amrani,Beauté,Crème visage,1,698.3,0.15,Suisse,App,5.1,2,593.555
CMD00493,2024-06-24,Nina Müller,Électronique,Ordinateur portable,3,629.32,0.25,Belgique,Magasin,12.71,2,1415.97
CMD00494,2024-04-22,Paolo Bianchi,Mode,Chaussures,4,1164.64,0.25,Italie,Web,6.81,4,3493.92
CMD00495,2024-03-07,Emma Rossi,Beauté,Shampoing,5,1944.33,0.25,Italie,Web,0.41,3,7291.237499999999
CMD00496,2024-08-21,Jean Dupont,Maison,Machine à café,3,280.22,0.05,Suisse,Web,0.58,3,798.6270000000001
CMD00497,2024-01-30,Paolo Bianchi,Beauté,Crème visage,3,56.47,0.1,Italie,App,2.21,5,152.469
CMD00498,2024-12-22,Ali Benali,Mode,Montre,2,1801.17,0.2,Italie,Web,5.56,4,2881.8720000000003
CMD00499,2024-10-11,Nina Müller,Beauté,Rouge à lèvres,3,1777.92,0.15,Allemagne,Web,14.92,1,4533.696
CMD00500,2024-08-11,Youssef El Amrani,Électronique,Ordinateur portable,5,1217.69,0.25,Maroc,Web,5.84,5,4566.337500000001
CMD00501,2024-12-30,Emma Rossi,Mode,Sac à main,4,1960.42,0.0,Italie,App,8.31,2,7841.68
CMD00502,2024-04-18,Jean Dupont,Maison,Mixeur,5,1668.96,0.1,Allemagne,Magasin,5.34,2,7510.32
CMD00503,2024-01-21,Sarah Moreau,Jouets,Puzzle,3,362.57,0.2,Suisse,Magasin,5.14,4,870.1680000000001
CMD00504,2024-10-06,Carlos Gomez,Maison,Lampadaire,4,1663.07,0.15,Belgique,Magasin,5.21,4,5654.437999999999
CMD00505,2024-09-29,Léa Durand,Beauté,Crème visage,5,893.65,0.3,Belgique,Web,12.25,4,3127.7749999999996
CMD00506,2024-10-01,Sarah Moreau,Beauté,Sérum,3,1761.83,0.25,Espagne,App,8.54,2,3964.1175
CMD00507,2024-06-12,Nina Müller,Électronique,Ordinateur portable,5,1464.33,0.15,Suisse,App,12.79,5,6223.402499999999
CMD00508,2024-11-05,Paolo Bianchi,Beauté,Parfum,3,273.42,0.1,Maroc,Web,13.64,3,738.234
CMD00509,2024-01-05,Youssef El Amrani,Électronique,TV 4K,5,922.35,0.25,Espagne,Magasin,1.96,3,3458.8125
CMD00510,2024-03-10,Youssef El Amrani,Maison,Aspirateur,1,1364.7,0.0,Belgique,Web,13.16,4,1364.7
CMD00511,2024-11-03,Ali Benali,Mode,Montre,1,1898.73,0.05,Suisse,Magasin,14.71,4,1803.7935
CMD00512,2024-07-21,Paolo Bianchi,Maison,Aspirateur,2,987.92,0.1,Suisse,Magasin,3.05,3,1778.2559999999999
CMD00513,2024-03-22,Lucie Martin,Beauté,Sérum,1,730.91,0.0,Suisse,Magasin,12.98,3,730.91
CMD00514,2024-06-11,Léa Durand,Sport,Chaussures de sport,4,1656.76,0.3,Belgique,Magasin,8.87,5,4638.928
CMD00515,2024-08-12,Nina Müller,Maison,Ventilateur,1,128.35,0.2,Belgique,Web,6.59,1,102.68
CMD00516,2024-07-07,Jean Dupont,Jouets,Peluche,3,630.68,0.1,Maroc,App,6.72,5,1702.836
CMD00517,2024-02-23,Emma Rossi,Beauté,Parfum,2,958.92,0.2,Maroc,Magasin,0.46,3,1534.272
CMD00518,2024-07-12,Youssef El Amrani,Jouets,Jeu de société,2,277.53,0.25,Allemagne,App,9.67,4,416.29499999999996
CMD00519,2024-01-19,Youssef El Amrani,Maison,Aspirateur,1,564.73,0.25,Suisse,App,14.36,3,423.5475
CMD00520,2024-03-05,Jean Dupont,Mode,Jean,2,1356.87,0.0,Espagne,App,1.35,3,2713.74
CMD00521,2024-08-19,Sarah Moreau,Jouets,Puzzle,4,1669.95,0.0,France,Magasin,1.04,5,6679.8
CMD00522,2024-02-04,Nina Müller,Beauté,Parfum,5,1645.63,0.0,Allemagne,Web,11.49,4,8228.150000000001
CMD00523,2024-12-23,Sarah Moreau,Sport,Tapis de course,2,217.76,0.3,Espagne,App,7.31,4,304.864
CMD00524,2024-06-21,Sarah Moreau,Sport,Vélo,3,704.15,0.1,Belgique,App,9.48,5,1901.205
CMD00525,2024-05-24,Ali Benali,Électronique,Tablette,2,22.12,0.1,France,Web,7.84,2,39.816
CMD00526,2024-01-13,Paolo Bianchi,Jouets,Puzzle,2,1591.09,0.25,Espagne,Web,0.75,2,2386.6349999999998
CMD00527,2024-04-27,Jean Dupont,Beauté,Rouge à lèvres,4,1728.17,0.1,Maroc,Magasin,12.05,3,6221.412
CMD00528,2024-06-06,Jean Dupont,Jouets,Peluche,5,1170.68,0.3,Allemagne,App,3.39,1,4097.38
CMD00529,2024-10-07,Youssef El Amrani,Mode,Chaussures,5,77.0,0.1,Belgique,App,5.37,1,346.5
CMD00530,2024-02-23,Jean Dupont,Sport,Ballon,1,1442.38,0.25,Belgique,App,6.81,4,1081.785
CMD00531,2024-02-22,Sarah Moreau,Mode,Montre,4,1277.81,0.05,Allemagne,Web,3.63,4,4855.678
CMD00532,2024-04-28,Youssef El Amrani,Maison,Aspirateur,4,294.32,0.3,Italie,Magasin,10.81,4,824.0959999999999
CMD00533,2024-07-22,Nina Müller,Beauté,Shampoing,2,276.32,0.05,Espagne,Magasin,10.83,1,525.0079999999999
CMD00534,2024-06-02,Nina Müller,Beauté,Parfum,1,642.0,0.3,Belgique,App,2.84,5,449.4
CMD00535,2024-09-20,Emma Rossi,Sport,Tapis de course,2,559.58,0.25,Italie,App,13.44,2,839.3700000000001
CMD00536,2024-06-04,Emma Rossi,Maison,Lampadaire,1,687.34,0.15,Maroc,Web,11.11,5,584.239
CMD00537,2024-06-10,Lucie Martin,Maison,Ventilateur,3,1655.16,0.1,Italie,Magasin,4.06,3,4468.932000000001
CMD00538,2024-03-23,Sarah Moreau,Mode,Jean,4,1147.9,0.05,France,App,13.38,5,4362.02
CMD00539,2024-07-04,Ali Benali,Jouets,Lego,1,760.85,0.15,Maroc,Magasin,10.13,1,646.7225
CMD00540,2024-06-23,Carlos Gomez,Électronique,Casque audio,2,1133.61,0.15,Suisse,Web,9.49,2,1927.1369999999997
CMD00541,2024-01-11,Lucie Martin,Beauté,Shampoing,5,1428.96,0.2,Espagne,App,2.74,4,5715.84
CMD00542,2024-12-05,Carlos Gomez,Beauté,Shampoing,1,1355.46,0.0,Suisse,Magasin,4.47,5,1355.46
CMD00543,2024-10-30,Lucie Martin,Beauté,Sérum,3,1272.34,0.2,Maroc,Web,0.72,5,3053.616
CMD00544,2024-09-12,Paolo Bianchi,Mode,Chaussures,4,1732.98,0.1,Espagne,App,6.87,2,6238.728
CMD00545,2024-07-28,Jean Dupont,Jouets,Peluche,3,745.93,0.15,Belgique,App,12.88,5,1902.1215
CMD00546,2024-11-24,Paolo Bianchi,Mode,Montre,5,1646.14,0.3,Suisse,Magasin,10.79,1,5761.49
CMD00547,2024-12-08,Emma Rossi,Beauté,Parfum,3,1463.69,0.25,Espagne,Magasin,3.24,5,3293.3025
CMD00548,2024-09-30,Jean Dupont,Beauté,Crème visage,5,81.52,0.0,Suisse,Web,2.05,4,407.59999999999997
CMD00549,2024-11-05,Jean Dupont,Mode,Chaussures,3,638.1,0.15,Italie,App,0.78,4,1627.1550000000002
CMD00550,2024-11-08,Sarah Moreau,Beauté,Sérum,1,1781.53,0.15,France,Magasin,0.65,5,1514.3004999999998
CMD00551,2024-03-14,Emma Rossi,Sport,Raquette,1,231.91,0.05,France,Web,8.16,5,220.31449999999998
CMD00552,2024-05-17,Léa Durand,Électronique,Casque audio,5,764.4,0.05,Espagne,Web,0.29,4,3630.8999999999996
CMD00553,2024-06-30,Carlos Gomez,Sport,Tapis de course,3,990.8,0.3,Belgique,Magasin,4.95,4,2080.68
CMD00554,2024-07-06,Lucie Martin,Beauté,Parfum,4,29.75,0.1,France,Magasin,13.16,2,107.10000000000001
CMD00555,2024-04-13,Paolo Bianchi,Maison,Aspirateur,2,1358.31,0.15,Maroc,Web,6.82,1,2309.127
CMD00556,2024-07-05,Sarah Moreau,Mode,Jean,4,1952.27,0.1,Allemagne,App,8.63,2,7028.1720000000005
CMD00557,2024-06-01,Ali Benali,Électronique,Smartphone,1,249.21,0.25,France,Web,6.53,5,186.9075
CMD00558,2024-01-16,Léa Durand,Beauté,Rouge à lèvres,1,1480.66,0.3,Allemagne,Web,5.22,4,1036.462
CMD00559,2024-06-08,Jean Dupont,Maison,Mixeur,3,1329.38,0.2,Belgique,Web,14.61,3,3190.5120000000006
CMD00560,2024-08-01,Emma Rossi,Électronique,Ordinateur portable,3,1661.23,0.3,Espagne,Web,11.71,5,3488.583
CMD00561,2024-04-07,Léa Durand,Électronique,Ordinateur portable,3,612.8,0.1,Suisse,App,10.65,5,1654.56
CMD00562,2024-08-05,Sarah Moreau,Mode,Veste,2,973.31,0.3,Suisse,Web,0.9,4,1362.6339999999998
CMD00563,2024-11-26,Carlos Gomez,Beauté,Rouge à lèvres,4,1916.0,0.0,Espagne,App,3.59,4,7664.0
CMD00564,2024-07-17,Sarah Moreau,Beauté,Shampoing,4,1556.09,0.0,Allemagne,Web,3.38,4,6224.36
CMD00565,2024-12-04,Carlos Gomez,Mode,Jean,2,1793.19,0.0,Maroc,Web,11.72,5,3586.38
CMD00566,2024-11-16,Sarah Moreau,Électronique,TV 4K,3,1963.49,0.15,France,App,5.82,4,5006.8995
CMD00567,2024-02-26,Paolo Bianchi,Jouets,Voiture téléguidée,1,1895.32,0.25,Maroc,App,4.36,4,1421.49
CMD00568,2024-03-24,Jean Dupont,Maison,Mixeur,1,1383.1,0.05,Espagne,Web,2.21,5,1313.945
CMD00569,2024-08-13,Jean Dupont,Mode,Sac à main,4,468.2,0.25,Suisse,App,6.23,3,1404.6
CMD00570,2024-03-18,Emma Rossi,Beauté,Parfum,5,1898.65,0.25,Allemagne,Magasin,1.14,2,7119.9375
CMD00571,2024-01-08,Ali Benali,Maison,Ventilateur,2,368.81,0.3,Italie,Web,0.66,5,516.334
CMD00572,2024-11-28,Carlos Gomez,Beauté,Parfum,4,1796.37,0.15,Italie,Web,12.65,3,6107.657999999999
CMD00573,2024-09-28,Youssef El Amrani,Beauté,Sérum,2,1709.03,0.15,Belgique,Web,9.89,1,2905.3509999999997
CMD00574,2024-11-27,Emma Rossi,Maison,Ventilateur,4,1903.35,0.1,France,Web,14.72,1,6852.0599999999995
CMD00575,2024-06-02,Emma Rossi,Électronique,Ordinateur portable,3,923.34,0.05,France,Magasin,8.9,2,2631.519
CMD00576,2024-09-29,Sarah Moreau,Beauté,Shampoing,4,1660.49,0.2,Italie,Web,13.62,2,5313.568
CMD00577,2024-12-27,Lucie Martin,Jouets,Jeu de société,3,796.46,0.05,Suisse,Magasin,14.51,5,2269.911
CMD00578,2024-07-05,Léa Durand,Beauté,Crème visage,4,502.21,0.0,Maroc,App,6.87,1,2008.84
CMD00579,2024-05-16,Emma Rossi,Électronique,Casque audio,4,1134.52,0.25,Suisse,Web,12.83,4,3403.56
CMD00580,2024-09-11,Nina Müller,Beauté,Crème visage,5,27.99,0.2,Maroc,Magasin,5.65,4,111.96
CMD00581,2024-02-24,Léa Durand,Jouets,Lego,3,101.65,0.05,Allemagne,App,4.83,2,289.70250000000004
CMD00582,2024-12-29,Léa Durand,Électronique,Tablette,3,515.1,0.1,Suisse,Magasin,0.44,3,1390.7700000000002
CMD00583,2024-02-03,Sarah Moreau,Sport,Tapis de course,5,10.88,0.15,Italie,Magasin,4.33,3,46.24
CMD00584,2024-11-18,Sarah Moreau,Sport,Ballon,3,994.4,0.0,Maroc,App,11.42,1,2983.2
CMD00585,2024-12-24,Nina Müller,Jouets,Peluche,4,190.54,0.25,Maroc,App,13.78,1,571.62
CMD00586,2024-12-14,Lucie Martin,Mode,Sac à main,3,558.34,0.0,Allemagne,Magasin,11.81,4,1675.02
CMD00587,2024-09-13,Léa Durand,Maison,Lampadaire,4,1151.94,0.05,Maroc,Magasin,9.85,2,4377.372
CMD00588,2024-11-10,Ali Benali,Électronique,Ordinateur portable,2,1755.94,0.15,Maroc,Web,1.53,2,2985.098
CMD00589,2024-10-04,Nina Müller,Maison,Machine à café,3,1506.03,0.2,Belgique,App,0.54,1,3614.472
CMD00590,2024-09-12,Youssef El Amrani,Sport,Ballon,2,1362.3,0.0,France,App,14.26,5,2724.6
CMD00591,2024-04-18,Youssef El Amrani,Jouets,Peluche,3,1131.02,0.2,Italie,Web,7.75,2,2714.4480000000003
CMD00592,2024-05-11,Youssef El Amrani,Électronique,Ordinateur portable,4,865.9,0.3,Allemagne,Magasin,14.2,5,2424.52
CMD00593,2024-02-10,Emma Rossi,Beauté,Shampoing,2,1778.89,0.05,Espagne,Magasin,3.07,5,3379.891
CMD00594,2024-11-19,Paolo Bianchi,Beauté,Shampoing,3,1191.67,0.25,Maroc,Magasin,3.11,1,2681.2575
CMD00595,2024-02-09,Emma Rossi,Sport,Chaussures de sport,2,1882.16,0.2,Suisse,Web,6.9,3,3011.456
CMD00596,2024-01-04,Youssef El Amrani,Électronique,TV 4K,5,1456.23,0.2,Italie,Magasin,11.57,2,5824.92
CMD00597,2024-10-05,Léa Durand,Mode,Montre,3,1036.16,0.0,Espagne,App,8.09,4,3108.4800000000005
CMD00598,2024-11-08,Lucie Martin,Maison,Aspirateur,5,84.77,0.25,Suisse,App,8.2,1,317.8875
CMD00599,2024-05-17,Sarah Moreau,Mode,Montre,5,838.97,0.25,France,Web,5.43,1,3146.1375000000003
CMD00600,2024-11-27,Léa Durand,Sport,Raquette,5,614.85,0.1,Belgique,Web,13.24,4,2766.8250000000003
CMD00601,2024-12-08,Lucie Martin,Maison,Aspirateur,3,1329.46,0.3,France,Magasin,6.24,5,2791.866
CMD00602,2024-07-24,Lucie Martin,Sport,Raquette,2,612.83,0.25,Suisse,App,12.27,3,919.2450000000001
CMD00603,2024-02-08,Ali Benali,Beauté,Shampoing,1,748.17,0.1,Espagne,Web,14.99,4,673.353
CMD00604,2024-07-20,Jean Dupont,Maison,Mixeur,5,1089.52,0.0,Suisse,Web,5.71,2,5447.6
CMD00605,2024-01-10,Léa Durand,Mode,Montre,3,545.35,0.25,Italie,App,8.76,3,1227.0375000000001
CMD00606,2024-12-22,Léa Durand,Sport,Chaussures de sport,1,729.8,0.15,France,App,9.48,3,620.3299999999999
CMD00607,2024-03-28,Paolo Bianchi,Sport,Chaussures de sport,1,1032.57,0.0,Belgique,Web,2.58,1,1032.57
CMD00608,2024-06-15,Sarah Moreau,Jouets,Puzzle,2,1397.45,0.3,Espagne,Magasin,6.93,1,1956.4299999999998
CMD00609,2024-03-13,Nina Müller,Beauté,Crème visage,5,1724.76,0.0,Allemagne,Magasin,0.46,1,8623.8
CMD00610,2024-12-02,Carlos Gomez,Maison,Mixeur,5,434.65,0.15,Italie,Web,14.68,3,1847.2625
CMD00611,2024-12-02,Carlos Gomez,Électronique,Smartphone,1,1456.84,0.3,Maroc,App,6.53,1,1019.7879999999999
CMD00612,2024-12-04,Nina Müller,Maison,Mixeur,3,970.18,0.15,Belgique,Web,11.79,4,2473.959
CMD00613,2024-07-07,Sarah Moreau,Sport,Vélo,3,1679.6,0.25,France,Web,10.56,2,3779.0999999999995
CMD00614,2024-06-16,Léa Durand,Beauté,Rouge à lèvres,4,1122.37,0.2,Suisse,Magasin,12.26,1,3591.584
CMD00615,2024-08-27,Sarah Moreau,Mode,Veste,3,864.9,0.2,Allemagne,Web,10.78,5,2075.7599999999998
CMD00616,2024-05-27,Léa Durand,Beauté,Parfum,3,1905.41,0.1,France,Web,13.19,1,5144.607000000001
CMD00617,2024-11-08,Jean Dupont,Maison,Machine à café,4,1253.81,0.05,France,App,13.07,3,4764.477999999999
CMD00618,2024-04-23,Emma Rossi,Beauté,Parfum,5,151.07,0.25,Allemagne,Magasin,9.37,3,566.5124999999999
CMD00619,2024-04-22,Nina Müller,Sport,Ballon,3,1259.71,0.15,Maroc,Web,10.11,4,3212.2605
CMD00620,2024-04-06,Nina Müller,Jouets,Jeu de société,4,582.39,0.1,Maroc,Web,2.87,4,2096.604
CMD00621,2024-02-02,Emma Rossi,Jouets,Lego,5,1468.07,0.25,Allemagne,Magasin,9.08,3,5505.2625
CMD00622,2024-02-16,Sarah Moreau,Sport,Chaussures de sport,2,871.21,0.1,France,Magasin,10.16,3,1568.178
CMD00623,2024-05-07,Jean Dupont,Mode,Veste,4,1964.28,0.15,Maroc,App,10.07,3,6678.552
CMD00624,2024-12-26,Carlos Gomez,Sport,Raquette,5,211.73,0.2,Allemagne,App,4.88,2,846.92
CMD00625,2024-11-17,Nina Müller,Sport,Ballon,1,32.85,0.25,Italie,Magasin,7.78,1,24.637500000000003
CMD00626,2024-08-06,Sarah Moreau,Maison,Mixeur,2,235.47,0.25,Maroc,Magasin,8.33,2,353.205
CMD00627,2024-12-10,Jean Dupont,Sport,Ballon,1,801.25,0.1,Maroc,Web,9.08,2,721.125
CMD00628,2024-10-21,Carlos Gomez,Électronique,Casque audio,3,544.38,0.15,Maroc,App,8.24,2,1388.1689999999999
CMD00629,2024-05-27,Nina Müller,Électronique,Smartphone,3,160.41,0.25,Italie,Web,1.03,1,360.9225
CMD00630,2024-10-16,Carlos Gomez,Mode,Sac à main,4,921.46,0.1,Belgique,Web,9.73,5,3317.2560000000003
CMD00631,2024-12-17,Nina Müller,Électronique,Smartphone,3,752.79,0.1,Espagne,Magasin,10.14,1,2032.533
CMD00632,2024-03-05,Emma Rossi,Maison,Aspirateur,1,1056.25,0.1,Allemagne,Magasin,8.97,5,950.625
CMD00633,2024-05-29,Nina Müller,Mode,Montre,3,220.75,0.05,Suisse,App,9.18,3,629.1374999999999
CMD00634,2024-04-07,Ali Benali,Beauté,Crème visage,3,1767.16,0.1,Belgique,Web,11.58,4,4771.332
CMD00635,2024-01-07,Ali Benali,Maison,Lampadaire,1,110.47,0.0,Espagne,Magasin,0.23,4,110.47
CMD00636,2024-03-13,Sarah Moreau,Maison,Lampadaire,1,1088.56,0.1,Espagne,App,14.36,4,979.704
CMD00637,2024-11-25,Sarah Moreau,Jouets,Jeu de société,5,1238.33,0.25,France,Web,14.66,1,4643.737499999999
CMD00638,2024-12-06,Sarah Moreau,Électronique,Casque audio,2,1488.22,0.05,Maroc,App,1.39,3,2827.618
CMD00639,2024-03-13,Lucie Martin,Électronique,Smartphone,1,873.7,0.3,Allemagne,App,12.26,3,611.59
CMD00640,2024-02-10,Nina Müller,Mode,Sac à main,3,28.02,0.15,Allemagne,Web,9.2,1,71.451
CMD00641,2024-09-01,Léa Durand,Sport,Chaussures de sport,2,1404.73,0.2,Maroc,Magasin,1.37,1,2247.568
CMD00642,2024-10-25,Nina Müller,Maison,Ventilateur,4,37.35,0.3,Maroc,App,5.34,5,104.58
CMD00643,2024-06-09,Carlos Gomez,Sport,Ballon,2,134.43,0.2,Italie,App,6.37,2,215.08800000000002
CMD00644,2024-12-03,Sarah Moreau,Sport,Chaussures de sport,3,1193.66,0.25,France,Web,14.27,2,2685.7350000000006
CMD00645,2024-12-23,Emma Rossi,Électronique,TV 4K,3,992.07,0.3,Suisse,Magasin,8.16,3,2083.3469999999998
CMD00646,2024-07-27,Ali Benali,Jouets,Puzzle,1,514.18,0.1,Belgique,Web,7.82,3,462.76199999999994
CMD00647,2024-10-10,Léa Durand,Sport,Chaussures de sport,1,420.37,0.1,Belgique,Web,8.07,1,378.333
CMD00648,2024-12-06,Youssef El Amrani,Jouets,Lego,1,1791.74,0.0,Belgique,App,0.53,3,1791.74
CMD00649,2024-06-16,Nina Müller,Mode,Veste,2,1264.19,0.1,Suisse,Web,9.57,2,2275.5420000000004
CMD00650,2024-01-18,Sarah Moreau,Beauté,Shampoing,4,1074.7,0.1,Espagne,Web,14.04,4,3868.92
CMD00651,2024-09-16,Youssef El Amrani,Maison,Mixeur,2,1005.16,0.1,Italie,Web,8.98,5,1809.288
CMD00652,2024-11-06,Emma Rossi,Mode,Montre,5,944.36,0.15,France,App,3.15,1,4013.53
CMD00653,2024-05-12,Emma Rossi,Jouets,Lego,3,825.25,0.05,Allemagne,Web,6.13,5,2351.9625
CMD00654,2024-04-18,Paolo Bianchi,Maison,Aspirateur,1,379.44,0.2,Belgique,App,11.2,3,303.552
CMD00655,2024-05-19,Paolo Bianchi,Beauté,Parfum,4,897.94,0.15,France,App,4.34,4,3052.996
CMD00656,2024-03-01,Léa Durand,Jouets,Peluche,4,892.18,0.05,Belgique,App,8.03,5,3390.2839999999997
CMD00657,2024-02-05,Lucie Martin,Électronique,Smartphone,2,1658.83,0.0,Espagne,Web,12.42,5,3317.66
CMD00658,2024-07-31,Lucie Martin,Sport,Chaussures de sport,2,753.31,0.05,France,Web,14.12,1,1431.2889999999998
CMD00659,2024-04-27,Emma Rossi,Jouets,Jeu de société,5,791.53,0.1,Suisse,Magasin,12.43,1,3561.8849999999998
CMD00660,2024-11-08,Paolo Bianchi,Jouets,Peluche,5,1357.11,0.0,Espagne,App,5.17,3,6785.549999999999
CMD00661,2024-04-21,Carlos Gomez,Beauté,Crème visage,1,329.13,0.2,Espagne,Web,6.17,4,263.30400000000003
CMD00662,2024-01-18,Emma Rossi,Jouets,Lego,5,338.92,0.2,Espagne,Magasin,10.78,4,1355.6800000000003
CMD00663,2024-05-01,Ali Benali,Électronique,Ordinateur portable,1,697.01,0.25,Allemagne,Web,2.49,2,522.7574999999999
CMD00664,2024-08-21,Jean Dupont,Électronique,Casque audio,2,1272.93,0.1,France,Web,3.34,1,2291.2740000000003
CMD00665,2024-04-27,Lucie Martin,Beauté,Parfum,4,628.89,0.3,Allemagne,App,0.87,3,1760.8919999999998
CMD00666,2024-01-19,Youssef El Amrani,Mode,Sac à main,4,1148.11,0.1,Allemagne,Web,8.35,1,4133.196
CMD00667,2024-12-19,Nina Müller,Sport,Tapis de course,3,1395.9,0.3,Italie,Magasin,11.3,5,2931.3900000000003
CMD00668,2024-02-17,Nina Müller,Beauté,Sérum,3,1097.9,0.0,France,Magasin,9.47,5,3293.7000000000003
CMD00669,2024-01-17,Lucie Martin,Mode,Montre,1,996.45,0.2,Belgique,App,5.06,2,797.1600000000001
CMD00670,2024-10-31,Lucie Martin,Sport,Vélo,5,789.8,0.0,Italie,App,10.18,2,3949.0
CMD00671,2024-09-07,Jean Dupont,Jouets,Peluche,5,1555.21,0.25,Italie,App,11.89,1,5832.0375
CMD00672,2024-05-23,Carlos Gomez,Beauté,Shampoing,5,822.16,0.2,Italie,App,9.43,2,3288.6400000000003
CMD00673,2024-04-02,Ali Benali,Sport,Raquette,1,1465.32,0.0,Italie,Web,8.03,1,1465.32
CMD00674,2024-04-27,Sarah Moreau,Beauté,Rouge à lèvres,1,1749.6,0.0,Allemagne,Web,7.28,3,1749.6
CMD00675,2024-09-27,Youssef El Amrani,Mode,Sac à main,1,1067.84,0.2,Maroc,App,2.75,2,854.2719999999999
CMD00676,2024-02-17,Lucie Martin,Électronique,Tablette,3,36.6,0.25,France,App,5.82,2,82.35000000000001
CMD00677,2024-12-25,Lucie Martin,Beauté,Rouge à lèvres,2,143.28,0.25,Maroc,Web,7.19,1,214.92000000000002
CMD00678,2024-03-22,Carlos Gomez,Beauté,Sérum,4,1697.38,0.15,Italie,App,9.72,5,5771.092000000001
CMD00679,2024-05-02,Paolo Bianchi,Maison,Machine à café,2,1031.6,0.25,Suisse,App,6.5,5,1547.3999999999999
CMD00680,2024-03-02,Sarah Moreau,Maison,Ventilateur,2,649.11,0.1,Allemagne,Magasin,1.05,3,1168.3980000000001
CMD00681,2024-04-05,Jean Dupont,Mode,Montre,4,933.83,0.15,Maroc,Magasin,0.68,3,3175.022
CMD00682,2024-12-13,Youssef El Amrani,Maison,Mixeur,3,764.66,0.05,Maroc,App,9.93,1,2179.281
CMD00683,2024-05-15,Youssef El Amrani,Jouets,Jeu de société,4,199.79,0.3,Belgique,Magasin,0.73,4,559.4119999999999
CMD00684,2024-07-27,Youssef El Amrani,Beauté,Crème visage,1,1171.59,0.2,Espagne,Magasin,7.82,2,937.2719999999999
CMD00685,2024-09-21,Sarah Moreau,Sport,Chaussures de sport,3,1345.6,0.15,Maroc,Web,11.13,4,3431.2799999999997
CMD00686,2024-10-03,Carlos Gomez,Jouets,Voiture téléguidée,4,787.6,0.05,France,App,13.62,3,2992.88
CMD00687,2024-11-27,Emma Rossi,Sport,Ballon,2,1779.36,0.2,Maroc,Magasin,8.12,2,2846.976
CMD00688,2024-11-08,Lucie Martin,Beauté,Crème visage,2,835.79,0.1,France,Magasin,4.06,3,1504.422
CMD00689,2024-10-26,Léa Durand,Jouets,Lego,5,437.68,0.25,Allemagne,App,13.03,2,1641.3000000000002
CMD00690,2024-12-11,Lucie Martin,Jouets,Jeu de société,3,383.96,0.0,Italie,App,8.77,2,1151.8799999999999
CMD00691,2024-08-26,Emma Rossi,Maison,Ventilateur,2,1917.41,0.0,France,Magasin,4.08,1,3834.82
CMD00692,2024-06-04,Lucie Martin,Électronique,TV 4K,3,1878.75,0.25,Allemagne,Web,3.38,5,4227.1875
CMD00693,2024-07-25,Sarah Moreau,Jouets,Puzzle,5,1392.34,0.2,France,App,9.82,2,5569.360000000001
CMD00694,2024-12-22,Lucie Martin,Électronique,Ordinateur portable,4,928.43,0.3,Allemagne,App,2.82,4,2599.604
CMD00695,2024-03-03,Carlos Gomez,Maison,Lampadaire,4,743.01,0.15,Italie,Web,3.26,5,2526.234
CMD00696,2024-04-29,Carlos Gomez,Sport,Tapis de course,5,1759.58,0.1,Suisse,Magasin,12.36,4,7918.11
CMD00697,2024-08-19,Ali Benali,Beauté,Rouge à lèvres,2,1569.71,0.0,Maroc,App,13.47,3,3139.42
CMD00698,2024-09-20,Youssef El Amrani,Beauté,Rouge à lèvres,5,878.48,0.2,Suisse,App,12.38,2,3513.92
CMD00699,2024-10-02,Nina Müller,Jouets,Jeu de société,3,1627.3,0.2,Italie,Web,1.01,3,3905.52
CMD00700,2024-12-30,Emma Rossi,Sport,Vélo,4,660.01,0.3,Maroc,Magasin,12.02,5,1848.0279999999998
CMD00701,2024-10-17,Nina Müller,Maison,Ventilateur,3,490.58,0.3,Allemagne,Magasin,4.56,5,1030.2179999999998
CMD00702,2024-10-30,Carlos Gomez,Jouets,Voiture téléguidée,4,1784.5,0.2,Belgique,Magasin,11.76,3,5710.400000000001
CMD00703,2024-12-21,Carlos Gomez,Mode,Sac à main,5,471.72,0.25,Allemagne,App,0.26,2,1768.9500000000003
CMD00704,2024-05-04,Lucie Martin,Électronique,Casque audio,3,20.64,0.1,Italie,Web,9.37,5,55.728
CMD00705,2024-06-19,Nina Müller,Maison,Mixeur,2,787.28,0.15,Suisse,Web,14.86,3,1338.376
CMD00706,2024-12-08,Ali Benali,Jouets,Peluche,2,1417.72,0.1,France,App,8.68,3,2551.896
CMD00707,2024-02-20,Nina Müller,Beauté,Sérum,3,1858.99,0.3,Italie,App,9.28,3,3903.879
CMD00708,2024-06-14,Ali Benali,Électronique,Ordinateur portable,5,1962.42,0.15,Italie,App,12.92,2,8340.285
CMD00709,2024-02-24,Emma Rossi,Beauté,Sérum,1,1012.97,0.1,Suisse,Web,12.49,3,911.673
CMD00710,2024-12-08,Carlos Gomez,Sport,Tapis de course,2,229.03,0.1,Espagne,App,2.51,5,412.254
CMD00711,2024-12-04,Lucie Martin,Électronique,Tablette,1,1292.07,0.0,Italie,Web,9.73,2,1292.07
CMD00712,2024-08-01,Nina Müller,Électronique,Casque audio,1,1275.52,0.15,Allemagne,App,6.21,4,1084.192
CMD00713,2024-04-21,Lucie Martin,Sport,Vélo,2,1338.84,0.2,Italie,Magasin,14.23,2,2142.144
CMD00714,2024-08-09,Sarah Moreau,Beauté,Parfum,1,1223.3,0.1,France,Web,6.8,4,1100.97
CMD00715,2024-11-17,Ali Benali,Maison,Mixeur,3,1281.67,0.05,Espagne,Web,6.03,5,3652.7595
CMD00716,2024-03-15,Sarah Moreau,Mode,Jean,5,1669.25,0.05,Belgique,Web,13.82,2,7928.9375
CMD00717,2024-10-22,Carlos Gomez,Électronique,Smartphone,4,716.3,0.25,Italie,Web,10.54,5,2148.8999999999996
CMD00718,2024-01-07,Paolo Bianchi,Beauté,Rouge à lèvres,2,178.29,0.15,Maroc,Magasin,13.21,3,303.09299999999996
CMD00719,2024-06-27,Sarah Moreau,Maison,Ventilateur,5,1952.61,0.1,Allemagne,App,11.06,1,8786.744999999999
CMD00720,2024-09-20,Nina Müller,Maison,Aspirateur,4,440.29,0.0,Maroc,App,9.34,1,1761.16
CMD00721,2024-04-28,Nina Müller,Jouets,Jeu de société,5,134.16,0.15,Italie,Web,5.21,5,570.18
CMD00722,2024-01-11,Sarah Moreau,Sport,Raquette,4,1635.78,0.05,Maroc,App,14.07,3,6215.964
CMD00723,2024-10-02,Lucie Martin,Mode,Veste,2,151.36,0.15,Maroc,Web,2.52,3,257.312
CMD00724,2024-03-24,Youssef El Amrani,Mode,Sac à main,2,544.44,0.05,Allemagne,Magasin,1.12,5,1034.4360000000001
CMD00725,2024-02-25,Nina Müller,Sport,Tapis de course,3,1970.75,0.0,Italie,Web,14.52,4,5912.25
CMD00726,2024-05-17,Léa Durand,Maison,Machine à café,3,659.25,0.2,Maroc,Magasin,3.49,4,1582.2
CMD00727,2024-04-10,Léa Durand,Maison,Mixeur,4,717.09,0.2,Allemagne,Web,4.54,4,2294.688
CMD00728,2024-01-31,Emma Rossi,Beauté,Sérum,2,1619.96,0.3,Espagne,Magasin,11.65,2,2267.944
CMD00729,2024-05-07,Lucie Martin,Sport,Chaussures de sport,3,1131.18,0.25,Belgique,App,2.06,2,2545.1549999999997
CMD00730,2024-03-05,Léa Durand,Maison,Lampadaire,3,16.25,0.15,Belgique,Magasin,7.32,1,41.4375
CMD00731,2024-09-21,Youssef El Amrani,Jouets,Voiture téléguidée,2,1646.54,0.05,Belgique,App,4.23,2,3128.426
CMD00732,2024-04-15,Jean Dupont,Maison,Ventilateur,5,700.65,0.05,Allemagne,Magasin,10.01,1,3328.0874999999996
CMD00733,2024-08-06,Ali Benali,Jouets,Jeu de société,5,1979.01,0.0,Belgique,Web,14.11,2,9895.05
CMD00734,2024-02-07,Ali Benali,Électronique,Casque audio,5,983.89,0.0,Suisse,Magasin,7.39,4,4919.45
CMD00735,2024-10-21,Carlos Gomez,Maison,Machine à café,3,1319.58,0.0,Allemagne,Web,12.9,2,3958.74
CMD00736,2024-12-02,Paolo Bianchi,Beauté,Sérum,4,838.13,0.25,Allemagne,Magasin,13.55,5,2514.39
CMD00737,2024-12-11,Ali Benali,Jouets,Peluche,1,359.23,0.1,Allemagne,App,11.04,4,323.307
CMD00738,2024-07-09,Ali Benali,Beauté,Rouge à lèvres,4,1940.77,0.0,Italie,App,11.12,3,7763.08
CMD00739,2024-09-02,Paolo Bianchi,Sport,Vélo,4,338.95,0.1,France,Web,3.28,5,1220.22
CMD00740,2024-01-06,Léa Durand,Mode,Chaussures,2,1807.35,0.2,Italie,App,8.65,1,2891.76
CMD00741,2024-10-13,Carlos Gomez,Beauté,Rouge à lèvres,3,1878.4,0.1,Italie,Magasin,5.06,3,5071.680000000001
CMD00742,2024-10-13,Carlos Gomez,Électronique,Smartphone,5,1593.89,0.25,Allemagne,Web,14.83,1,5977.087500000001
CMD00743,2024-01-13,Ali Benali,Sport,Vélo,5,1749.4,0.3,Espagne,App,8.83,4,6122.9
CMD00744,2024-07-23,Emma Rossi,Électronique,Ordinateur portable,5,1742.63,0.05,Maroc,Magasin,0.8,4,8277.4925
CMD00745,2024-09-29,Paolo Bianchi,Jouets,Puzzle,1,312.58,0.0,Belgique,App,8.32,5,312.58
CMD00746,2024-04-20,Jean Dupont,Électronique,TV 4K,2,481.8,0.1,France,App,0.6,3,867.24
CMD00747,2024-07-07,Nina Müller,Maison,Aspirateur,3,1184.0,0.2,France,App,6.99,1,2841.6000000000004
CMD00748,2024-04-05,Ali Benali,Sport,Vélo,2,1523.24,0.3,Maroc,Magasin,8.95,5,2132.536
CMD00749,2024-04-03,Nina Müller,Électronique,Ordinateur portable,2,801.75,0.25,Italie,App,7.14,3,1202.625
CMD00750,2024-05-22,Emma Rossi,Sport,Tapis de course,5,100.45,0.0,Allemagne,Magasin,7.66,4,502.25
CMD00751,2024-11-08,Sarah Moreau,Mode,Sac à main,1,941.98,0.15,Italie,Web,7.52,4,800.683
CMD00752,2024-11-26,Emma Rossi,Électronique,TV 4K,4,1857.48,0.3,Belgique,Magasin,2.41,3,5200.9439999999995
CMD00753,2024-03-12,Carlos Gomez,Mode,Jean,2,438.85,0.3,Maroc,Magasin,6.99,5,614.39
CMD00754,2024-07-08,Jean Dupont,Maison,Machine à café,3,355.26,0.0,Italie,App,9.16,2,1065.78
CMD00755,2024-08-08,Paolo Bianchi,Sport,Vélo,3,1504.03,0.1,Italie,Magasin,9.77,1,4060.8810000000003
CMD00756,2024-04-11,Paolo Bianchi,Beauté,Sérum,5,1135.91,0.3,Maroc,Magasin,13.91,2,3975.685
CMD00757,2024-08-14,Paolo Bianchi,Mode,Jean,5,1501.36,0.1,Italie,App,7.87,1,6756.12
CMD00758,2024-03-03,Jean Dupont,Sport,Vélo,3,696.72,0.0,France,App,4.98,2,2090.16
CMD00759,2024-07-02,Youssef El Amrani,Électronique,Ordinateur portable,3,1277.82,0.1,Italie,Web,9.17,3,3450.114
CMD00760,2024-03-08,Emma Rossi,Beauté,Rouge à lèvres,4,1697.74,0.3,Belgique,App,8.99,4,4753.672
CMD00761,2024-02-27,Paolo Bianchi,Jouets,Lego,2,1826.73,0.15,Belgique,Magasin,14.45,4,3105.441
CMD00762,2024-07-04,Léa Durand,Maison,Ventilateur,1,1415.43,0.3,Italie,Magasin,6.53,3,990.8009999999999
CMD00763,2024-07-28,Paolo Bianchi,Maison,Lampadaire,4,686.54,0.1,Italie,Web,12.74,2,2471.544
CMD00764,2024-05-16,Youssef El Amrani,Beauté,Shampoing,1,1871.61,0.05,Allemagne,Magasin,13.93,4,1778.0294999999999
CMD00765,2024-10-16,Youssef El Amrani,Électronique,Tablette,4,553.17,0.3,France,App,14.52,1,1548.8759999999997
CMD00766,2024-10-08,Jean Dupont,Jouets,Jeu de société,3,500.85,0.25,Allemagne,Web,0.9,1,1126.9125000000001
CMD00767,2024-07-13,Emma Rossi,Électronique,Tablette,4,1510.2,0.05,Maroc,Magasin,2.66,5,5738.76
CMD00768,2024-04-14,Carlos Gomez,Beauté,Sérum,2,1883.65,0.0,Espagne,Web,0.1,4,3767.3
CMD00769,2024-12-05,Ali Benali,Mode,Sac à main,5,506.42,0.3,France,App,6.04,2,1772.4699999999998
CMD00770,2024-09-02,Carlos Gomez,Mode,Sac à main,4,1819.26,0.3,Italie,Web,4.48,1,5093.928
CMD00771,2024-12-05,Carlos Gomez,Sport,Raquette,1,1462.13,0.1,Italie,Web,5.13,1,1315.9170000000001
CMD00772,2024-10-20,Carlos Gomez,Sport,Vélo,1,1646.76,0.2,Italie,Web,11.02,1,1317.4080000000001
CMD00773,2024-10-03,Léa Durand,Mode,Sac à main,5,990.71,0.05,Suisse,App,2.06,1,4705.8725
CMD00774,2024-10-29,Lucie Martin,Maison,Machine à café,1,786.34,0.25,France,Magasin,13.54,4,589.755
CMD00775,2024-02-09,Lucie Martin,Maison,Ventilateur,4,1167.02,0.2,France,App,12.31,3,3734.464
CMD00776,2024-03-01,Ali Benali,Mode,Jean,2,1125.55,0.15,Allemagne,App,0.16,3,1913.435
CMD00777,2024-08-24,Léa Durand,Maison,Ventilateur,5,206.49,0.2,France,App,6.96,3,825.96
CMD00778,2024-12-25,Paolo Bianchi,Beauté,Parfum,5,460.29,0.1,Allemagne,App,8.92,1,2071.3050000000003
CMD00779,2024-03-30,Sarah Moreau,Sport,Raquette,4,1237.72,0.1,Maroc,Web,7.98,4,4455.792
CMD00780,2024-08-07,Emma Rossi,Jouets,Peluche,5,1140.27,0.3,Allemagne,Web,8.42,5,3990.945
CMD00781,2024-07-02,Jean Dupont,Beauté,Sérum,2,1589.21,0.3,France,Web,14.55,5,2224.894
CMD00782,2024-10-04,Sarah Moreau,Jouets,Voiture téléguidée,2,110.2,0.15,Belgique,Magasin,0.41,1,187.34
CMD00783,2024-06-30,Sarah Moreau,Mode,Chaussures,5,1231.8,0.0,Belgique,App,2.07,2,6159.0
CMD00784,2024-07-26,Jean Dupont,Sport,Ballon,2,1648.87,0.0,Maroc,Web,1.15,3,3297.74
CMD00785,2024-03-18,Nina Müller,Jouets,Puzzle,1,663.08,0.05,Belgique,Web,2.34,1,629.926
CMD00786,2024-05-22,Jean Dupont,Sport,Chaussures de sport,5,1683.41,0.25,Maroc,App,2.74,5,6312.7875
CMD00787,2024-02-29,Lucie Martin,Jouets,Puzzle,5,775.38,0.0,Allemagne,App,4.14,3,3876.9
CMD00788,2024-01-26,Nina Müller,Mode,Veste,5,1868.16,0.0,Allemagne,App,6.31,2,9340.800000000001
CMD00789,2024-05-25,Emma Rossi,Jouets,Jeu de société,5,630.49,0.25,Italie,App,2.42,2,2364.3374999999996
CMD00790,2024-01-19,Paolo Bianchi,Électronique,Ordinateur portable,4,1128.76,0.25,Allemagne,Magasin,12.67,4,3386.2799999999997
CMD00791,2024-04-09,Sarah Moreau,Jouets,Lego,3,97.64,0.1,Italie,Web,1.15,3,263.62800000000004
CMD00792,2024-05-24,Jean Dupont,Jouets,Lego,3,812.38,0.15,Belgique,Web,12.22,5,2071.569
CMD00793,2024-11-09,Léa Durand,Mode,Chaussures,3,1924.9,0.1,Italie,App,5.32,5,5197.2300000000005
CMD00794,2024-07-26,Léa Durand,Mode,Montre,5,149.52,0.3,Allemagne,Web,4.32,3,523.3199999999999
CMD00795,2024-12-17,Sarah Moreau,Sport,Vélo,4,1815.43,0.15,Italie,App,6.29,4,6172.462
CMD00796,2024-06-07,Ali Benali,Maison,Machine à café,5,1423.13,0.1,Suisse,App,3.47,3,6404.085000000001
CMD00797,2024-04-12,Nina Müller,Jouets,Peluche,1,632.97,0.05,Belgique,App,13.29,4,601.3215
CMD00798,2024-07-15,Jean Dupont,Maison,Ventilateur,2,640.01,0.1,Suisse,Web,1.37,2,1152.018
CMD00799,2024-05-30,Carlos Gomez,Électronique,Smartphone,5,862.63,0.15,Italie,Web,6.66,5,3666.1775
CMD00800,2024-01-04,Paolo Bianchi,Jouets,Lego,5,26.04,0.05,Italie,Magasin,3.56,4,123.68999999999998
CMD00801,2024-04-05,Paolo Bianchi,Sport,Ballon,5,1830.97,0.05,France,Web,12.66,2,8697.1075
CMD00802,2024-11-18,Sarah Moreau,Maison,Machine à café,1,623.85,0.15,Suisse,App,3.23,3,530.2725
CMD00803,2024-12-02,Ali Benali,Électronique,TV 4K,2,22.69,0.0,Suisse,Web,10.45,4,45.38
CMD00804,2024-01-22,Nina Müller,Mode,Veste,1,429.66,0.25,Suisse,Web,12.31,3,322.245
CMD00805,2024-01-03,Paolo Bianchi,Maison,Aspirateur,1,806.42,0.3,Allemagne,App,3.99,3,564.4939999999999
CMD00806,2024-04-22,Paolo Bianchi,Mode,Veste,1,1211.02,0.3,France,App,6.89,2,847.7139999999999
CMD00807,2024-06-23,Nina Müller,Mode,Chaussures,3,1877.67,0.3,Maroc,Magasin,0.99,5,3943.107
CMD00808,2024-08-24,Léa Durand,Maison,Ventilateur,5,621.36,0.3,France,Web,6.26,4,2174.7599999999998
CMD00809,2024-04-03,Emma Rossi,Maison,Lampadaire,1,1596.45,0.05,Maroc,Web,1.26,2,1516.6275
CMD00810,2024-09-22,Sarah Moreau,Maison,Ventilateur,1,114.26,0.1,Belgique,Web,9.04,2,102.834
CMD00811,2024-07-27,Ali Benali,Jouets,Lego,3,477.64,0.2,Allemagne,App,12.52,5,1146.336
CMD00812,2024-11-26,Lucie Martin,Beauté,Crème visage,2,1853.66,0.05,Belgique,Magasin,13.9,3,3521.954
CMD00813,2024-05-23,Youssef El Amrani,Maison,Machine à café,1,29.28,0.1,France,Web,0.43,2,26.352
CMD00814,2024-03-16,Youssef El Amrani,Mode,Montre,1,1576.87,0.3,Maroc,Web,3.72,2,1103.8089999999997
CMD00815,2024-11-10,Youssef El Amrani,Beauté,Rouge à lèvres,4,801.39,0.3,Maroc,Magasin,0.09,2,2243.892
CMD00816,2024-01-12,Sarah Moreau,Jouets,Puzzle,3,1421.78,0.3,Suisse,Web,11.27,4,2985.738
CMD00817,2024-10-18,Emma Rossi,Jouets,Puzzle,5,1666.4,0.0,Suisse,Web,3.33,1,8332.0
CMD00818,2024-04-27,Emma Rossi,Mode,Chaussures,5,184.31,0.05,Maroc,App,1.43,4,875.4725
CMD00819,2024-03-11,Youssef El Amrani,Maison,Lampadaire,5,1256.65,0.2,Belgique,Web,1.25,2,5026.6
CMD00820,2024-08-15,Léa Durand,Beauté,Sérum,5,1742.56,0.2,Allemagne,App,6.63,3,6970.24
CMD00821,2024-01-27,Jean Dupont,Maison,Ventilateur,4,331.12,0.05,Italie,App,3.13,5,1258.2559999999999
CMD00822,2024-08-11,Carlos Gomez,Beauté,Rouge à lèvres,4,1099.36,0.0,Suisse,Magasin,4.02,4,4397.44
CMD00823,2024-02-03,Nina Müller,Maison,Machine à café,2,122.79,0.15,Suisse,Web,8.77,3,208.743
CMD00824,2024-11-24,Lucie Martin,Électronique,TV 4K,5,500.57,0.25,Belgique,Web,3.9,4,1877.1374999999998
CMD00825,2024-05-27,Nina Müller,Maison,Ventilateur,3,828.49,0.25,Espagne,App,13.13,1,1864.1025000000002
CMD00826,2024-12-08,Paolo Bianchi,Jouets,Jeu de société,1,1095.71,0.05,Allemagne,Magasin,5.95,4,1040.9245
CMD00827,2024-10-16,Emma Rossi,Maison,Lampadaire,3,727.34,0.05,Suisse,App,0.52,4,2072.919
CMD00828,2024-05-26,Nina Müller,Électronique,Ordinateur portable,5,1985.24,0.05,Belgique,Web,7.57,4,9429.89
CMD00829,2024-12-04,Youssef El Amrani,Sport,Ballon,2,1589.7,0.1,Belgique,App,8.67,5,2861.46
CMD00830,2024-07-12,Paolo Bianchi,Jouets,Peluche,5,1538.33,0.1,France,Magasin,6.17,2,6922.485
CMD00831,2024-03-28,Lucie Martin,Sport,Ballon,4,1334.08,0.25,Italie,App,0.35,3,4002.24
CMD00832,2024-11-01,Ali Benali,Sport,Vélo,1,267.06,0.2,Espagne,Web,11.69,2,213.64800000000002
CMD00833,2024-02-16,Emma Rossi,Jouets,Puzzle,4,89.88,0.0,Maroc,App,7.38,1,359.52
CMD00834,2024-04-17,Jean Dupont,Maison,Aspirateur,4,1564.03,0.3,Maroc,Web,3.8,4,4379.284
CMD00835,2024-07-13,Carlos Gomez,Jouets,Jeu de société,3,260.65,0.05,Suisse,Magasin,10.11,5,742.8524999999998
CMD00836,2024-10-31,Ali Benali,Beauté,Sérum,4,312.03,0.1,Maroc,App,8.91,2,1123.308
CMD00837,2024-10-07,Ali Benali,Mode,Montre,2,1154.96,0.25,Espagne,Web,5.67,4,1732.44
CMD00838,2024-12-26,Ali Benali,Sport,Raquette,5,933.49,0.05,Belgique,Web,3.5,5,4434.077499999999
CMD00839,2024-08-29,Carlos Gomez,Sport,Tapis de course,2,509.65,0.25,France,Magasin,1.96,1,764.4749999999999
CMD00840,2024-11-17,Sarah Moreau,Maison,Machine à café,3,235.75,0.05,Maroc,Web,2.75,1,671.8874999999999
CMD00841,2024-12-17,Carlos Gomez,Maison,Machine à café,4,670.62,0.15,Espagne,Magasin,0.42,2,2280.108
CMD00842,2024-11-16,Lucie Martin,Beauté,Sérum,1,524.6,0.15,Suisse,Magasin,7.24,2,445.91
CMD00843,2024-03-18,Sarah Moreau,Beauté,Shampoing,3,1100.81,0.25,Belgique,Magasin,4.44,1,2476.8224999999998
CMD00844,2024-05-04,Nina Müller,Sport,Vélo,2,110.33,0.15,Italie,App,8.88,4,187.56099999999998
CMD00845,2024-05-07,Léa Durand,Maison,Mixeur,5,148.09,0.25,Italie,Web,12.6,2,555.3375000000001
CMD00846,2024-01-22,Emma Rossi,Mode,Chaussures,2,819.12,0.25,Espagne,Magasin,10.72,4,1228.68
CMD00847,2024-06-12,Youssef El Amrani,Maison,Ventilateur,5,1801.53,0.0,Suisse,Web,4.62,5,9007.65
CMD00848,2024-05-02,Carlos Gomez,Électronique,TV 4K,4,1892.39,0.1,Allemagne,Web,3.8,5,6812.604
CMD00849,2024-12-02,Lucie Martin,Beauté,Shampoing,3,1849.33,0.2,France,Web,9.51,4,4438.392
CMD00850,2024-06-17,Lucie Martin,Mode,Jean,5,1676.15,0.2,Belgique,App,5.14,4,6704.6
CMD00851,2024-07-24,Ali Benali,Électronique,TV 4K,4,1303.08,0.2,Allemagne,Web,13.41,3,4169.856
CMD00852,2024-03-23,Sarah Moreau,Mode,Veste,3,10.06,0.3,Suisse,App,4.84,4,21.125999999999998
CMD00853,2024-11-21,Lucie Martin,Mode,Montre,5,1915.69,0.1,Espagne,App,13.48,5,8620.605000000001
CMD00854,2024-08-06,Emma Rossi,Électronique,TV 4K,1,774.24,0.05,Italie,Magasin,9.11,4,735.528
CMD00855,2024-02-23,Lucie Martin,Mode,Montre,1,785.9,0.0,Maroc,Magasin,4.72,3,785.9
CMD00856,2024-02-15,Sarah Moreau,Maison,Mixeur,3,1068.42,0.05,Allemagne,Magasin,0.99,4,3044.997
CMD00857,2024-12-02,Emma Rossi,Maison,Lampadaire,3,1626.82,0.05,Allemagne,Web,7.15,1,4636.437
CMD00858,2024-06-09,Ali Benali,Électronique,Ordinateur portable,2,1348.29,0.25,France,Magasin,8.88,3,2022.435
CMD00859,2024-07-30,Youssef El Amrani,Électronique,Tablette,3,1479.63,0.2,Suisse,Web,8.68,4,3551.1120000000005
CMD00860,2024-04-11,Jean Dupont,Beauté,Rouge à lèvres,5,520.92,0.3,Suisse,App,13.09,3,1823.2199999999998
CMD00861,2024-03-26,Léa Durand,Sport,Ballon,3,1242.15,0.2,Suisse,App,10.11,1,2981.1600000000003
CMD00862,2024-07-29,Ali Benali,Mode,Chaussures,4,891.64,0.2,Allemagne,App,11.95,3,2853.248
CMD00863,2024-10-25,Lucie Martin,Électronique,Ordinateur portable,4,1106.59,0.05,France,Magasin,1.62,2,4205.0419999999995
CMD00864,2024-09-24,Lucie Martin,Sport,Tapis de course,5,1087.34,0.15,Belgique,App,9.78,3,4621.195
CMD00865,2024-10-01,Youssef El Amrani,Électronique,Smartphone,3,1279.17,0.1,France,Web,13.99,2,3453.7590000000005
CMD00866,2024-08-19,Ali Benali,Beauté,Rouge à lèvres,4,622.46,0.05,Espagne,Web,2.31,3,2365.348
CMD00867,2024-12-24,Lucie Martin,Électronique,TV 4K,3,280.02,0.3,Allemagne,App,5.47,3,588.0419999999999
CMD00868,2024-02-20,Carlos Gomez,Mode,Montre,5,1993.17,0.15,France,App,10.53,4,8470.9725
CMD00869,2024-09-25,Paolo Bianchi,Maison,Lampadaire,5,1064.13,0.2,Suisse,App,4.74,1,4256.52
CMD00870,2024-03-15,Nina Müller,Mode,Jean,1,1668.08,0.25,Italie,App,4.97,4,1251.06
CMD00871,2024-08-02,Sarah Moreau,Jouets,Lego,1,1355.45,0.05,Suisse,App,6.18,1,1287.6775
CMD00872,2024-01-26,Léa Durand,Beauté,Sérum,5,249.69,0.15,Italie,Web,8.7,1,1061.1825000000001
CMD00873,2024-10-12,Léa Durand,Électronique,Casque audio,1,133.45,0.1,Italie,Web,1.15,3,120.10499999999999
CMD00874,2024-06-21,Carlos Gomez,Mode,Veste,4,1995.52,0.25,Espagne,App,5.32,5,5986.5599999999995
CMD00875,2024-03-04,Carlos Gomez,Mode,Montre,1,835.5,0.05,Espagne,Magasin,9.21,5,793.7249999999999
CMD00876,2024-07-28,Paolo Bianchi,Électronique,Tablette,4,799.93,0.3,Maroc,App,6.22,1,2239.8039999999996
CMD00877,2024-11-01,Paolo Bianchi,Maison,Lampadaire,1,311.35,0.05,Belgique,Web,3.94,5,295.7825
CMD00878,2024-01-04,Lucie Martin,Maison,Lampadaire,3,682.79,0.0,Suisse,App,2.44,4,2048.37
CMD00879,2024-03-11,Nina Müller,Beauté,Crème visage,1,1243.74,0.25,France,Web,0.88,1,932.8050000000001
CMD00880,2024-10-18,Youssef El Amrani,Mode,Veste,2,1745.11,0.1,Italie,Web,1.75,3,3141.198
CMD00881,2024-05-25,Carlos Gomez,Jouets,Peluche,2,1064.64,0.1,Espagne,Web,8.49,1,1916.3520000000003
CMD00882,2024-01-31,Paolo Bianchi,Maison,Mixeur,4,599.69,0.1,Maroc,Magasin,2.27,3,2158.8840000000005
CMD00883,2024-02-08,Nina Müller,Jouets,Peluche,4,1232.66,0.3,Belgique,App,14.09,2,3451.448
CMD00884,2024-04-17,Nina Müller,Mode,Chaussures,1,1658.59,0.25,Allemagne,App,4.73,2,1243.9424999999999
CMD00885,2024-09-13,Youssef El Amrani,Beauté,Crème visage,4,1659.02,0.05,Italie,Web,4.6,5,6304.276
CMD00886,2024-07-18,Carlos Gomez,Sport,Chaussures de sport,2,1975.62,0.05,Italie,Web,2.66,4,3753.6779999999994
CMD00887,2024-02-02,Paolo Bianchi,Électronique,TV 4K,3,1037.4,0.3,Allemagne,App,14.93,1,2178.54
CMD00888,2024-09-02,Léa Durand,Sport,Raquette,2,1621.25,0.25,Belgique,Web,9.27,1,2431.875
CMD00889,2024-09-27,Youssef El Amrani,Maison,Aspirateur,5,35.69,0.2,France,Web,4.21,5,142.76
CMD00890,2024-09-15,Nina Müller,Jouets,Lego,2,1291.47,0.2,Allemagne,Magasin,1.75,2,2066.3520000000003
CMD00891,2024-12-29,Emma Rossi,Beauté,Rouge à lèvres,3,924.07,0.25,Allemagne,Web,3.24,1,2079.1575000000003
CMD00892,2024-07-14,Jean Dupont,Sport,Vélo,3,401.81,0.1,Belgique,Web,12.4,2,1084.8870000000002
CMD00893,2024-01-25,Youssef El Amrani,Électronique,Ordinateur portable,1,1012.06,0.25,Italie,Magasin,3.27,2,759.045
CMD00894,2024-08-11,Emma Rossi,Jouets,Voiture téléguidée,1,38.99,0.1,Allemagne,App,14.37,4,35.091
CMD00895,2024-05-29,Sarah Moreau,Jouets,Jeu de société,4,38.52,0.0,Espagne,Magasin,8.57,5,154.08
CMD00896,2024-11-25,Nina Müller,Mode,Montre,5,1212.68,0.05,Belgique,Magasin,4.25,3,5760.2300000000005
CMD00897,2024-12-04,Ali Benali,Électronique,Smartphone,3,1336.38,0.3,Italie,Web,9.38,3,2806.398
CMD00898,2024-04-20,Lucie Martin,Mode,Montre,2,412.56,0.3,Maroc,Web,8.97,4,577.584
CMD00899,2024-12-05,Ali Benali,Jouets,Voiture téléguidée,5,1905.31,0.1,Allemagne,Web,5.74,2,8573.895
CMD00900,2024-07-13,Carlos Gomez,Mode,Montre,4,24.59,0.1,Allemagne,Web,1.07,5,88.524
CMD00901,2024-10-04,Sarah Moreau,Électronique,TV 4K,1,1120.17,0.2,Allemagne,Magasin,1.7,2,896.1360000000001
CMD00902,2024-11-01,Emma Rossi,Mode,Sac à main,1,1294.69,0.0,Belgique,Magasin,4.96,1,1294.69
CMD00903,2024-10-05,Ali Benali,Électronique,Tablette,4,1968.22,0.15,Belgique,Magasin,1.85,1,6691.948
CMD00904,2024-07-08,Ali Benali,Maison,Machine à café,3,1384.55,0.2,Italie,Magasin,14.23,2,3322.92
CMD00905,2024-11-14,Jean Dupont,Électronique,Ordinateur portable,5,191.37,0.15,Allemagne,App,1.15,4,813.3225
CMD00906,2024-08-19,Nina Müller,Sport,Vélo,1,120.28,0.1,Espagne,Web,11.49,1,108.25200000000001
CMD00907,2024-11-18,Ali Benali,Beauté,Sérum,4,1163.44,0.15,Allemagne,Web,2.66,2,3955.696
CMD00908,2024-07-15,Paolo Bianchi,Électronique,Casque audio,2,1202.73,0.3,Maroc,Web,5.9,5,1683.822
CMD00909,2024-10-27,Jean Dupont,Sport,Raquette,1,111.44,0.05,Espagne,Web,11.96,2,105.868
CMD00910,2024-04-20,Paolo Bianchi,Jouets,Jeu de société,2,670.65,0.15,Suisse,Magasin,1.09,2,1140.105
CMD00911,2024-01-26,Nina Müller,Maison,Mixeur,1,1298.44,0.1,Maroc,Web,14.89,5,1168.596
CMD00912,2024-08-01,Nina Müller,Beauté,Shampoing,5,457.07,0.0,Suisse,App,9.46,3,2285.35
CMD00913,2024-07-05,Sarah Moreau,Maison,Aspirateur,3,675.04,0.3,France,Magasin,4.09,4,1417.5839999999998
CMD00914,2024-02-06,Jean Dupont,Jouets,Peluche,1,1666.9,0.1,France,Web,1.02,1,1500.21
CMD00915,2024-05-05,Léa Durand,Électronique,Ordinateur portable,2,1781.37,0.3,Maroc,App,6.24,5,2493.9179999999997
CMD00916,2024-06-21,Lucie Martin,Électronique,Smartphone,4,1993.09,0.15,Suisse,Web,10.13,4,6776.505999999999
CMD00917,2024-03-05,Sarah Moreau,Électronique,Tablette,4,1463.05,0.25,Maroc,Magasin,13.19,5,4389.15
CMD00918,2024-05-25,Carlos Gomez,Beauté,Parfum,3,1341.75,0.1,France,Magasin,10.51,5,3622.725
CMD00919,2024-03-28,Jean Dupont,Mode,Chaussures,1,1315.25,0.3,Allemagne,App,8.3,5,920.675
CMD00920,2024-12-05,Léa Durand,Maison,Machine à café,3,1656.72,0.1,France,Web,5.32,2,4473.144
CMD00921,2024-10-13,Nina Müller,Électronique,Smartphone,3,529.71,0.0,Belgique,App,11.17,1,1589.13
CMD00922,2024-04-10,Nina Müller,Beauté,Parfum,5,1472.7,0.2,Maroc,App,7.32,4,5890.8
CMD00923,2024-02-27,Youssef El Amrani,Électronique,Ordinateur portable,5,131.25,0.15,Espagne,Magasin,7.71,1,557.8125
CMD00924,2024-03-15,Lucie Martin,Beauté,Shampoing,2,836.87,0.1,Suisse,App,4.28,5,1506.366
CMD00925,2024-05-31,Ali Benali,Jouets,Jeu de société,2,1883.53,0.3,Maroc,Web,8.61,1,2636.942
CMD00926,2024-02-04,Carlos Gomez,Beauté,Crème visage,3,1255.11,0.0,Maroc,Web,5.42,5,3765.33
CMD00927,2024-12-10,Nina Müller,Jouets,Jeu de société,1,400.63,0.2,Espagne,Web,7.42,3,320.504
CMD00928,2024-11-24,Nina Müller,Jouets,Puzzle,2,1257.67,0.3,Belgique,Web,6.45,3,1760.738
CMD00929,2024-12-25,Youssef El Amrani,Beauté,Crème visage,1,661.57,0.0,Espagne,Magasin,4.03,4,661.57
CMD00930,2024-05-01,Paolo Bianchi,Jouets,Puzzle,2,619.77,0.2,Belgique,App,8.91,5,991.6320000000001
CMD00931,2024-01-30,Paolo Bianchi,Beauté,Crème visage,1,172.33,0.3,Belgique,App,10.85,2,120.631
CMD00932,2024-11-24,Ali Benali,Beauté,Shampoing,1,435.85,0.15,Belgique,App,0.22,5,370.4725
CMD00933,2024-07-27,Carlos Gomez,Maison,Lampadaire,4,1302.26,0.0,Suisse,Magasin,4.63,2,5209.04
CMD00934,2024-03-19,Léa Durand,Beauté,Crème visage,3,1119.24,0.2,Suisse,App,6.88,4,2686.1760000000004
CMD00935,2024-04-18,Nina Müller,Mode,Jean,2,1772.97,0.2,Maroc,Web,13.98,2,2836.7520000000004
CMD00936,2024-04-26,Youssef El Amrani,Maison,Aspirateur,2,424.72,0.0,Italie,Magasin,13.2,1,849.44
CMD00937,2024-05-20,Jean Dupont,Sport,Vélo,3,449.1,0.2,Suisse,Web,0.37,4,1077.8400000000001
CMD00938,2024-07-17,Sarah Moreau,Maison,Mixeur,4,719.58,0.15,Espagne,Magasin,11.37,4,2446.572
CMD00939,2024-05-30,Paolo Bianchi,Beauté,Sérum,2,1364.15,0.15,Allemagne,App,3.15,5,2319.0550000000003
CMD00940,2024-10-13,Lucie Martin,Jouets,Jeu de société,5,613.74,0.1,Allemagne,App,13.29,1,2761.83
CMD00941,2024-06-01,Léa Durand,Mode,Jean,2,663.83,0.3,Espagne,Magasin,1.96,2,929.362
CMD00942,2024-07-04,Sarah Moreau,Beauté,Crème visage,5,862.09,0.15,France,Magasin,3.1,3,3663.8824999999997
CMD00943,2024-08-01,Léa Durand,Sport,Chaussures de sport,3,860.66,0.25,Espagne,Magasin,4.7,5,1936.4850000000001
CMD00944,2024-11-19,Lucie Martin,Beauté,Rouge à lèvres,3,23.56,0.25,France,Web,2.98,1,53.00999999999999
CMD00945,2024-12-23,Ali Benali,Beauté,Sérum,1,654.22,0.1,Maroc,Magasin,12.69,1,588.798
CMD00946,2024-03-12,Paolo Bianchi,Maison,Aspirateur,4,759.59,0.1,Suisse,Magasin,11.82,3,2734.5240000000003
CMD00947,2024-07-09,Carlos Gomez,Jouets,Puzzle,2,640.72,0.15,Suisse,Magasin,7.28,1,1089.224
CMD00948,2024-01-06,Jean Dupont,Beauté,Parfum,5,1718.81,0.1,France,Web,11.78,4,7734.6449999999995
CMD00949,2024-06-22,Emma Rossi,Électronique,Casque audio,2,1890.6,0.2,Suisse,App,4.92,1,3024.96
CMD00950,2024-03-15,Ali Benali,Jouets,Lego,3,1026.04,0.1,Allemagne,Magasin,4.59,4,2770.308
CMD00951,2024-11-23,Léa Durand,Sport,Chaussures de sport,5,283.23,0.05,Suisse,Web,1.26,3,1345.3425
CMD00952,2024-04-18,Emma Rossi,Électronique,Smartphone,3,1892.04,0.25,Maroc,App,12.88,1,4257.09
CMD00953,2024-09-02,Nina Müller,Mode,Montre,1,1199.7,0.25,France,Magasin,3.78,3,899.7750000000001
CMD00954,2024-03-27,Ali Benali,Mode,Montre,5,116.73,0.1,Maroc,Magasin,14.39,4,525.285
CMD00955,2024-03-03,Nina Müller,Maison,Machine à café,1,1642.9,0.05,France,Magasin,8.23,2,1560.755
CMD00956,2024-02-17,Jean Dupont,Électronique,TV 4K,4,1159.88,0.1,Allemagne,App,9.06,3,4175.568
CMD00957,2024-11-12,Paolo Bianchi,Sport,Chaussures de sport,3,1421.68,0.25,Italie,App,6.03,5,3198.7799999999997
CMD00958,2024-07-24,Paolo Bianchi,Sport,Raquette,1,615.44,0.15,Italie,Magasin,1.69,2,523.124
CMD00959,2024-10-18,Youssef El Amrani,Électronique,Ordinateur portable,2,103.92,0.25,Suisse,Web,5.25,2,155.88
CMD00960,2024-09-12,Ali Benali,Sport,Ballon,3,1262.96,0.2,Maroc,App,4.47,5,3031.1040000000003
CMD00961,2024-11-29,Youssef El Amrani,Mode,Veste,4,1093.07,0.0,France,Magasin,0.84,4,4372.28
CMD00962,2024-07-10,Paolo Bianchi,Maison,Lampadaire,1,351.48,0.05,Belgique,Web,6.61,5,333.906
CMD00963,2024-07-27,Nina Müller,Beauté,Parfum,5,837.56,0.25,Belgique,Magasin,14.74,2,3140.8499999999995
CMD00964,2024-09-01,Léa Durand,Maison,Mixeur,5,1329.66,0.25,Italie,Magasin,6.23,5,4986.225
CMD00965,2024-09-29,Sarah Moreau,Sport,Tapis de course,3,1791.16,0.05,Belgique,App,9.73,1,5104.8060000000005
CMD00966,2024-12-15,Ali Benali,Sport,Vélo,2,101.67,0.15,Allemagne,App,7.69,2,172.839
CMD00967,2024-04-14,Sarah Moreau,Maison,Lampadaire,1,1991.51,0.2,Allemagne,Magasin,3.89,3,1593.208
CMD00968,2024-09-21,Carlos Gomez,Sport,Raquette,5,416.44,0.2,Espagne,App,12.93,2,1665.76
CMD00969,2024-09-07,Nina Müller,Jouets,Jeu de société,3,1830.85,0.25,Espagne,App,11.13,5,4119.412499999999
CMD00970,2024-08-03,Youssef El Amrani,Jouets,Puzzle,1,1450.82,0.0,Espagne,App,3.48,1,1450.82
CMD00971,2024-02-01,Paolo Bianchi,Sport,Chaussures de sport,4,1029.66,0.05,Maroc,Web,1.1,3,3912.708
CMD00972,2024-03-10,Carlos Gomez,Sport,Tapis de course,1,1440.25,0.0,Allemagne,App,11.24,4,1440.25
CMD00973,2024-01-13,Jean Dupont,Sport,Vélo,2,117.12,0.05,Suisse,Web,4.12,1,222.528
CMD00974,2024-03-19,Ali Benali,Jouets,Peluche,2,909.88,0.0,Maroc,Magasin,6.66,5,1819.76
CMD00975,2024-11-09,Léa Durand,Jouets,Jeu de société,2,1733.41,0.1,Italie,App,0.48,2,3120.1380000000004
CMD00976,2024-07-11,Jean Dupont,Électronique,Casque audio,4,1977.79,0.05,Maroc,Web,14.8,2,7515.602
CMD00977,2024-11-29,Lucie Martin,Mode,Veste,4,1984.35,0.15,Maroc,Magasin,12.94,5,6746.79
CMD00978,2024-07-16,Sarah Moreau,Jouets,Jeu de société,1,23.89,0.15,France,App,14.31,3,20.3065
CMD00979,2024-01-24,Sarah Moreau,Beauté,Crème visage,4,1656.77,0.25,France,Web,14.88,1,4970.3099999999995
CMD00980,2024-03-02,Paolo Bianchi,Sport,Chaussures de sport,3,862.03,0.0,Maroc,Magasin,4.37,3,2586.09
CMD00981,2024-02-11,Jean Dupont,Jouets,Lego,5,1753.05,0.15,France,Web,12.12,3,7450.4625
CMD00982,2024-09-29,Carlos Gomez,Sport,Chaussures de sport,2,1681.6,0.25,Italie,Magasin,0.9,2,2522.3999999999996
CMD00983,2024-02-26,Carlos Gomez,Jouets,Lego,1,1690.19,0.25,Belgique,Magasin,10.77,3,1267.6425
CMD00984,2024-12-06,Paolo Bianchi,Jouets,Lego,4,51.31,0.05,Suisse,Magasin,2.85,4,194.978
CMD00985,2024-10-03,Carlos Gomez,Maison,Mixeur,5,246.13,0.0,Espagne,Magasin,14.33,3,1230.65
CMD00986,2024-12-01,Lucie Martin,Jouets,Lego,5,286.61,0.1,France,Magasin,12.81,2,1289.7450000000001
CMD00987,2024-07-05,Youssef El Amrani,Électronique,Smartphone,4,1541.19,0.05,Italie,App,7.54,1,5856.522
CMD00988,2024-07-24,Ali Benali,Beauté,Shampoing,4,1215.79,0.15,Espagne,Magasin,4.33,5,4133.686
CMD00989,2024-05-19,Emma Rossi,Beauté,Parfum,3,1404.86,0.05,Belgique,Magasin,4.65,5,4003.8509999999997
CMD00990,2024-07-16,Ali Benali,Beauté,Parfum,1,1294.61,0.25,Maroc,Web,1.77,2,970.9575
CMD00991,2024-11-30,Lucie Martin,Électronique,Tablette,3,760.95,0.2,Allemagne,App,2.79,2,1826.2800000000004
CMD00992,2024-02-24,Ali Benali,Électronique,Smartphone,4,1939.54,0.0,Espagne,App,0.65,5,7758.16
CMD00993,2024-04-06,Paolo Bianchi,Mode,Sac à main,3,1896.08,0.2,Italie,App,7.56,2,4550.592
CMD00994,2024-02-03,Lucie Martin,Beauté,Shampoing,5,691.76,0.3,France,App,9.43,5,2421.16
CMD00995,2024-02-01,Emma Rossi,Jouets,Peluche,1,1876.75,0.3,Espagne,Magasin,11.19,2,1313.725
CMD00996,2024-08-11,Sarah Moreau,Beauté,Shampoing,2,1848.91,0.0,Belgique,App,5.02,4,3697.82
CMD00997,2024-05-05,Carlos Gomez,Maison,Aspirateur,2,305.53,0.05,Suisse,App,10.33,5,580.507
CMD00998,2024-11-02,Nina Müller,Maison,Machine à café,4,273.21,0.05,Suisse,App,14.52,2,1038.1979999999999
CMD00999,2024-10-10,Ali Benali,Mode,Sac à main,4,1205.88,0.0,France,App,7.89,3,4823.52
CMD01000,2024-05-06,Sarah Moreau,Maison,Aspirateur,1,394.39,0.1,Espagne,Web,12.01,2,354.951
CMD01001,2024-10-04,Lucie Martin,Mode,Chaussures,4,1039.41,0.2,Allemagne,Magasin,5.14,4,3326.1120000000005
CMD01002,2024-04-26,Ali Benali,Jouets,Lego,2,639.04,0.05,Allemagne,Web,10.88,3,1214.176
CMD01003,2024-08-03,Lucie Martin,Jouets,Jeu de société,1,170.36,0.25,Belgique,Magasin,4.47,1,127.77000000000001
CMD01004,2024-11-19,Youssef El Amrani,Sport,Tapis de course,5,1699.36,0.0,France,Web,3.68,1,8496.8
CMD01005,2024-07-21,Carlos Gomez,Maison,Ventilateur,1,231.86,0.05,France,App,14.49,2,220.267
CMD01006,2024-12-30,Emma Rossi,Maison,Machine à café,5,1097.89,0.3,Belgique,Web,4.24,2,3842.6150000000002
CMD01007,2024-01-17,Youssef El Amrani,Mode,Sac à main,1,398.96,0.15,Suisse,Web,13.75,2,339.116
CMD01008,2024-02-16,Carlos Gomez,Beauté,Parfum,1,1781.57,0.2,Italie,App,5.08,2,1425.256
CMD01009,2024-09-03,Ali Benali,Mode,Chaussures,3,118.48,0.2,Allemagne,App,3.86,4,284.35200000000003
CMD01010,2024-06-22,Youssef El Amrani,Mode,Jean,3,183.35,0.05,France,Magasin,6.36,2,522.5474999999999
CMD01011,2024-10-24,Jean Dupont,Sport,Raquette,4,1252.24,0.2,France,Magasin,2.86,1,4007.168
CMD01012,2024-12-28,Youssef El Amrani,Électronique,Smartphone,3,1142.22,0.0,Allemagne,App,6.46,3,3426.66
CMD01013,2024-04-27,Youssef El Amrani,Mode,Chaussures,1,1698.46,0.1,Espagne,App,14.79,4,1528.614
CMD01014,2024-02-18,Paolo Bianchi,Jouets,Puzzle,4,1612.14,0.2,Suisse,Web,11.17,1,5158.848000000001
CMD01015,2024-05-13,Carlos Gomez,Électronique,Smartphone,1,809.73,0.05,Espagne,Magasin,8.75,4,769.2434999999999
CMD01016,2024-03-30,Lucie Martin,Sport,Raquette,4,380.98,0.0,Belgique,Magasin,3.29,2,1523.92
CMD01017,2024-03-08,Youssef El Amrani,Maison,Ventilateur,1,1499.73,0.2,Suisse,Web,5.71,3,1199.784
CMD01018,2024-05-19,Léa Durand,Jouets,Voiture téléguidée,5,797.6,0.05,Belgique,Web,6.41,1,3788.6
CMD01019,2024-08-23,Emma Rossi,Électronique,Ordinateur portable,2,1054.85,0.2,Italie,Web,9.27,2,1687.76
CMD01020,2024-03-27,Emma Rossi,Beauté,Rouge à lèvres,2,1026.83,0.15,Maroc,Magasin,0.81,2,1745.6109999999999
CMD01021,2024-03-24,Carlos Gomez,Maison,Machine à café,5,1329.99,0.25,Suisse,Magasin,2.08,2,4987.4625
CMD01022,2024-04-09,Jean Dupont,Sport,Raquette,4,1458.95,0.1,Italie,Web,7.39,2,5252.22
CMD01023,2024-07-10,Emma Rossi,Maison,Ventilateur,3,689.87,0.2,Espagne,Magasin,7.74,5,1655.688
CMD01024,2024-02-20,Sarah Moreau,Jouets,Jeu de société,4,247.57,0.15,Suisse,Web,12.63,5,841.7379999999999
CMD01025,2024-10-30,Carlos Gomez,Jouets,Puzzle,3,686.61,0.1,Allemagne,App,12.77,5,1853.847
CMD01026,2024-03-09,Ali Benali,Mode,Montre,3,1363.96,0.3,Belgique,Web,6.46,2,2864.316
CMD01027,2024-06-02,Lucie Martin,Beauté,Shampoing,5,1075.34,0.3,Suisse,Web,2.11,1,3763.6899999999996
CMD01028,2024-02-04,Paolo Bianchi,Électronique,Ordinateur portable,5,1498.55,0.0,Allemagne,Web,8.4,2,7492.75
CMD01029,2024-06-17,Léa Durand,Beauté,Crème visage,2,1861.03,0.15,France,Magasin,1.39,2,3163.7509999999997
CMD01030,2024-09-13,Sarah Moreau,Sport,Ballon,2,1454.91,0.0,France,Magasin,11.88,3,2909.82
CMD01031,2024-03-25,Jean Dupont,Jouets,Jeu de société,4,124.05,0.05,Allemagne,Web,2.49,2,471.39
CMD01032,2024-03-21,Emma Rossi,Électronique,TV 4K,1,1939.94,0.2,Belgique,Magasin,1.86,4,1551.9520000000002
CMD01033,2024-05-19,Sarah Moreau,Électronique,Ordinateur portable,2,1187.52,0.2,Belgique,Magasin,10.0,1,1900.0320000000002
CMD01034,2024-08-15,Jean Dupont,Beauté,Rouge à lèvres,1,821.7,0.05,Suisse,App,5.02,5,780.615
CMD01035,2024-09-09,Nina Müller,Sport,Tapis de course,2,1628.16,0.15,Italie,Web,1.27,4,2767.872
CMD01036,2024-08-03,Léa Durand,Maison,Mixeur,2,560.74,0.2,Allemagne,Web,2.05,4,897.1840000000001
CMD01037,2024-02-13,Youssef El Amrani,Électronique,Smartphone,1,662.49,0.25,Italie,Web,12.55,5,496.8675
CMD01038,2024-02-20,Lucie Martin,Sport,Tapis de course,4,1705.9,0.25,Espagne,App,0.18,1,5117.700000000001
CMD01039,2024-09-04,Youssef El Amrani,Mode,Montre,2,135.58,0.1,France,App,1.28,5,244.04400000000004
CMD01040,2024-01-18,Sarah Moreau,Sport,Ballon,5,569.89,0.3,Italie,App,7.25,3,1994.6149999999998
CMD01041,2024-03-14,Léa Durand,Électronique,Casque audio,4,221.26,0.15,Italie,Magasin,3.6,3,752.284
CMD01042,2024-10-05,Lucie Martin,Mode,Veste,1,1539.81,0.05,Maroc,App,8.65,3,1462.8194999999998
CMD01043,2024-07-31,Sarah Moreau,Maison,Ventilateur,2,810.59,0.25,France,App,5.74,1,1215.885
CMD01044,2024-10-17,Nina Müller,Beauté,Rouge à lèvres,2,532.19,0.0,Allemagne,Magasin,5.9,4,1064.38
CMD01045,2024-01-30,Youssef El Amrani,Électronique,Tablette,3,1159.45,0.25,Belgique,Magasin,9.81,5,2608.7625000000003
CMD01046,2024-07-12,Paolo Bianchi,Beauté,Shampoing,4,470.4,0.3,Belgique,App,11.5,3,1317.12
CMD01047,2024-11-19,Sarah Moreau,Jouets,Peluche,2,1133.63,0.0,Belgique,App,9.01,1,2267.26
CMD01048,2024-10-05,Nina Müller,Mode,Montre,2,1265.23,0.2,Belgique,Web,4.35,2,2024.3680000000002
CMD01049,2024-11-04,Paolo Bianchi,Beauté,Sérum,3,571.02,0.0,Maroc,App,1.43,2,1713.06
CMD01050,2024-06-30,Youssef El Amrani,Mode,Sac à main,1,976.41,0.0,Suisse,Magasin,8.21,2,976.41
CMD01051,2024-07-04,Youssef El Amrani,Sport,Ballon,5,641.6,0.1,Espagne,App,12.78,3,2887.2000000000003
CMD01052,2024-03-22,Ali Benali,Maison,Lampadaire,2,1506.02,0.05,Espagne,App,0.24,4,2861.4379999999996
CMD01053,2024-10-08,Paolo Bianchi,Beauté,Rouge à lèvres,5,1722.73,0.15,Italie,App,1.2,5,7321.602499999999
CMD01054,2024-11-24,Ali Benali,Mode,Sac à main,2,1155.57,0.3,Suisse,Magasin,8.73,4,1617.7979999999998
CMD01055,2024-06-17,Emma Rossi,Jouets,Voiture téléguidée,5,1079.31,0.1,Maroc,Magasin,13.49,5,4856.8949999999995
CMD01056,2024-12-20,Emma Rossi,Électronique,Smartphone,5,639.27,0.3,Suisse,Web,3.03,4,2237.4449999999997
CMD01057,2024-01-26,Lucie Martin,Maison,Ventilateur,4,1515.34,0.0,Espagne,Magasin,3.14,4,6061.36
CMD01058,2024-08-24,Nina Müller,Maison,Aspirateur,5,90.26,0.2,Espagne,Web,6.75,5,361.04
CMD01059,2024-09-11,Léa Durand,Jouets,Jeu de société,1,1969.46,0.2,Allemagne,Magasin,1.96,5,1575.5680000000002
CMD01060,2024-10-26,Youssef El Amrani,Mode,Jean,4,1678.83,0.3,Suisse,Magasin,0.32,1,4700.723999999999
CMD01061,2024-11-20,Jean Dupont,Beauté,Rouge à lèvres,4,770.44,0.0,Belgique,Web,1.3,4,3081.76
CMD01062,2024-11-28,Carlos Gomez,Mode,Veste,4,782.07,0.1,Espagne,Web,2.01,2,2815.452
CMD01063,2024-11-19,Lucie Martin,Sport,Tapis de course,2,981.35,0.05,Suisse,Magasin,5.45,2,1864.565
CMD01064,2024-03-14,Carlos Gomez,Beauté,Sérum,5,671.02,0.0,Maroc,Web,11.48,3,3355.1
CMD01065,2024-03-23,Léa Durand,Jouets,Peluche,3,1598.02,0.25,Suisse,Magasin,4.65,5,3595.5449999999996
CMD01066,2024-12-01,Lucie Martin,Jouets,Jeu de société,3,414.94,0.25,Suisse,App,14.74,2,933.615
CMD01067,2024-01-09,Léa Durand,Électronique,Casque audio,4,1953.47,0.15,Suisse,App,3.59,5,6641.798
CMD01068,2024-08-13,Sarah Moreau,Maison,Ventilateur,5,1702.5,0.1,Suisse,Magasin,14.22,1,7661.25
CMD01069,2024-07-25,Léa Durand,Beauté,Parfum,1,1190.18,0.2,Suisse,App,9.12,5,952.1440000000001
CMD01070,2024-08-21,Sarah Moreau,Électronique,Tablette,4,464.38,0.15,Italie,Magasin,3.46,2,1578.892
CMD01071,2024-12-12,Paolo Bianchi,Jouets,Voiture téléguidée,1,344.36,0.05,Maroc,Magasin,1.77,3,327.142
CMD01072,2024-10-20,Jean Dupont,Maison,Mixeur,3,1158.66,0.25,Suisse,Magasin,2.28,1,2606.9850000000006
CMD01073,2024-02-18,Carlos Gomez,Sport,Chaussures de sport,4,1405.18,0.0,Allemagne,Magasin,8.78,2,5620.72
CMD01074,2024-03-20,Ali Benali,Électronique,Tablette,3,1033.83,0.3,Belgique,Web,13.65,4,2171.0429999999997
CMD01075,2024-07-13,Youssef El Amrani,Beauté,Parfum,1,1597.63,0.3,Allemagne,Magasin,6.65,4,1118.341
CMD01076,2024-10-31,Youssef El Amrani,Sport,Vélo,1,175.61,0.0,Belgique,Web,14.95,4,175.61
CMD01077,2024-12-08,Nina Müller,Maison,Lampadaire,4,1103.94,0.15,Italie,Web,13.17,2,3753.396
CMD01078,2024-05-24,Nina Müller,Sport,Vélo,5,133.79,0.3,Allemagne,Magasin,14.58,5,468.26499999999993
CMD01079,2024-07-24,Léa Durand,Maison,Machine à café,2,1680.51,0.1,Allemagne,Web,4.57,2,3024.918
CMD01080,2024-01-07,Jean Dupont,Sport,Tapis de course,4,602.74,0.15,Allemagne,Web,14.6,4,2049.316
CMD01081,2024-11-20,Sarah Moreau,Beauté,Rouge à lèvres,1,340.71,0.15,France,App,5.64,2,289.6035
CMD01082,2024-01-10,Emma Rossi,Beauté,Crème visage,2,918.89,0.0,France,App,2.69,5,1837.78
CMD01083,2024-04-01,Léa Durand,Électronique,Tablette,3,1967.59,0.1,France,Magasin,7.82,1,5312.4929999999995
CMD01084,2024-09-21,Ali Benali,Mode,Veste,1,570.83,0.2,Italie,Magasin,11.49,1,456.66400000000004
CMD01085,2024-10-22,Paolo Bianchi,Mode,Veste,1,1551.23,0.0,Italie,App,2.83,4,1551.23
CMD01086,2024-11-29,Youssef El Amrani,Électronique,Tablette,3,63.94,0.15,France,App,8.43,5,163.047
CMD01087,2024-04-17,Carlos Gomez,Beauté,Sérum,1,1141.18,0.1,Belgique,App,8.03,2,1027.0620000000001
CMD01088,2024-08-06,Lucie Martin,Sport,Tapis de course,2,1024.22,0.0,Maroc,Web,13.41,2,2048.44
CMD01089,2024-06-30,Jean Dupont,Sport,Tapis de course,5,1891.29,0.25,Italie,Magasin,7.63,4,7092.337500000001
CMD01090,2024-04-02,Nina Müller,Sport,Ballon,1,1918.16,0.2,Suisse,Magasin,8.7,1,1534.5280000000002
CMD01091,2024-10-03,Lucie Martin,Sport,Chaussures de sport,3,815.89,0.0,Suisse,App,8.81,2,2447.67
CMD01092,2024-02-24,Jean Dupont,Jouets,Peluche,3,174.32,0.1,Belgique,App,10.95,5,470.66400000000004
CMD01093,2024-03-27,Lucie Martin,Sport,Raquette,4,639.75,0.2,Maroc,App,13.05,3,2047.2
CMD01094,2024-02-11,Lucie Martin,Sport,Raquette,1,22.31,0.05,France,Web,14.06,2,21.194499999999998
CMD01095,2024-03-03,Léa Durand,Beauté,Rouge à lèvres,3,1079.7,0.0,Italie,Magasin,0.36,2,3239.1000000000004
CMD01096,2024-09-02,Paolo Bianchi,Sport,Tapis de course,4,1499.91,0.2,Belgique,App,14.93,5,4799.712
CMD01097,2024-07-15,Ali Benali,Sport,Vélo,3,481.06,0.3,Italie,App,6.08,5,1010.226
CMD01098,2024-05-31,Carlos Gomez,Beauté,Rouge à lèvres,4,1691.57,0.2,Espagne,Magasin,3.41,3,5413.024
CMD01099,2024-01-17,Léa Durand,Beauté,Shampoing,5,1035.18,0.0,Belgique,App,10.02,2,5175.900000000001
CMD01100,2024-09-21,Léa Durand,Mode,Veste,3,349.22,0.0,Maroc,App,13.44,4,1047.66
CMD01101,2024-07-29,Sarah Moreau,Beauté,Rouge à lèvres,4,973.5,0.2,Espagne,App,7.71,3,3115.2000000000003
CMD01102,2024-05-08,Jean Dupont,Sport,Tapis de course,5,1621.86,0.0,Allemagne,App,2.81,5,8109.299999999999
CMD01103,2024-12-07,Léa Durand,Sport,Tapis de course,2,529.09,0.1,Allemagne,Web,2.78,4,952.3620000000001
CMD01104,2024-06-15,Lucie Martin,Mode,Sac à main,2,1691.15,0.1,France,App,10.6,3,3044.07
CMD01105,2024-11-22,Youssef El Amrani,Maison,Aspirateur,1,1142.72,0.15,Espagne,Magasin,6.75,2,971.312
CMD01106,2024-07-19,Carlos Gomez,Mode,Montre,4,193.97,0.25,Italie,Web,3.94,1,581.91
CMD01107,2024-06-15,Lucie Martin,Sport,Ballon,3,1916.69,0.2,Espagne,Magasin,7.71,4,4600.056
CMD01108,2024-07-24,Emma Rossi,Électronique,Tablette,4,652.75,0.15,Allemagne,Magasin,4.81,3,2219.35
CMD01109,2024-01-01,Ali Benali,Sport,Chaussures de sport,4,468.34,0.3,Suisse,Magasin,0.74,1,1311.3519999999999
CMD01110,2024-10-24,Lucie Martin,Sport,Ballon,1,105.35,0.05,Espagne,Magasin,4.81,2,100.0825
CMD01111,2024-05-01,Lucie Martin,Beauté,Shampoing,4,1950.06,0.05,France,Magasin,11.69,4,7410.227999999999
CMD01112,2024-09-08,Ali Benali,Maison,Ventilateur,1,490.79,0.25,Allemagne,Web,0.04,3,368.09250000000003
CMD01113,2024-02-14,Youssef El Amrani,Beauté,Rouge à lèvres,3,186.27,0.3,Suisse,Web,0.12,2,391.16700000000003
CMD01114,2024-12-22,Nina Müller,Jouets,Jeu de société,2,563.75,0.05,Espagne,Web,12.62,2,1071.125
CMD01115,2024-02-20,Nina Müller,Mode,Veste,2,626.24,0.1,Belgique,App,2.01,2,1127.232
CMD01116,2024-11-17,Emma Rossi,Électronique,TV 4K,3,147.17,0.2,Italie,App,5.22,5,353.208
CMD01117,2024-11-20,Emma Rossi,Jouets,Puzzle,4,188.24,0.0,Maroc,Web,4.07,3,752.96
CMD01118,2024-05-31,Emma Rossi,Beauté,Crème visage,2,24.71,0.2,Italie,App,5.5,4,39.536
CMD01119,2024-02-25,Nina Müller,Électronique,Ordinateur portable,3,842.51,0.15,Allemagne,Web,3.62,3,2148.4004999999997
CMD01120,2024-06-03,Youssef El Amrani,Électronique,TV 4K,4,870.14,0.2,Belgique,Web,12.87,5,2784.4480000000003
CMD01121,2024-09-14,Lucie Martin,Électronique,Casque audio,1,373.9,0.0,Italie,Magasin,0.91,1,373.9
CMD01122,2024-01-22,Emma Rossi,Sport,Vélo,1,1557.66,0.05,Allemagne,App,4.94,3,1479.777
CMD01123,2024-08-03,Youssef El Amrani,Beauté,Shampoing,3,1625.14,0.1,France,Web,12.24,4,4387.878000000001
CMD01124,2024-06-29,Ali Benali,Beauté,Crème visage,5,1388.91,0.3,Belgique,Magasin,0.79,1,4861.1849999999995
CMD01125,2024-02-04,Carlos Gomez,Jouets,Lego,5,1223.27,0.05,Maroc,Magasin,2.35,5,5810.5325
CMD01126,2024-07-02,Youssef El Amrani,Mode,Montre,3,528.81,0.05,France,Web,8.69,5,1507.1084999999998
CMD01127,2024-08-24,Paolo Bianchi,Mode,Montre,2,1267.13,0.05,Maroc,Magasin,6.67,3,2407.547
CMD01128,2024-08-13,Carlos Gomez,Maison,Aspirateur,5,627.37,0.0,Allemagne,App,1.87,4,3136.85
CMD01129,2024-02-14,Jean Dupont,Électronique,Ordinateur portable,2,897.88,0.15,France,Magasin,2.0,1,1526.396
CMD01130,2024-08-01,Youssef El Amrani,Sport,Chaussures de sport,3,335.47,0.3,Espagne,Magasin,1.59,2,704.487
CMD01131,2024-02-18,Ali Benali,Mode,Sac à main,4,236.79,0.15,Belgique,Web,0.58,5,805.0859999999999
CMD01132,2024-06-14,Ali Benali,Sport,Chaussures de sport,4,538.46,0.05,Belgique,App,7.93,2,2046.1480000000001
CMD01133,2024-03-19,Lucie Martin,Mode,Sac à main,5,1733.71,0.1,Suisse,Magasin,4.39,2,7801.695
CMD01134,2024-01-16,Paolo Bianchi,Beauté,Rouge à lèvres,2,869.7,0.15,Espagne,Web,11.93,1,1478.49
CMD01135,2024-11-10,Lucie Martin,Mode,Chaussures,3,982.2,0.05,Allemagne,Web,7.92,1,2799.2700000000004
CMD01136,2024-10-06,Léa Durand,Maison,Mixeur,5,1302.62,0.2,Allemagne,App,1.94,4,5210.48
CMD01137,2024-05-07,Lucie Martin,Mode,Chaussures,5,159.8,0.05,Suisse,Magasin,9.32,2,759.05
CMD01138,2024-08-13,Sarah Moreau,Mode,Sac à main,2,1799.83,0.1,Allemagne,App,5.78,4,3239.694
CMD01139,2024-03-04,Carlos Gomez,Électronique,Smartphone,5,1671.6,0.05,Belgique,App,7.6,3,7940.099999999999
CMD01140,2024-01-03,Ali Benali,Sport,Ballon,5,1717.83,0.05,France,App,5.11,4,8159.692499999999
CMD01141,2024-01-21,Sarah Moreau,Sport,Raquette,5,1862.04,0.0,France,Magasin,14.97,3,9310.2
CMD01142,2024-07-11,Léa Durand,Jouets,Puzzle,2,139.9,0.1,Italie,Magasin,10.21,3,251.82000000000002
CMD01143,2024-02-12,Nina Müller,Maison,Mixeur,3,1082.99,0.15,France,Magasin,14.74,1,2761.6245000000004
CMD01144,2024-03-09,Léa Durand,Beauté,Parfum,4,89.5,0.1,Allemagne,Web,1.46,4,322.2
CMD01145,2024-04-23,Paolo Bianchi,Maison,Aspirateur,1,859.52,0.15,Allemagne,Magasin,11.76,2,730.592
CMD01146,2024-08-05,Carlos Gomez,Maison,Ventilateur,4,801.94,0.2,Italie,App,0.99,1,2566.2080000000005
CMD01147,2024-01-26,Ali Benali,Électronique,Ordinateur portable,5,1501.6,0.05,Belgique,Web,10.73,4,7132.599999999999
CMD01148,2024-09-15,Lucie Martin,Électronique,Ordinateur portable,5,259.25,0.1,Allemagne,App,1.54,5,1166.625
CMD01149,2024-05-28,Emma Rossi,Jouets,Puzzle,4,1434.31,0.2,Belgique,Web,6.74,3,4589.792
CMD01150,2024-12-23,Sarah Moreau,Beauté,Crème visage,2,1344.82,0.25,Espagne,App,7.52,3,2017.23
CMD01151,2024-07-18,Youssef El Amrani,Beauté,Sérum,1,1755.47,0.0,Suisse,Magasin,8.26,5,1755.47
CMD01152,2024-09-20,Sarah Moreau,Maison,Mixeur,3,1265.79,0.2,Espagne,App,11.4,4,3037.896
CMD01153,2024-09-27,Youssef El Amrani,Jouets,Lego,2,1215.45,0.05,Belgique,App,5.14,1,2309.355
CMD01154,2024-12-30,Lucie Martin,Mode,Sac à main,2,1508.71,0.25,Belgique,Web,2.8,4,2263.065
CMD01155,2024-12-01,Jean Dupont,Sport,Tapis de course,5,123.43,0.3,France,App,5.95,5,432.00500000000005
CMD01156,2024-03-13,Sarah Moreau,Maison,Lampadaire,4,227.89,0.3,Italie,App,12.29,1,638.0919999999999
CMD01157,2024-10-31,Léa Durand,Maison,Aspirateur,1,1196.73,0.2,Italie,Magasin,0.4,3,957.384
CMD01158,2024-05-14,Carlos Gomez,Sport,Vélo,3,1678.42,0.3,Suisse,Web,10.3,2,3524.682
CMD01159,2024-01-25,Youssef El Amrani,Maison,Mixeur,2,711.44,0.1,Allemagne,Web,10.41,2,1280.592
CMD01160,2024-06-01,Léa Durand,Beauté,Shampoing,1,1718.61,0.0,Allemagne,Magasin,1.16,2,1718.61
CMD01161,2024-03-06,Sarah Moreau,Électronique,TV 4K,5,1627.57,0.2,Belgique,Web,4.83,5,6510.28
CMD01162,2024-04-12,Lucie Martin,Électronique,TV 4K,2,1409.52,0.3,Maroc,App,12.14,5,1973.3279999999997
CMD01163,2024-04-25,Paolo Bianchi,Maison,Aspirateur,4,1284.49,0.0,Belgique,Web,6.48,5,5137.96
CMD01164,2024-08-03,Sarah Moreau,Maison,Machine à café,5,1163.79,0.3,France,App,11.83,3,4073.2649999999994
CMD01165,2024-02-04,Carlos Gomez,Électronique,Ordinateur portable,4,105.68,0.2,France,App,3.18,2,338.17600000000004
CMD01166,2024-09-23,Sarah Moreau,Jouets,Jeu de société,4,452.34,0.1,Allemagne,Magasin,9.69,1,1628.424
CMD01167,2024-03-15,Youssef El Amrani,Mode,Chaussures,1,1512.11,0.1,Maroc,App,13.67,5,1360.899
CMD01168,2024-02-08,Nina Müller,Beauté,Parfum,2,1968.02,0.0,Suisse,App,5.32,3,3936.04
CMD01169,2024-06-24,Emma Rossi,Mode,Veste,3,525.33,0.0,Suisse,Magasin,13.44,5,1575.9900000000002
CMD01170,2024-04-26,Sarah Moreau,Mode,Jean,2,1814.9,0.3,Italie,Magasin,3.35,4,2540.86
CMD01171,2024-04-21,Lucie Martin,Maison,Lampadaire,4,388.55,0.2,Belgique,Magasin,4.52,3,1243.3600000000001
CMD01172,2024-03-05,Emma Rossi,Beauté,Shampoing,4,296.3,0.0,Suisse,App,7.72,3,1185.2
CMD01173,2024-12-22,Youssef El Amrani,Sport,Vélo,5,291.35,0.25,Italie,App,6.79,5,1092.5625
CMD01174,2024-06-17,Paolo Bianchi,Électronique,TV 4K,5,1094.51,0.15,Italie,Magasin,13.86,5,4651.6675000000005
CMD01175,2024-04-12,Paolo Bianchi,Sport,Raquette,2,1079.18,0.2,Espagne,Magasin,3.27,4,1726.688
CMD01176,2024-06-07,Emma Rossi,Sport,Vélo,5,87.62,0.2,Belgique,App,6.46,4,350.48
CMD01177,2024-08-31,Léa Durand,Maison,Aspirateur,3,1666.46,0.25,France,Magasin,5.13,2,3749.535
CMD01178,2024-01-02,Lucie Martin,Sport,Tapis de course,3,1374.45,0.05,Allemagne,Magasin,10.3,3,3917.1825000000003
CMD01179,2024-05-19,Ali Benali,Jouets,Peluche,3,454.99,0.1,Allemagne,Web,13.65,4,1228.473
CMD01180,2024-12-02,Paolo Bianchi,Jouets,Peluche,5,865.98,0.3,Suisse,App,1.17,5,3030.9299999999994
CMD01181,2024-10-27,Emma Rossi,Jouets,Peluche,2,1872.99,0.05,France,Web,14.11,5,3558.681
CMD01182,2024-01-09,Carlos Gomez,Maison,Aspirateur,2,1477.49,0.0,Suisse,Web,7.11,2,2954.98
CMD01183,2024-06-05,Nina Müller,Maison,Machine à café,1,17.37,0.05,Maroc,Magasin,10.82,2,16.5015
CMD01184,2024-08-18,Lucie Martin,Maison,Ventilateur,5,606.12,0.05,Espagne,App,2.19,4,2879.0699999999997
CMD01185,2024-11-15,Sarah Moreau,Beauté,Parfum,3,1308.04,0.1,Italie,App,13.03,2,3531.708
CMD01186,2024-04-21,Léa Durand,Jouets,Peluche,5,1163.4,0.05,Belgique,Magasin,4.04,2,5526.15
CMD01187,2024-04-01,Paolo Bianchi,Beauté,Shampoing,1,1612.94,0.2,Maroc,Magasin,3.98,1,1290.352
CMD01188,2024-03-09,Emma Rossi,Jouets,Jeu de société,4,1832.47,0.15,Allemagne,Web,11.55,5,6230.398
CMD01189,2024-07-22,Sarah Moreau,Jouets,Peluche,5,1929.06,0.0,Maroc,App,4.49,2,9645.3
CMD01190,2024-03-02,Sarah Moreau,Sport,Raquette,5,1633.75,0.0,Italie,App,3.91,1,8168.75
CMD01191,2024-06-11,Nina Müller,Mode,Jean,3,1263.07,0.0,Italie,App,10.63,4,3789.21
CMD01192,2024-02-16,Emma Rossi,Mode,Chaussures,1,46.88,0.25,Italie,Web,0.85,4,35.160000000000004
CMD01193,2024-04-15,Youssef El Amrani,Électronique,Casque audio,2,494.98,0.2,France,App,12.64,2,791.9680000000001
CMD01194,2024-10-12,Ali Benali,Sport,Vélo,4,1226.17,0.1,Italie,Magasin,5.41,2,4414.212
CMD01195,2024-07-16,Ali Benali,Jouets,Peluche,3,1992.49,0.05,Belgique,Magasin,9.52,5,5678.5965
CMD01196,2024-01-11,Paolo Bianchi,Électronique,Casque audio,3,786.69,0.0,Suisse,App,13.3,1,2360.07
CMD01197,2024-02-15,Jean Dupont,Jouets,Peluche,2,840.59,0.2,Espagne,Web,9.4,4,1344.9440000000002
CMD01198,2024-09-11,Ali Benali,Sport,Tapis de course,4,1748.33,0.1,Maroc,Magasin,6.75,3,6293.988
CMD01199,2024-04-24,Youssef El Amrani,Beauté,Shampoing,5,646.83,0.05,Belgique,App,2.44,1,3072.4425
CMD01200,2024-08-02,Sarah Moreau,Maison,Aspirateur,4,1437.57,0.1,Allemagne,App,6.1,3,5175.2519999999995
CMD01201,2024-06-18,Lucie Martin,Beauté,Sérum,3,49.75,0.05,Italie,App,6.53,3,141.7875
CMD01202,2024-04-06,Carlos Gomez,Jouets,Jeu de société,5,851.15,0.0,France,Web,2.18,5,4255.75
CMD01203,2024-06-25,Ali Benali,Jouets,Lego,2,363.99,0.2,Belgique,Magasin,6.6,5,582.384
CMD01204,2024-04-16,Jean Dupont,Beauté,Crème visage,2,1199.29,0.3,Allemagne,Magasin,13.01,1,1679.0059999999999
CMD01205,2024-05-23,Lucie Martin,Beauté,Parfum,1,980.92,0.05,Espagne,Magasin,0.84,2,931.8739999999999
CMD01206,2024-05-13,Léa Durand,Beauté,Rouge à lèvres,5,1991.33,0.05,Allemagne,Web,6.62,1,9458.8175
CMD01207,2024-11-25,Carlos Gomez,Sport,Tapis de course,2,907.75,0.05,Allemagne,Web,8.79,4,1724.725
CMD01208,2024-05-19,Ali Benali,Sport,Tapis de course,1,933.23,0.2,Suisse,App,3.76,2,746.5840000000001
CMD01209,2024-03-29,Ali Benali,Électronique,Smartphone,3,1277.8,0.1,Belgique,Magasin,1.94,2,3450.06
CMD01210,2024-01-09,Ali Benali,Électronique,TV 4K,5,922.82,0.05,France,App,11.67,3,4383.395
CMD01211,2024-02-03,Carlos Gomez,Jouets,Lego,4,818.6,0.2,Espagne,Magasin,14.0,2,2619.5200000000004
CMD01212,2024-11-21,Carlos Gomez,Beauté,Rouge à lèvres,3,1039.37,0.3,Belgique,Magasin,0.42,3,2182.6769999999997
CMD01213,2024-05-12,Jean Dupont,Beauté,Sérum,1,1432.65,0.05,Belgique,App,14.49,4,1361.0175
CMD01214,2024-03-31,Sarah Moreau,Maison,Ventilateur,3,498.45,0.25,France,App,7.19,1,1121.5124999999998
CMD01215,2024-05-09,Paolo Bianchi,Mode,Montre,4,1232.85,0.05,France,App,1.51,1,4684.829999999999
CMD01216,2024-11-09,Jean Dupont,Jouets,Peluche,5,504.09,0.1,Maroc,Web,8.0,3,2268.4049999999997
CMD01217,2024-10-25,Sarah Moreau,Électronique,Ordinateur portable,5,485.61,0.25,Maroc,Magasin,0.62,2,1821.0375000000001
CMD01218,2024-06-14,Nina Müller,Mode,Veste,2,216.24,0.1,France,Web,5.08,2,389.232
CMD01219,2024-10-30,Jean Dupont,Jouets,Puzzle,3,821.8,0.2,Suisse,Magasin,2.39,1,1972.3199999999997
CMD01220,2024-10-20,Lucie Martin,Jouets,Jeu de société,1,251.99,0.25,France,Magasin,4.63,1,188.9925
CMD01221,2024-07-16,Sarah Moreau,Mode,Sac à main,5,1623.76,0.2,Suisse,Web,12.66,3,6495.040000000001
CMD01222,2024-06-16,Emma Rossi,Maison,Machine à café,4,972.92,0.2,Maroc,Web,10.09,3,3113.344
CMD01223,2024-09-04,Paolo Bianchi,Beauté,Crème visage,2,1873.62,0.15,Italie,Web,12.21,2,3185.1539999999995
CMD01224,2024-08-03,Sarah Moreau,Électronique,TV 4K,5,585.41,0.1,Maroc,Magasin,2.74,3,2634.345
CMD01225,2024-01-31,Sarah Moreau,Beauté,Sérum,1,554.35,0.25,France,Magasin,0.25,4,415.76250000000005
CMD01226,2024-08-14,Paolo Bianchi,Maison,Lampadaire,3,294.69,0.05,Espagne,Magasin,10.52,3,839.8664999999999
CMD01227,2024-12-06,Ali Benali,Jouets,Peluche,2,1335.23,0.2,Maroc,Magasin,5.13,4,2136.368
CMD01228,2024-01-25,Sarah Moreau,Électronique,Tablette,5,1430.28,0.2,Belgique,Magasin,1.08,2,5721.12
CMD01229,2024-11-18,Jean Dupont,Sport,Chaussures de sport,2,1533.43,0.05,Italie,Web,7.28,1,2913.517
CMD01230,2024-02-17,Léa Durand,Sport,Chaussures de sport,1,1077.69,0.2,Maroc,Web,13.09,4,862.152
CMD01231,2024-10-04,Ali Benali,Mode,Jean,1,176.74,0.1,Espagne,App,7.78,5,159.066
CMD01232,2024-03-09,Nina Müller,Maison,Ventilateur,5,72.37,0.25,Belgique,Magasin,12.27,5,271.38750000000005
CMD01233,2024-11-27,Ali Benali,Beauté,Parfum,1,273.62,0.05,Espagne,Magasin,10.04,2,259.93899999999996
CMD01234,2024-05-16,Emma Rossi,Jouets,Jeu de société,5,1708.04,0.3,Allemagne,App,14.45,4,5978.14
CMD01235,2024-01-15,Nina Müller,Électronique,TV 4K,2,41.68,0.05,Espagne,Magasin,9.35,3,79.192
CMD01236,2024-11-25,Youssef El Amrani,Beauté,Shampoing,4,202.31,0.2,Espagne,App,3.54,1,647.392
CMD01237,2024-02-29,Sarah Moreau,Électronique,Tablette,2,262.34,0.3,Italie,App,6.27,5,367.27599999999995
CMD01238,2024-09-26,Sarah Moreau,Sport,Chaussures de sport,3,330.11,0.05,Maroc,Magasin,6.8,5,940.8135
CMD01239,2024-07-04,Sarah Moreau,Sport,Tapis de course,1,167.07,0.2,Belgique,Magasin,14.04,1,133.656
CMD01240,2024-05-30,Jean Dupont,Maison,Ventilateur,5,794.44,0.1,Suisse,Web,11.95,5,3574.9800000000005
CMD01241,2024-01-17,Nina Müller,Jouets,Jeu de société,1,1665.56,0.05,Maroc,Web,8.82,5,1582.282
CMD01242,2024-03-24,Nina Müller,Maison,Lampadaire,3,484.29,0.1,Belgique,App,9.07,2,1307.583
CMD01243,2024-12-12,Jean Dupont,Mode,Sac à main,1,222.57,0.05,France,Web,11.6,3,211.4415
CMD01244,2024-01-16,Ali Benali,Beauté,Crème visage,2,349.37,0.25,France,App,4.61,3,524.0550000000001
CMD01245,2024-09-29,Ali Benali,Électronique,Casque audio,4,604.0,0.2,Italie,App,14.48,4,1932.8000000000002
CMD01246,2024-05-16,Sarah Moreau,Jouets,Puzzle,1,1000.06,0.1,Espagne,App,11.39,2,900.054
CMD01247,2024-02-24,Ali Benali,Maison,Mixeur,4,1331.43,0.25,Espagne,Web,6.28,1,3994.29
CMD01248,2024-01-26,Ali Benali,Mode,Chaussures,1,1891.16,0.2,Belgique,Web,11.13,5,1512.928
CMD01249,2024-01-31,Sarah Moreau,Sport,Ballon,1,404.41,0.25,Suisse,Magasin,2.75,2,303.3075
CMD01250,2024-09-12,Jean Dupont,Sport,Tapis de course,3,1812.76,0.05,Suisse,Magasin,4.01,4,5166.365999999999
CMD01251,2024-01-25,Youssef El Amrani,Maison,Aspirateur,2,400.0,0.2,Maroc,Web,8.75,3,640.0
CMD01252,2024-10-08,Jean Dupont,Jouets,Peluche,3,1847.34,0.05,Suisse,Magasin,1.91,5,5264.918999999999
CMD01253,2024-02-22,Sarah Moreau,Sport,Raquette,1,1321.21,0.15,Allemagne,Web,10.93,3,1123.0285
CMD01254,2024-04-09,Paolo Bianchi,Beauté,Sérum,4,17.8,0.3,Espagne,App,12.56,1,49.839999999999996
CMD01255,2024-01-29,Paolo Bianchi,Mode,Veste,3,311.02,0.3,Belgique,App,10.0,5,653.1419999999999
CMD01256,2024-08-01,Jean Dupont,Beauté,Crème visage,2,398.04,0.15,Italie,Magasin,0.27,4,676.668
CMD01257,2024-07-12,Youssef El Amrani,Beauté,Shampoing,2,232.9,0.1,Allemagne,Magasin,12.03,3,419.22
CMD01258,2024-04-27,Paolo Bianchi,Électronique,Smartphone,3,1483.35,0.1,Belgique,App,11.75,2,4005.0449999999996
CMD01259,2024-11-18,Sarah Moreau,Maison,Aspirateur,2,1253.93,0.1,Belgique,Magasin,2.62,4,2257.074
CMD01260,2024-01-21,Sarah Moreau,Mode,Jean,5,1452.33,0.15,Italie,Magasin,10.2,1,6172.402499999999
CMD01261,2024-07-06,Lucie Martin,Sport,Raquette,2,1449.43,0.1,Maroc,Magasin,9.98,5,2608.974
CMD01262,2024-09-16,Emma Rossi,Sport,Raquette,4,609.34,0.05,Belgique,Web,10.95,5,2315.492
CMD01263,2024-04-10,Jean Dupont,Maison,Mixeur,4,983.01,0.0,France,App,3.07,3,3932.04
CMD01264,2024-12-02,Léa Durand,Maison,Mixeur,5,292.94,0.0,Allemagne,Web,6.9,1,1464.7
CMD01265,2024-04-09,Emma Rossi,Jouets,Voiture téléguidée,3,327.48,0.25,Italie,Web,7.91,3,736.83
CMD01266,2024-12-02,Ali Benali,Beauté,Shampoing,4,403.4,0.05,Espagne,Magasin,10.85,5,1532.9199999999998
CMD01267,2024-12-09,Emma Rossi,Beauté,Crème visage,4,785.14,0.25,France,Magasin,12.04,3,2355.42
CMD01268,2024-06-16,Jean Dupont,Beauté,Parfum,3,299.8,0.2,France,Web,1.51,2,719.5200000000001
CMD01269,2024-11-08,Youssef El Amrani,Électronique,Smartphone,3,1280.96,0.0,Espagne,Magasin,13.81,4,3842.88
CMD01270,2024-06-10,Léa Durand,Beauté,Shampoing,3,154.32,0.15,Allemagne,Magasin,0.02,5,393.51599999999996
CMD01271,2024-10-10,Paolo Bianchi,Beauté,Parfum,3,1304.01,0.1,Allemagne,Magasin,11.51,2,3520.8269999999998
CMD01272,2024-04-27,Paolo Bianchi,Sport,Vélo,3,681.05,0.05,Suisse,Magasin,11.83,2,1940.9924999999998
CMD01273,2024-10-31,Emma Rossi,Sport,Tapis de course,5,1388.1,0.15,France,Magasin,5.26,5,5899.425
CMD01274,2024-10-19,Lucie Martin,Jouets,Lego,2,315.29,0.3,France,Magasin,8.49,2,441.406
CMD01275,2024-02-22,Carlos Gomez,Beauté,Crème visage,2,729.6,0.15,Italie,Magasin,12.14,4,1240.32
CMD01276,2024-01-07,Carlos Gomez,Mode,Veste,2,1912.25,0.05,Allemagne,Web,11.71,1,3633.2749999999996
CMD01277,2024-09-06,Youssef El Amrani,Électronique,Ordinateur portable,4,17.88,0.15,France,Magasin,2.62,2,60.791999999999994
CMD01278,2024-09-19,Youssef El Amrani,Jouets,Voiture téléguidée,4,326.73,0.15,France,App,9.76,3,1110.882
CMD01279,2024-01-09,Emma Rossi,Sport,Tapis de course,5,438.87,0.05,Italie,Magasin,8.16,2,2084.6324999999997
CMD01280,2024-03-18,Youssef El Amrani,Jouets,Voiture téléguidée,3,1217.37,0.2,Maroc,Magasin,11.96,4,2921.688
CMD01281,2024-04-13,Jean Dupont,Mode,Montre,4,1118.11,0.3,Suisse,Web,2.61,3,3130.7079999999996
CMD01282,2024-07-31,Emma Rossi,Beauté,Parfum,2,806.66,0.1,Belgique,Web,0.56,4,1451.988
CMD01283,2024-10-12,Sarah Moreau,Mode,Montre,3,1674.22,0.0,Suisse,Magasin,13.24,3,5022.66
CMD01284,2024-07-22,Carlos Gomez,Beauté,Rouge à lèvres,3,389.25,0.05,Italie,Magasin,12.64,2,1109.3625
CMD01285,2024-07-19,Léa Durand,Beauté,Shampoing,3,688.49,0.15,Espagne,Web,9.57,2,1755.6495000000002
CMD01286,2024-09-02,Lucie Martin,Maison,Ventilateur,2,910.98,0.05,France,Web,8.86,5,1730.8619999999999
CMD01287,2024-06-03,Youssef El Amrani,Beauté,Rouge à lèvres,4,1217.52,0.25,Maroc,Web,2.92,5,3652.56
CMD01288,2024-09-29,Jean Dupont,Électronique,Smartphone,1,1430.08,0.0,Italie,Magasin,6.67,5,1430.08
CMD01289,2024-08-29,Lucie Martin,Sport,Vélo,1,179.44,0.0,Italie,Magasin,2.14,3,179.44
CMD01290,2024-07-08,Ali Benali,Sport,Vélo,5,1985.32,0.05,Italie,App,13.22,4,9430.27
CMD01291,2024-06-11,Léa Durand,Électronique,Ordinateur portable,2,629.91,0.1,Espagne,App,10.55,3,1133.838
CMD01292,2024-10-22,Emma Rossi,Beauté,Rouge à lèvres,1,335.6,0.25,Allemagne,App,7.56,4,251.70000000000002
CMD01293,2024-06-23,Carlos Gomez,Sport,Raquette,2,1056.63,0.15,Espagne,Web,12.73,1,1796.2710000000002
CMD01294,2024-04-22,Léa Durand,Mode,Veste,4,1459.56,0.2,France,App,4.16,4,4670.592
CMD01295,2024-09-18,Emma Rossi,Jouets,Puzzle,5,1128.28,0.05,Maroc,Magasin,9.72,2,5359.329999999999
CMD01296,2024-08-20,Jean Dupont,Jouets,Voiture téléguidée,3,1023.92,0.0,Allemagne,App,1.15,2,3071.7599999999998
CMD01297,2024-08-04,Sarah Moreau,Beauté,Parfum,3,1368.37,0.05,Maroc,Magasin,0.79,1,3899.8544999999995
CMD01298,2024-07-24,Emma Rossi,Sport,Vélo,3,778.87,0.15,Allemagne,Web,7.63,2,1986.1185
CMD01299,2024-10-17,Sarah Moreau,Sport,Vélo,1,387.97,0.15,Belgique,App,13.5,4,329.7745
CMD01300,2024-11-03,Ali Benali,Jouets,Jeu de société,5,1347.32,0.25,Italie,Web,12.37,4,5052.45
CMD01301,2024-04-12,Nina Müller,Électronique,Ordinateur portable,5,1960.21,0.0,Espagne,Magasin,4.02,3,9801.05
CMD01302,2024-03-02,Paolo Bianchi,Mode,Chaussures,4,30.13,0.1,Allemagne,Web,8.54,2,108.468
CMD01303,2024-10-18,Paolo Bianchi,Mode,Sac à main,2,1085.7,0.0,Suisse,Magasin,13.79,5,2171.4
CMD01304,2024-04-23,Paolo Bianchi,Beauté,Crème visage,1,936.79,0.0,Allemagne,App,8.12,5,936.79
CMD01305,2024-10-02,Nina Müller,Maison,Lampadaire,4,1603.6,0.3,Maroc,Magasin,2.46,1,4490.079999999999
CMD01306,2024-06-01,Nina Müller,Maison,Ventilateur,2,1331.38,0.0,France,Web,2.89,3,2662.76
CMD01307,2024-12-28,Sarah Moreau,Électronique,Casque audio,5,1439.02,0.2,Belgique,App,12.41,2,5756.080000000001
CMD01308,2024-02-16,Paolo Bianchi,Sport,Chaussures de sport,5,355.61,0.1,Maroc,App,0.42,3,1600.2450000000001
CMD01309,2024-03-26,Ali Benali,Jouets,Puzzle,3,1983.75,0.3,Italie,Magasin,4.2,2,4165.875
CMD01310,2024-07-22,Paolo Bianchi,Électronique,Ordinateur portable,1,1457.26,0.0,France,Magasin,10.4,2,1457.26
CMD01311,2024-03-04,Léa Durand,Sport,Tapis de course,3,665.77,0.3,Espagne,Web,13.78,5,1398.117
CMD01312,2024-07-26,Ali Benali,Mode,Veste,3,1594.61,0.05,France,Web,13.1,1,4544.6385
CMD01313,2024-04-14,Jean Dupont,Beauté,Crème visage,3,1050.19,0.25,France,Magasin,6.21,5,2362.9275000000002
CMD01314,2024-03-19,Paolo Bianchi,Mode,Sac à main,4,105.08,0.15,Italie,App,3.08,1,357.272
CMD01315,2024-08-11,Lucie Martin,Mode,Sac à main,1,628.9,0.15,France,Web,11.62,2,534.5649999999999
CMD01316,2024-11-13,Youssef El Amrani,Sport,Tapis de course,2,1776.01,0.15,Suisse,Magasin,0.87,1,3019.217
CMD01317,2024-08-31,Carlos Gomez,Beauté,Parfum,5,1895.65,0.0,France,Magasin,4.02,2,9478.25
CMD01318,2024-03-10,Carlos Gomez,Sport,Tapis de course,3,511.77,0.0,Espagne,App,7.73,4,1535.31
CMD01319,2024-08-08,Léa Durand,Beauté,Shampoing,3,1335.06,0.3,Italie,Web,1.72,3,2803.6259999999997
CMD01320,2024-06-10,Paolo Bianchi,Mode,Sac à main,3,1317.06,0.25,Belgique,Web,8.93,2,2963.3849999999998
CMD01321,2024-02-03,Carlos Gomez,Électronique,TV 4K,3,1248.53,0.0,Belgique,App,0.95,4,3745.59
CMD01322,2024-07-07,Emma Rossi,Sport,Chaussures de sport,2,1993.73,0.0,Italie,App,0.49,1,3987.46
CMD01323,2024-05-07,Léa Durand,Mode,Veste,3,468.49,0.15,Suisse,Magasin,5.21,4,1194.6495
CMD01324,2024-02-14,Lucie Martin,Électronique,TV 4K,4,1767.55,0.1,Espagne,App,4.02,4,6363.18
CMD01325,2024-07-09,Youssef El Amrani,Sport,Raquette,4,719.65,0.25,Espagne,App,14.01,4,2158.95
CMD01326,2024-12-22,Youssef El Amrani,Électronique,Smartphone,2,903.68,0.25,Italie,App,14.53,2,1355.52
CMD01327,2024-11-18,Jean Dupont,Mode,Jean,1,242.96,0.25,Suisse,Web,11.24,3,182.22
CMD01328,2024-06-28,Paolo Bianchi,Électronique,Tablette,2,725.98,0.1,Maroc,App,14.56,2,1306.7640000000001
CMD01329,2024-05-17,Jean Dupont,Sport,Tapis de course,3,854.5,0.0,Suisse,App,4.15,5,2563.5
CMD01330,2024-05-06,Jean Dupont,Électronique,Casque audio,1,783.46,0.2,Belgique,App,1.96,1,626.768
CMD01331,2024-10-06,Nina Müller,Électronique,Ordinateur portable,2,1563.14,0.25,Maroc,Web,9.12,2,2344.71
CMD01332,2024-08-07,Emma Rossi,Jouets,Jeu de société,3,81.57,0.1,Belgique,App,12.11,4,220.23899999999998
CMD01333,2024-10-16,Lucie Martin,Sport,Vélo,1,565.9,0.1,Maroc,App,10.25,1,509.31
CMD01334,2024-12-24,Sarah Moreau,Sport,Raquette,3,1021.87,0.25,Allemagne,Web,12.68,2,2299.2075
CMD01335,2024-07-12,Carlos Gomez,Maison,Lampadaire,1,319.83,0.3,Belgique,App,9.41,5,223.88099999999997
CMD01336,2024-05-03,Carlos Gomez,Beauté,Rouge à lèvres,5,381.95,0.2,Belgique,App,13.62,5,1527.8000000000002
CMD01337,2024-07-21,Emma Rossi,Jouets,Puzzle,3,169.24,0.2,Italie,Web,12.88,1,406.17600000000004
CMD01338,2024-06-05,Ali Benali,Beauté,Sérum,5,448.67,0.0,France,App,3.76,3,2243.35
CMD01339,2024-11-08,Jean Dupont,Sport,Tapis de course,3,925.28,0.1,Italie,Magasin,9.35,1,2498.2560000000003
CMD01340,2024-08-12,Carlos Gomez,Jouets,Puzzle,5,679.42,0.25,Allemagne,Magasin,7.42,1,2547.825
CMD01341,2024-11-28,Paolo Bianchi,Mode,Veste,1,1010.54,0.05,Espagne,Web,11.15,3,960.0129999999999
CMD01342,2024-07-24,Nina Müller,Mode,Montre,5,1175.45,0.15,Maroc,App,3.88,1,4995.662499999999
CMD01343,2024-11-04,Emma Rossi,Électronique,Casque audio,3,1112.4,0.25,Belgique,Web,11.32,5,2502.9
CMD01344,2024-09-16,Youssef El Amrani,Maison,Lampadaire,1,653.81,0.0,Italie,Web,6.05,5,653.81
CMD01345,2024-03-29,Sarah Moreau,Mode,Jean,4,1639.31,0.2,Allemagne,Magasin,8.4,5,5245.792
CMD01346,2024-12-02,Ali Benali,Maison,Aspirateur,2,1128.6,0.15,Allemagne,Magasin,6.79,4,1918.62
CMD01347,2024-08-07,Carlos Gomez,Mode,Montre,5,1949.79,0.25,Allemagne,Web,13.8,4,7311.712500000001
CMD01348,2024-07-20,Lucie Martin,Jouets,Voiture téléguidée,3,1764.6,0.0,Maroc,Magasin,13.69,4,5293.799999999999
CMD01349,2024-08-05,Emma Rossi,Sport,Chaussures de sport,2,880.92,0.0,Italie,Web,7.06,1,1761.84
CMD01350,2024-11-14,Carlos Gomez,Sport,Chaussures de sport,5,1583.12,0.25,Italie,Magasin,4.52,3,5936.7
CMD01351,2024-06-20,Emma Rossi,Électronique,Casque audio,1,1500.51,0.3,Allemagne,App,1.76,4,1050.357
CMD01352,2024-07-21,Youssef El Amrani,Sport,Tapis de course,5,1804.8,0.0,France,Magasin,8.26,4,9024.0
CMD01353,2024-12-21,Emma Rossi,Mode,Chaussures,1,1051.34,0.05,Allemagne,Web,3.88,4,998.7729999999999
CMD01354,2024-08-24,Paolo Bianchi,Sport,Tapis de course,4,623.62,0.3,Belgique,Web,1.3,1,1746.136
CMD01355,2024-03-28,Carlos Gomez,Électronique,Casque audio,5,82.32,0.25,Italie,Magasin,7.96,1,308.7
CMD01356,2024-09-02,Sarah Moreau,Maison,Machine à café,1,748.83,0.05,France,App,3.01,5,711.3885
CMD01357,2024-07-22,Nina Müller,Sport,Vélo,3,1086.25,0.15,Allemagne,App,14.59,2,2769.9375
CMD01358,2024-10-18,Sarah Moreau,Sport,Vélo,3,697.86,0.05,Suisse,Web,10.49,3,1988.9009999999998
CMD01359,2024-07-02,Nina Müller,Maison,Mixeur,4,1103.16,0.2,Suisse,Web,7.87,2,3530.1120000000005
CMD01360,2024-07-06,Nina Müller,Mode,Montre,1,1814.66,0.3,Maroc,Web,3.84,2,1270.262
CMD01361,2024-02-25,Emma Rossi,Mode,Sac à main,2,1515.15,0.1,Belgique,App,9.03,3,2727.2700000000004
CMD01362,2024-02-19,Sarah Moreau,Beauté,Crème visage,3,827.09,0.15,France,Web,10.87,1,2109.0795
CMD01363,2024-03-28,Emma Rossi,Sport,Tapis de course,2,186.66,0.05,Espagne,App,6.57,1,354.654
CMD01364,2024-05-12,Jean Dupont,Mode,Chaussures,2,486.35,0.05,Allemagne,Magasin,7.82,2,924.065
CMD01365,2024-05-27,Emma Rossi,Maison,Lampadaire,3,1123.84,0.0,France,Magasin,12.13,5,3371.5199999999995
CMD01366,2024-03-22,Youssef El Amrani,Jouets,Puzzle,5,1788.08,0.15,Italie,App,4.98,4,7599.339999999999
CMD01367,2024-07-21,Jean Dupont,Maison,Machine à café,1,269.33,0.0,Allemagne,App,9.7,4,269.33
CMD01368,2024-05-31,Lucie Martin,Beauté,Shampoing,4,272.1,0.2,Suisse,App,9.11,5,870.7200000000001
CMD01369,2024-03-15,Emma Rossi,Beauté,Rouge à lèvres,2,96.43,0.25,France,Magasin,9.83,1,144.645
CMD01370,2024-02-23,Youssef El Amrani,Beauté,Parfum,3,45.11,0.2,Italie,App,10.41,2,108.264
CMD01371,2024-07-05,Lucie Martin,Mode,Jean,2,709.9,0.1,France,Magasin,3.12,2,1277.82
CMD01372,2024-01-26,Emma Rossi,Beauté,Parfum,2,443.38,0.3,Maroc,Magasin,4.25,2,620.732
CMD01373,2024-12-02,Lucie Martin,Mode,Sac à main,3,724.15,0.2,Maroc,Magasin,12.13,2,1737.96
CMD01374,2024-05-08,Youssef El Amrani,Électronique,Casque audio,4,462.14,0.25,Maroc,Web,6.89,1,1386.42
CMD01375,2024-04-14,Paolo Bianchi,Mode,Sac à main,1,541.66,0.1,Belgique,Web,9.92,5,487.49399999999997
CMD01376,2024-02-17,Léa Durand,Jouets,Puzzle,2,1649.25,0.1,France,Magasin,0.19,3,2968.65
CMD01377,2024-06-13,Carlos Gomez,Maison,Ventilateur,5,1186.69,0.1,Italie,Web,1.13,3,5340.1050000000005
CMD01378,2024-06-09,Sarah Moreau,Maison,Lampadaire,5,1196.17,0.05,Italie,Magasin,11.8,5,5681.8075
CMD01379,2024-07-20,Sarah Moreau,Jouets,Lego,2,1616.45,0.15,Suisse,App,0.06,3,2747.965
CMD01380,2024-09-09,Ali Benali,Sport,Ballon,4,1332.26,0.2,Maroc,Web,14.16,2,4263.232
CMD01381,2024-01-28,Lucie Martin,Maison,Lampadaire,3,889.4,0.0,France,App,11.46,1,2668.2
CMD01382,2024-03-25,Youssef El Amrani,Beauté,Sérum,3,1725.07,0.2,Suisse,App,11.06,2,4140.168000000001
CMD01383,2024-04-14,Nina Müller,Beauté,Rouge à lèvres,1,157.41,0.3,Maroc,App,15.0,5,110.187
CMD01384,2024-10-07,Carlos Gomez,Maison,Ventilateur,2,1120.18,0.0,Suisse,Magasin,8.81,4,2240.36
CMD01385,2024-02-29,Sarah Moreau,Sport,Chaussures de sport,3,1675.36,0.3,Suisse,Magasin,13.73,1,3518.256
CMD01386,2024-10-13,Nina Müller,Électronique,Casque audio,5,568.11,0.1,Allemagne,Magasin,9.03,5,2556.4950000000003
CMD01387,2024-09-01,Sarah Moreau,Beauté,Rouge à lèvres,2,1587.75,0.2,France,App,8.4,4,2540.4
CMD01388,2024-11-02,Ali Benali,Électronique,TV 4K,2,581.61,0.2,Italie,App,13.05,4,930.576
CMD01389,2024-06-15,Emma Rossi,Mode,Sac à main,2,39.89,0.3,Suisse,Magasin,14.84,2,55.846
CMD01390,2024-07-06,Léa Durand,Mode,Jean,2,857.98,0.2,Allemagne,Web,7.55,4,1372.768
CMD01391,2024-04-19,Youssef El Amrani,Jouets,Voiture téléguidée,5,806.06,0.3,Allemagne,Web,14.08,4,2821.2099999999996
CMD01392,2024-03-05,Jean Dupont,Mode,Chaussures,1,1105.59,0.2,Italie,App,4.99,4,884.472
CMD01393,2024-04-16,Jean Dupont,Maison,Mixeur,5,640.66,0.3,France,Magasin,4.28,5,2242.3099999999995
CMD01394,2024-10-24,Nina Müller,Beauté,Rouge à lèvres,1,1058.37,0.2,Espagne,Magasin,8.7,4,846.6959999999999
CMD01395,2024-01-10,Carlos Gomez,Mode,Chaussures,3,1075.47,0.3,France,Magasin,12.27,1,2258.4869999999996
CMD01396,2024-01-20,Ali Benali,Maison,Lampadaire,5,1134.03,0.05,Belgique,Magasin,11.61,1,5386.642499999999
CMD01397,2024-10-07,Léa Durand,Jouets,Voiture téléguidée,1,1022.28,0.0,Suisse,Web,3.53,2,1022.28
CMD01398,2024-02-12,Nina Müller,Électronique,Tablette,3,1422.47,0.3,Suisse,Magasin,12.0,2,2987.187
CMD01399,2024-02-01,Paolo Bianchi,Électronique,Tablette,2,1931.88,0.25,France,App,3.51,2,2897.82
CMD01400,2024-01-15,Ali Benali,Maison,Mixeur,2,257.62,0.0,France,Web,6.08,2,515.24
CMD01401,2024-05-26,Paolo Bianchi,Jouets,Lego,5,653.16,0.05,Maroc,App,13.56,2,3102.5099999999998
CMD01402,2024-12-03,Sarah Moreau,Sport,Chaussures de sport,3,1344.19,0.1,Suisse,Web,14.52,5,3629.313
CMD01403,2024-04-24,Youssef El Amrani,Maison,Machine à café,1,1441.21,0.05,Espagne,App,1.28,1,1369.1495
CMD01404,2024-03-30,Carlos Gomez,Mode,Montre,2,626.63,0.2,France,App,8.99,4,1002.6080000000001
CMD01405,2024-11-26,Ali Benali,Mode,Chaussures,1,1382.75,0.1,Italie,Magasin,0.29,5,1244.4750000000001
CMD01406,2024-01-19,Lucie Martin,Beauté,Parfum,1,1820.08,0.3,Maroc,Magasin,1.08,1,1274.0559999999998
CMD01407,2024-08-04,Ali Benali,Jouets,Peluche,2,475.51,0.15,Suisse,Magasin,4.55,5,808.367
CMD01408,2024-06-17,Léa Durand,Jouets,Puzzle,2,619.73,0.0,Allemagne,Magasin,14.37,3,1239.46
CMD01409,2024-10-23,Youssef El Amrani,Jouets,Peluche,5,1468.35,0.25,Espagne,Web,4.93,3,5506.3125
CMD01410,2024-04-14,Jean Dupont,Sport,Tapis de course,2,369.47,0.25,Belgique,Magasin,11.53,4,554.205
CMD01411,2024-11-26,Carlos Gomez,Maison,Lampadaire,1,419.72,0.3,Belgique,Magasin,8.03,2,293.804
CMD01412,2024-06-17,Nina Müller,Jouets,Voiture téléguidée,4,722.86,0.1,Maroc,Magasin,7.65,5,2602.2960000000003
CMD01413,2024-11-05,Carlos Gomez,Beauté,Rouge à lèvres,3,959.33,0.15,Maroc,Web,5.75,2,2446.2915000000003
CMD01414,2024-09-09,Paolo Bianchi,Sport,Raquette,2,239.65,0.05,France,Web,4.8,1,455.335
CMD01415,2024-12-07,Youssef El Amrani,Sport,Raquette,3,1719.09,0.3,Italie,Web,11.44,4,3610.0889999999995
CMD01416,2024-06-13,Nina Müller,Électronique,Casque audio,1,555.43,0.25,Maroc,App,12.77,5,416.5725
CMD01417,2024-05-15,Sarah Moreau,Mode,Sac à main,3,1854.74,0.2,Allemagne,Magasin,4.38,3,4451.376
CMD01418,2024-02-17,Nina Müller,Beauté,Sérum,4,1822.56,0.25,Belgique,App,6.18,4,5467.68
CMD01419,2024-07-23,Carlos Gomez,Jouets,Voiture téléguidée,3,428.45,0.15,France,Magasin,13.17,3,1092.5475
CMD01420,2024-04-11,Sarah Moreau,Beauté,Rouge à lèvres,5,812.05,0.15,Italie,Web,4.23,2,3451.2125
CMD01421,2024-03-17,Jean Dupont,Mode,Montre,2,196.11,0.15,Suisse,Magasin,2.38,3,333.387
CMD01422,2024-02-27,Sarah Moreau,Sport,Ballon,5,641.35,0.2,Suisse,App,5.74,5,2565.4
CMD01423,2024-05-31,Ali Benali,Beauté,Shampoing,1,1735.63,0.2,Italie,Magasin,0.07,1,1388.5040000000001
CMD01424,2024-07-27,Carlos Gomez,Mode,Veste,5,1424.68,0.3,Suisse,App,0.3,2,4986.38
CMD01425,2024-01-16,Léa Durand,Mode,Montre,3,899.08,0.1,Maroc,Magasin,7.02,4,2427.516
CMD01426,2024-11-02,Youssef El Amrani,Jouets,Jeu de société,3,1357.83,0.3,Italie,Magasin,5.63,1,2851.4429999999998
CMD01427,2024-10-05,Lucie Martin,Maison,Machine à café,1,1938.25,0.15,Italie,App,9.63,4,1647.5125
CMD01428,2024-08-21,Jean Dupont,Sport,Chaussures de sport,1,1702.35,0.3,Suisse,Magasin,7.06,4,1191.6449999999998
CMD01429,2024-02-21,Sarah Moreau,Électronique,Casque audio,1,1097.76,0.1,Suisse,Web,2.51,1,987.984
CMD01430,2024-02-15,Emma Rossi,Mode,Jean,1,1347.84,0.25,France,App,8.05,1,1010.8799999999999
CMD01431,2024-12-10,Carlos Gomez,Sport,Chaussures de sport,1,1686.64,0.3,Belgique,Magasin,13.16,5,1180.648
CMD01432,2024-04-11,Carlos Gomez,Beauté,Crème visage,5,1894.34,0.3,Maroc,Web,5.23,3,6630.189999999999
CMD01433,2024-02-18,Jean Dupont,Maison,Aspirateur,4,1163.68,0.0,Espagne,Magasin,6.83,2,4654.72
CMD01434,2024-03-11,Léa Durand,Électronique,Tablette,1,87.21,0.1,France,Web,5.88,5,78.48899999999999
CMD01435,2024-03-16,Carlos Gomez,Maison,Mixeur,3,707.78,0.2,Allemagne,App,5.19,5,1698.6720000000003
CMD01436,2024-05-09,Lucie Martin,Mode,Chaussures,4,504.96,0.0,Allemagne,Web,12.09,2,2019.84
CMD01437,2024-11-02,Carlos Gomez,Jouets,Peluche,3,1732.63,0.0,Allemagne,App,13.54,3,5197.89
CMD01438,2024-05-20,Léa Durand,Beauté,Rouge à lèvres,4,464.05,0.15,Allemagne,App,12.25,3,1577.77
CMD01439,2024-05-31,Sarah Moreau,Mode,Chaussures,5,161.84,0.15,Suisse,Magasin,14.76,1,687.82
CMD01440,2024-12-30,Youssef El Amrani,Maison,Aspirateur,4,28.75,0.0,Italie,App,4.26,4,115.0
CMD01441,2024-08-16,Nina Müller,Jouets,Jeu de société,4,1728.23,0.25,Espagne,Magasin,3.97,4,5184.6900000000005
CMD01442,2024-05-05,Léa Durand,Maison,Machine à café,4,539.38,0.2,Italie,Web,5.92,1,1726.016
CMD01443,2024-01-14,Emma Rossi,Mode,Jean,2,1865.97,0.0,France,Magasin,10.32,1,3731.94
CMD01444,2024-04-14,Ali Benali,Beauté,Parfum,1,279.63,0.1,Espagne,App,13.17,5,251.667
CMD01445,2024-05-23,Ali Benali,Électronique,Smartphone,3,940.82,0.0,France,Magasin,7.36,2,2822.46
CMD01446,2024-12-10,Paolo Bianchi,Jouets,Jeu de société,1,915.7,0.25,Italie,Magasin,13.49,2,686.7750000000001
CMD01447,2024-03-12,Emma Rossi,Maison,Aspirateur,2,574.65,0.25,Italie,Magasin,9.51,3,861.9749999999999
CMD01448,2024-11-23,Youssef El Amrani,Électronique,Tablette,2,492.16,0.05,Italie,Magasin,2.74,1,935.104
CMD01449,2024-04-02,Ali Benali,Électronique,Casque audio,4,48.7,0.25,Maroc,Magasin,1.12,2,146.10000000000002
CMD01450,2024-12-11,Emma Rossi,Jouets,Voiture téléguidée,1,125.97,0.3,Suisse,Web,9.56,1,88.17899999999999
CMD01451,2024-07-12,Ali Benali,Jouets,Voiture téléguidée,1,27.91,0.15,Espagne,Web,6.49,4,23.723499999999998
CMD01452,2024-08-01,Lucie Martin,Jouets,Jeu de société,4,75.57,0.2,Suisse,Magasin,9.81,3,241.82399999999998
CMD01453,2024-03-05,Carlos Gomez,Sport,Vélo,2,180.73,0.15,Espagne,App,7.23,4,307.241
CMD01454,2024-07-28,Jean Dupont,Mode,Veste,1,95.91,0.05,France,App,8.89,5,91.11449999999999
CMD01455,2024-11-25,Emma Rossi,Électronique,TV 4K,1,1935.8,0.15,Belgique,App,3.02,4,1645.4299999999998
CMD01456,2024-01-10,Nina Müller,Électronique,Ordinateur portable,4,632.35,0.3,Suisse,Magasin,0.42,2,1770.58
CMD01457,2024-08-29,Léa Durand,Jouets,Jeu de société,5,837.67,0.25,Maroc,Web,3.18,3,3141.2625
CMD01458,2024-11-19,Youssef El Amrani,Électronique,Smartphone,3,390.64,0.15,Maroc,App,11.82,4,996.1320000000001
CMD01459,2024-11-12,Carlos Gomez,Électronique,Ordinateur portable,1,31.49,0.2,Maroc,Magasin,8.58,5,25.192
CMD01460,2024-01-16,Jean Dupont,Jouets,Jeu de société,4,1570.72,0.1,France,Web,6.15,1,5654.592000000001
CMD01461,2024-03-30,Léa Durand,Électronique,TV 4K,1,962.62,0.05,Italie,App,14.18,2,914.4889999999999
CMD01462,2024-09-25,Léa Durand,Mode,Jean,2,1836.34,0.2,Espagne,App,9.39,1,2938.1440000000002
CMD01463,2024-10-16,Emma Rossi,Mode,Chaussures,2,1892.1,0.0,Espagne,App,7.07,4,3784.2
CMD01464,2024-12-18,Léa Durand,Maison,Aspirateur,1,1442.72,0.25,Belgique,App,7.58,5,1082.04
CMD01465,2024-07-10,Emma Rossi,Beauté,Shampoing,4,1314.7,0.15,France,Web,14.44,2,4469.9800000000005
CMD01466,2024-12-22,Sarah Moreau,Maison,Lampadaire,3,1041.46,0.3,Suisse,Magasin,10.96,1,2187.066
CMD01467,2024-03-13,Sarah Moreau,Jouets,Voiture téléguidée,4,1462.48,0.05,France,Web,12.97,5,5557.424
CMD01468,2024-07-04,Emma Rossi,Sport,Vélo,3,1252.14,0.1,Allemagne,Magasin,6.87,4,3380.7780000000002
CMD01469,2024-08-06,Lucie Martin,Beauté,Parfum,5,971.2,0.15,Suisse,Web,5.19,5,4127.599999999999
CMD01470,2024-12-21,Carlos Gomez,Sport,Raquette,2,202.67,0.05,Allemagne,Web,14.43,2,385.073
CMD01471,2024-05-02,Sarah Moreau,Électronique,Smartphone,2,656.16,0.15,Allemagne,Magasin,6.14,5,1115.472
CMD01472,2024-03-29,Lucie Martin,Maison,Ventilateur,5,976.14,0.0,Belgique,App,13.83,2,4880.7
CMD01473,2024-06-30,Sarah Moreau,Électronique,Casque audio,1,516.99,0.1,Suisse,App,1.7,2,465.291
CMD01474,2024-10-23,Ali Benali,Beauté,Parfum,1,361.06,0.3,Italie,App,13.3,4,252.742
CMD01475,2024-12-24,Léa Durand,Mode,Jean,5,1534.65,0.25,Espagne,App,14.21,2,5754.9375
CMD01476,2024-08-10,Youssef El Amrani,Électronique,Tablette,2,174.65,0.0,Allemagne,Web,14.01,5,349.3
CMD01477,2024-01-23,Nina Müller,Maison,Lampadaire,3,772.5,0.05,Suisse,Magasin,14.15,2,2201.625
CMD01478,2024-07-21,Jean Dupont,Beauté,Crème visage,5,1023.14,0.25,Italie,Magasin,11.72,3,3836.7749999999996
CMD01479,2024-03-19,Sarah Moreau,Beauté,Sérum,5,1432.26,0.15,Belgique,Magasin,0.17,1,6087.105
CMD01480,2024-10-06,Carlos Gomez,Électronique,TV 4K,5,271.81,0.2,France,App,14.52,4,1087.24
CMD01481,2024-02-12,Nina Müller,Mode,Jean,5,1720.06,0.15,Allemagne,App,8.54,2,7310.254999999999
CMD01482,2024-01-31,Carlos Gomez,Maison,Machine à café,1,890.36,0.15,Belgique,Magasin,4.27,3,756.806
CMD01483,2024-08-04,Lucie Martin,Maison,Mixeur,4,952.14,0.1,Belgique,Web,10.44,2,3427.704
CMD01484,2024-06-13,Emma Rossi,Mode,Chaussures,2,1640.66,0.3,Italie,App,9.0,3,2296.924
CMD01485,2024-06-05,Emma Rossi,Mode,Sac à main,3,965.41,0.3,Italie,Web,2.44,4,2027.3609999999999
CMD01486,2024-03-14,Ali Benali,Sport,Tapis de course,1,1829.54,0.05,Italie,App,13.94,3,1738.0629999999999
CMD01487,2024-08-27,Ali Benali,Mode,Montre,3,1109.15,0.15,Allemagne,Magasin,14.73,2,2828.3325
CMD01488,2024-04-27,Nina Müller,Électronique,Smartphone,5,894.52,0.1,Maroc,Magasin,4.89,1,4025.3400000000006
CMD01489,2024-05-07,Paolo Bianchi,Jouets,Peluche,5,660.28,0.3,Suisse,Magasin,1.19,3,2310.9799999999996
CMD01490,2024-02-17,Nina Müller,Jouets,Peluche,2,648.22,0.15,France,App,1.85,2,1101.974
CMD01491,2024-09-13,Paolo Bianchi,Mode,Chaussures,2,1751.27,0.25,Italie,Web,6.47,5,2626.9049999999997
CMD01492,2024-02-28,Carlos Gomez,Beauté,Crème visage,1,1215.97,0.25,Espagne,App,0.76,5,911.9775
CMD01493,2024-02-17,Jean Dupont,Mode,Jean,4,1248.87,0.3,Italie,App,12.37,1,3496.8359999999993
CMD01494,2024-10-07,Lucie Martin,Électronique,Ordinateur portable,1,1897.37,0.0,Belgique,Web,5.12,1,1897.37
CMD01495,2024-11-11,Sarah Moreau,Maison,Mixeur,1,329.82,0.05,France,App,13.44,3,313.32899999999995
CMD01496,2024-03-01,Léa Durand,Mode,Montre,3,734.6,0.05,France,Magasin,12.02,1,2093.61
CMD01497,2024-02-12,Lucie Martin,Sport,Vélo,1,1343.24,0.15,France,App,13.71,3,1141.754
CMD01498,2024-09-27,Lucie Martin,Mode,Chaussures,1,965.24,0.0,Maroc,Magasin,0.47,2,965.24
CMD01499,2024-07-10,Léa Durand,Beauté,Crème visage,1,613.53,0.3,Italie,Magasin,0.08,5,429.47099999999995
CMD01500,2024-03-29,Jean Dupont,Électronique,Ordinateur portable,2,891.04,0.0,Belgique,Magasin,3.69,1,1782.08
CMD01501,2024-03-01,Léa Durand,Maison,Machine à café,4,1408.7,0.25,Espagne,Web,12.2,2,4226.1
CMD01502,2024-08-24,Paolo Bianchi,Beauté,Crème visage,2,480.31,0.15,Suisse,App,8.6,1,816.5269999999999
CMD01503,2024-11-03,Youssef El Amrani,Électronique,TV 4K,3,1041.8,0.25,Espagne,Web,14.89,4,2344.0499999999997
CMD01504,2024-11-26,Youssef El Amrani,Sport,Chaussures de sport,1,1071.9,0.15,Maroc,App,5.94,1,911.115
CMD01505,2024-10-09,Carlos Gomez,Mode,Montre,3,915.35,0.25,France,Web,10.13,3,2059.5375000000004
CMD01506,2024-08-15,Ali Benali,Jouets,Lego,5,1295.06,0.1,Espagne,Magasin,7.44,5,5827.7699999999995
CMD01507,2024-03-03,Youssef El Amrani,Mode,Chaussures,3,1970.01,0.2,Belgique,Web,10.75,2,4728.024
CMD01508,2024-06-16,Nina Müller,Jouets,Jeu de société,4,913.15,0.15,Allemagne,Magasin,5.85,2,3104.71
CMD01509,2024-01-02,Lucie Martin,Jouets,Lego,5,991.56,0.2,France,Magasin,7.72,3,3966.24
CMD01510,2024-11-08,Nina Müller,Sport,Vélo,2,1270.21,0.1,Espagne,Magasin,6.34,5,2286.378
CMD01511,2024-10-01,Emma Rossi,Sport,Ballon,1,166.61,0.1,Belgique,App,5.44,5,149.949
CMD01512,2024-03-01,Paolo Bianchi,Beauté,Sérum,1,1370.91,0.25,Espagne,Magasin,2.62,2,1028.1825000000001
CMD01513,2024-09-10,Sarah Moreau,Électronique,Ordinateur portable,2,1378.0,0.1,Italie,App,4.24,3,2480.4
CMD01514,2024-04-16,Carlos Gomez,Maison,Mixeur,5,374.51,0.25,Suisse,App,8.05,4,1404.4125
CMD01515,2024-11-24,Youssef El Amrani,Beauté,Shampoing,3,265.87,0.05,Espagne,App,10.29,1,757.7295
CMD01516,2024-08-22,Nina Müller,Beauté,Shampoing,2,1255.71,0.15,Italie,Web,8.59,5,2134.707
CMD01517,2024-05-24,Léa Durand,Électronique,Casque audio,4,1031.21,0.1,Suisse,Web,14.56,1,3712.356
CMD01518,2024-01-21,Youssef El Amrani,Électronique,TV 4K,2,873.22,0.2,Maroc,Magasin,3.81,5,1397.152
CMD01519,2024-10-26,Lucie Martin,Sport,Tapis de course,4,1091.38,0.15,Belgique,Web,4.48,1,3710.6920000000005
CMD01520,2024-01-28,Sarah Moreau,Beauté,Shampoing,2,1236.35,0.3,Suisse,Web,10.35,2,1730.8899999999999
CMD01521,2024-04-17,Nina Müller,Jouets,Puzzle,5,305.48,0.2,Espagne,Magasin,5.52,1,1221.92
CMD01522,2024-05-08,Sarah Moreau,Beauté,Parfum,3,119.67,0.05,Italie,Web,9.99,2,341.05949999999996
CMD01523,2024-01-01,Léa Durand,Jouets,Lego,3,374.98,0.05,Allemagne,App,3.16,4,1068.693
CMD01524,2024-04-09,Jean Dupont,Beauté,Parfum,3,1045.71,0.1,Italie,Web,3.41,1,2823.4170000000004
CMD01525,2024-08-06,Paolo Bianchi,Sport,Raquette,5,1824.52,0.05,Allemagne,App,1.13,2,8666.47
CMD01526,2024-05-30,Youssef El Amrani,Maison,Mixeur,1,685.92,0.1,France,Web,12.64,1,617.328
CMD01527,2024-02-10,Paolo Bianchi,Jouets,Jeu de société,4,1305.15,0.1,Espagne,Magasin,2.93,2,4698.540000000001
CMD01528,2024-08-31,Paolo Bianchi,Électronique,Casque audio,2,543.07,0.1,Italie,Magasin,13.07,4,977.5260000000001
CMD01529,2024-05-21,Jean Dupont,Maison,Ventilateur,5,647.77,0.25,Belgique,App,7.19,1,2429.1375
CMD01530,2024-02-24,Carlos Gomez,Mode,Sac à main,4,753.15,0.2,Maroc,Web,13.03,4,2410.08
CMD01531,2024-07-16,Sarah Moreau,Beauté,Crème visage,3,1232.2,0.0,Maroc,App,4.37,5,3696.6000000000004
CMD01532,2024-03-14,Lucie Martin,Mode,Jean,1,1169.31,0.0,Belgique,App,7.46,2,1169.31
CMD01533,2024-03-27,Ali Benali,Jouets,Peluche,1,1744.39,0.1,France,Web,1.43,4,1569.951
CMD01534,2024-04-29,Jean Dupont,Sport,Tapis de course,5,813.26,0.0,Espagne,Web,13.17,5,4066.3
CMD01535,2024-07-07,Ali Benali,Électronique,Casque audio,3,1768.69,0.3,France,Magasin,1.64,5,3714.2489999999993
CMD01536,2024-04-22,Sarah Moreau,Beauté,Parfum,4,1723.62,0.2,Italie,App,1.09,5,5515.584
CMD01537,2024-04-30,Sarah Moreau,Électronique,Smartphone,4,1905.82,0.3,France,Magasin,8.14,2,5336.295999999999
CMD01538,2024-02-08,Ali Benali,Mode,Sac à main,5,1586.86,0.05,Maroc,Web,14.2,4,7537.584999999999
CMD01539,2024-09-04,Léa Durand,Mode,Montre,2,1127.34,0.15,Italie,Magasin,3.37,5,1916.4779999999998
CMD01540,2024-01-12,Ali Benali,Beauté,Rouge à lèvres,2,1222.84,0.25,Belgique,App,5.07,2,1834.2599999999998
CMD01541,2024-05-16,Léa Durand,Sport,Ballon,1,1576.08,0.1,Italie,App,4.87,2,1418.472
CMD01542,2024-08-13,Sarah Moreau,Électronique,Casque audio,2,1125.09,0.05,France,Magasin,5.32,3,2137.671
CMD01543,2024-05-26,Léa Durand,Beauté,Sérum,1,555.34,0.0,Allemagne,Web,9.61,5,555.34
CMD01544,2024-06-15,Sarah Moreau,Maison,Ventilateur,1,456.92,0.1,Italie,App,6.84,5,411.228
CMD01545,2024-09-14,Léa Durand,Mode,Chaussures,4,1655.22,0.2,Italie,Magasin,5.91,1,5296.704000000001
CMD01546,2024-11-21,Léa Durand,Jouets,Voiture téléguidée,3,1185.92,0.05,Allemagne,App,11.23,5,3379.872
CMD01547,2024-03-27,Lucie Martin,Mode,Jean,1,1561.27,0.25,Italie,Web,14.13,4,1170.9524999999999
CMD01548,2024-08-10,Carlos Gomez,Mode,Sac à main,3,1149.64,0.15,Belgique,Magasin,12.83,1,2931.582
CMD01549,2024-12-07,Léa Durand,Sport,Vélo,5,904.7,0.0,Belgique,Magasin,8.14,4,4523.5
CMD01550,2024-01-31,Youssef El Amrani,Électronique,TV 4K,2,1644.86,0.25,France,Magasin,9.96,1,2467.29
CMD01551,2024-01-19,Paolo Bianchi,Jouets,Voiture téléguidée,5,1789.26,0.0,Allemagne,Web,12.31,2,8946.3
CMD01552,2024-12-13,Sarah Moreau,Beauté,Sérum,4,1089.18,0.25,Belgique,Magasin,10.6,4,3267.54
CMD01553,2024-05-28,Léa Durand,Maison,Aspirateur,5,981.33,0.1,Suisse,App,10.58,3,4415.985000000001
CMD01554,2024-10-27,Jean Dupont,Mode,Chaussures,1,1355.23,0.1,Belgique,Magasin,8.02,1,1219.707
CMD01555,2024-01-05,Sarah Moreau,Électronique,TV 4K,2,1651.01,0.0,Suisse,Magasin,1.11,1,3302.02
CMD01556,2024-05-15,Emma Rossi,Sport,Ballon,3,1701.84,0.0,Italie,App,1.76,3,5105.5199999999995
CMD01557,2024-12-03,Carlos Gomez,Maison,Machine à café,3,470.32,0.05,Allemagne,App,4.22,3,1340.412
CMD01558,2024-08-18,Emma Rossi,Électronique,Ordinateur portable,2,1164.65,0.0,Italie,Web,13.72,5,2329.3
CMD01559,2024-06-08,Léa Durand,Sport,Vélo,1,430.3,0.1,Belgique,App,4.44,1,387.27000000000004
CMD01560,2024-08-16,Lucie Martin,Jouets,Peluche,3,87.77,0.2,Allemagne,App,4.81,1,210.64800000000002
CMD01561,2024-08-14,Carlos Gomez,Sport,Vélo,3,881.69,0.2,France,App,1.38,3,2116.056
CMD01562,2024-07-28,Carlos Gomez,Mode,Jean,1,1031.73,0.05,Belgique,Magasin,5.59,1,980.1435
CMD01563,2024-02-25,Lucie Martin,Électronique,Tablette,2,234.22,0.1,Suisse,Web,7.33,1,421.596
CMD01564,2024-08-24,Lucie Martin,Jouets,Peluche,2,1773.87,0.2,Allemagne,Web,10.01,2,2838.192
CMD01565,2024-09-28,Léa Durand,Sport,Ballon,5,122.1,0.25,Italie,App,13.41,5,457.875
CMD01566,2024-08-02,Ali Benali,Beauté,Parfum,1,882.21,0.2,Allemagne,Web,2.47,1,705.768
CMD01567,2024-09-01,Youssef El Amrani,Maison,Machine à café,4,972.21,0.15,Maroc,App,8.88,2,3305.514
CMD01568,2024-09-24,Youssef El Amrani,Sport,Tapis de course,3,155.76,0.2,Belgique,App,12.18,1,373.824
CMD01569,2024-09-10,Sarah Moreau,Sport,Chaussures de sport,4,229.24,0.3,Italie,App,7.15,3,641.872
CMD01570,2024-07-26,Jean Dupont,Jouets,Voiture téléguidée,5,605.04,0.25,Allemagne,App,5.36,1,2268.8999999999996
CMD01571,2024-10-14,Emma Rossi,Sport,Tapis de course,5,1388.67,0.2,Belgique,App,5.14,5,5554.68
CMD01572,2024-06-02,Sarah Moreau,Jouets,Jeu de société,5,651.3,0.1,Espagne,App,14.79,4,2930.85
CMD01573,2024-05-10,Emma Rossi,Jouets,Puzzle,2,1501.14,0.2,Suisse,App,4.37,1,2401.824
CMD01574,2024-12-14,Emma Rossi,Beauté,Parfum,3,1064.45,0.1,Suisse,Web,8.33,3,2874.0150000000003
CMD01575,2024-11-25,Ali Benali,Maison,Machine à café,2,1496.98,0.0,Maroc,App,9.31,1,2993.96
CMD01576,2024-05-22,Emma Rossi,Maison,Machine à café,4,1763.4,0.1,France,Web,13.24,3,6348.240000000001
CMD01577,2024-03-24,Youssef El Amrani,Sport,Vélo,1,1359.46,0.1,Belgique,App,12.67,4,1223.5140000000001
CMD01578,2024-12-04,Ali Benali,Jouets,Jeu de société,5,1993.4,0.2,France,Magasin,0.5,4,7973.6
CMD01579,2024-03-17,Nina Müller,Maison,Lampadaire,4,964.24,0.3,Suisse,App,12.61,5,2699.872
CMD01580,2024-10-05,Emma Rossi,Sport,Vélo,4,566.14,0.05,Allemagne,Magasin,1.09,5,2151.332
CMD01581,2024-11-01,Carlos Gomez,Jouets,Peluche,3,1393.56,0.05,Maroc,Web,6.39,5,3971.646
CMD01582,2024-02-09,Lucie Martin,Électronique,Casque audio,4,1862.36,0.25,Belgique,App,8.51,2,5587.08
CMD01583,2024-11-26,Nina Müller,Mode,Sac à main,3,1418.0,0.1,Italie,App,8.14,4,3828.6
CMD01584,2024-03-30,Carlos Gomez,Maison,Machine à café,1,1622.18,0.3,Allemagne,Magasin,9.51,5,1135.526
CMD01585,2024-02-25,Paolo Bianchi,Jouets,Voiture téléguidée,3,1456.69,0.25,Belgique,App,2.44,4,3277.5525
CMD01586,2024-10-07,Ali Benali,Sport,Vélo,2,1613.66,0.1,Maroc,App,6.95,1,2904.588
CMD01587,2024-09-05,Ali Benali,Sport,Vélo,4,1485.86,0.05,Maroc,App,13.82,4,5646.267999999999
CMD01588,2024-06-18,Carlos Gomez,Maison,Machine à café,4,1379.35,0.0,Allemagne,App,13.34,1,5517.4
CMD01589,2024-04-25,Nina Müller,Mode,Chaussures,5,1342.67,0.0,France,Magasin,13.23,2,6713.35
CMD01590,2024-10-14,Nina Müller,Sport,Chaussures de sport,5,789.16,0.15,Maroc,Magasin,13.0,1,3353.93
CMD01591,2024-01-22,Sarah Moreau,Électronique,Tablette,3,214.86,0.3,Maroc,App,5.08,5,451.206
CMD01592,2024-04-10,Emma Rossi,Mode,Veste,1,604.11,0.2,Maroc,Web,5.01,2,483.288
CMD01593,2024-10-07,Jean Dupont,Jouets,Puzzle,3,880.32,0.05,Allemagne,App,6.83,4,2508.912
CMD01594,2024-10-28,Emma Rossi,Sport,Raquette,4,35.89,0.3,Maroc,Magasin,7.34,3,100.49199999999999
CMD01595,2024-02-02,Paolo Bianchi,Électronique,Casque audio,5,58.54,0.0,Maroc,App,5.88,5,292.7
CMD01596,2024-10-10,Youssef El Amrani,Jouets,Voiture téléguidée,4,1211.13,0.1,Belgique,App,10.91,3,4360.068
CMD01597,2024-08-21,Paolo Bianchi,Beauté,Crème visage,1,474.83,0.25,Espagne,Web,4.04,5,356.1225
CMD01598,2024-12-13,Sarah Moreau,Sport,Tapis de course,5,643.52,0.2,Allemagne,App,1.6,4,2574.08
CMD01599,2024-11-11,Nina Müller,Jouets,Voiture téléguidée,2,521.34,0.1,Espagne,Web,3.59,1,938.412
CMD01600,2024-12-18,Sarah Moreau,Maison,Machine à café,2,868.7,0.3,Espagne,Magasin,7.74,4,1216.18
CMD01601,2024-08-13,Carlos Gomez,Jouets,Peluche,5,150.03,0.3,Espagne,Web,5.32,1,525.1049999999999
CMD01602,2024-09-23,Youssef El Amrani,Sport,Ballon,2,1117.9,0.1,Maroc,Magasin,12.85,3,2012.2200000000003
CMD01603,2024-04-23,Léa Durand,Jouets,Puzzle,5,879.35,0.15,Italie,Web,1.43,4,3737.2374999999997
CMD01604,2024-08-16,Nina Müller,Jouets,Jeu de société,4,81.17,0.2,Suisse,App,2.37,1,259.744
CMD01605,2024-01-13,Youssef El Amrani,Beauté,Rouge à lèvres,1,947.46,0.0,France,Magasin,8.52,2,947.46
CMD01606,2024-05-23,Paolo Bianchi,Jouets,Peluche,3,272.17,0.3,Maroc,Magasin,12.64,3,571.5569999999999
CMD01607,2024-08-20,Youssef El Amrani,Mode,Chaussures,2,245.74,0.15,Belgique,Magasin,1.78,2,417.758
CMD01608,2024-07-01,Sarah Moreau,Électronique,Ordinateur portable,4,598.55,0.1,Espagne,App,2.03,2,2154.7799999999997
CMD01609,2024-08-10,Nina Müller,Sport,Raquette,5,1326.28,0.1,Belgique,Magasin,2.95,2,5968.26
CMD01610,2024-10-14,Youssef El Amrani,Électronique,Tablette,2,28.31,0.15,Espagne,Web,6.03,4,48.126999999999995
CMD01611,2024-05-14,Nina Müller,Mode,Montre,4,395.5,0.05,Espagne,Magasin,14.77,1,1502.8999999999999
CMD01612,2024-07-12,Sarah Moreau,Mode,Montre,2,1680.02,0.1,France,App,11.24,3,3024.036
CMD01613,2024-08-31,Sarah Moreau,Sport,Vélo,5,1311.02,0.15,Allemagne,Web,3.36,1,5571.835
CMD01614,2024-01-31,Léa Durand,Maison,Mixeur,2,919.89,0.0,Italie,Web,7.69,3,1839.78
CMD01615,2024-11-13,Sarah Moreau,Électronique,Tablette,5,1647.07,0.3,Espagne,Web,5.91,5,5764.745
CMD01616,2024-02-04,Youssef El Amrani,Maison,Aspirateur,1,1012.1,0.3,France,App,1.13,5,708.47
CMD01617,2024-11-03,Paolo Bianchi,Beauté,Parfum,4,1794.04,0.25,Italie,Magasin,7.36,5,5382.12
CMD01618,2024-05-06,Emma Rossi,Jouets,Puzzle,3,1158.27,0.1,Espagne,Web,11.73,5,3127.329
CMD01619,2024-08-02,Carlos Gomez,Jouets,Puzzle,4,98.88,0.2,Italie,App,1.96,1,316.416
CMD01620,2024-07-13,Sarah Moreau,Jouets,Puzzle,4,989.51,0.1,France,App,10.04,3,3562.236
CMD01621,2024-01-26,Paolo Bianchi,Beauté,Parfum,1,1362.65,0.0,Maroc,App,3.67,5,1362.65
CMD01622,2024-12-16,Carlos Gomez,Jouets,Jeu de société,5,236.39,0.15,France,App,1.62,4,1004.6574999999998
CMD01623,2024-06-03,Carlos Gomez,Beauté,Parfum,4,638.85,0.0,Allemagne,Magasin,3.91,1,2555.4
CMD01624,2024-07-15,Ali Benali,Électronique,Smartphone,5,1547.32,0.0,Allemagne,App,1.42,4,7736.599999999999
CMD01625,2024-05-06,Léa Durand,Jouets,Voiture téléguidée,5,1955.07,0.3,Maroc,Web,3.94,3,6842.745
CMD01626,2024-06-30,Ali Benali,Jouets,Peluche,5,1174.67,0.25,Belgique,App,13.33,2,4405.012500000001
CMD01627,2024-06-21,Ali Benali,Mode,Montre,1,426.97,0.0,Italie,Magasin,5.72,4,426.97
CMD01628,2024-06-12,Nina Müller,Jouets,Voiture téléguidée,4,1460.45,0.3,Italie,App,9.95,2,4089.2599999999998
CMD01629,2024-12-23,Youssef El Amrani,Beauté,Rouge à lèvres,3,135.89,0.3,Maroc,Magasin,10.4,3,285.36899999999997
CMD01630,2024-07-08,Lucie Martin,Électronique,Tablette,2,1761.06,0.3,Espagne,Web,2.25,2,2465.484
CMD01631,2024-10-26,Léa Durand,Électronique,Ordinateur portable,4,636.72,0.15,Allemagne,App,14.73,5,2164.848
CMD01632,2024-07-29,Emma Rossi,Mode,Montre,5,62.06,0.25,Belgique,App,0.49,2,232.72500000000002
CMD01633,2024-09-07,Carlos Gomez,Sport,Ballon,2,475.67,0.25,France,Web,9.56,3,713.505
CMD01634,2024-10-23,Nina Müller,Maison,Aspirateur,2,1037.33,0.2,Espagne,App,5.28,1,1659.728
CMD01635,2024-03-31,Lucie Martin,Maison,Lampadaire,2,548.34,0.25,Belgique,App,3.01,5,822.51
CMD01636,2024-07-09,Carlos Gomez,Jouets,Peluche,3,447.25,0.15,Espagne,App,7.24,5,1140.4875
CMD01637,2024-05-28,Sarah Moreau,Sport,Raquette,5,911.99,0.25,Belgique,Web,9.9,1,3419.9624999999996
CMD01638,2024-12-01,Emma Rossi,Électronique,Tablette,4,1221.08,0.05,Espagne,App,1.75,2,4640.103999999999
CMD01639,2024-06-06,Nina Müller,Sport,Vélo,3,916.1,0.0,Maroc,App,10.58,1,2748.3
CMD01640,2024-10-05,Ali Benali,Beauté,Shampoing,2,1377.69,0.2,Allemagne,Web,14.87,1,2204.304
CMD01641,2024-05-09,Léa Durand,Sport,Chaussures de sport,4,1515.51,0.2,Allemagne,Web,1.39,3,4849.6320000000005
CMD01642,2024-08-23,Ali Benali,Électronique,Casque audio,1,1348.98,0.0,Belgique,Magasin,9.55,3,1348.98
CMD01643,2024-08-21,Jean Dupont,Sport,Raquette,2,1608.49,0.25,Italie,Web,6.84,5,2412.735
CMD01644,2024-11-03,Carlos Gomez,Sport,Raquette,2,507.21,0.15,Maroc,Magasin,8.84,1,862.257
CMD01645,2024-03-11,Nina Müller,Maison,Ventilateur,3,818.1,0.2,France,App,0.16,5,1963.4400000000003
CMD01646,2024-08-08,Nina Müller,Mode,Veste,3,713.42,0.05,Maroc,Web,5.67,1,2033.2469999999996
CMD01647,2024-01-12,Sarah Moreau,Jouets,Jeu de société,1,1590.82,0.25,Maroc,App,11.66,2,1193.115
CMD01648,2024-02-02,Lucie Martin,Électronique,Tablette,1,919.31,0.05,Suisse,App,0.61,3,873.3444999999999
CMD01649,2024-09-05,Youssef El Amrani,Maison,Aspirateur,5,1417.97,0.1,Maroc,Web,7.07,4,6380.865000000001
CMD01650,2024-04-01,Jean Dupont,Jouets,Voiture téléguidée,3,359.59,0.3,France,App,10.4,5,755.1389999999999
CMD01651,2024-10-21,Ali Benali,Sport,Ballon,1,723.14,0.15,Belgique,Magasin,9.64,4,614.669
CMD01652,2024-04-14,Ali Benali,Sport,Raquette,4,521.67,0.25,Italie,App,5.95,5,1565.0099999999998
CMD01653,2024-09-06,Jean Dupont,Sport,Chaussures de sport,2,967.44,0.0,Allemagne,Web,12.3,4,1934.88
CMD01654,2024-11-14,Ali Benali,Jouets,Jeu de société,2,268.5,0.0,Espagne,Magasin,10.99,5,537.0
CMD01655,2024-09-27,Nina Müller,Jouets,Jeu de société,1,507.42,0.05,Italie,App,10.96,2,482.049
CMD01656,2024-09-21,Sarah Moreau,Maison,Aspirateur,2,977.25,0.3,Maroc,App,5.42,4,1368.1499999999999
CMD01657,2024-04-04,Youssef El Amrani,Beauté,Shampoing,2,219.97,0.15,Maroc,App,9.91,1,373.949
CMD01658,2024-09-10,Paolo Bianchi,Électronique,TV 4K,2,467.11,0.25,Allemagne,App,12.94,4,700.665
CMD01659,2024-11-03,Jean Dupont,Sport,Tapis de course,5,1952.4,0.1,Belgique,Web,4.8,3,8785.800000000001
CMD01660,2024-08-22,Jean Dupont,Beauté,Crème visage,2,390.19,0.25,Italie,App,1.7,4,585.285
CMD01661,2024-11-19,Jean Dupont,Mode,Jean,2,1976.64,0.25,Espagne,Web,5.79,3,2964.96
CMD01662,2024-11-17,Jean Dupont,Électronique,Smartphone,4,1212.72,0.1,France,Magasin,6.42,4,4365.792
CMD01663,2024-02-11,Youssef El Amrani,Jouets,Peluche,2,1543.12,0.25,France,Web,1.88,3,2314.68
CMD01664,2024-11-05,Nina Müller,Jouets,Peluche,1,970.63,0.15,Allemagne,Web,4.21,1,825.0355
CMD01665,2024-02-08,Youssef El Amrani,Électronique,TV 4K,1,1589.85,0.3,Italie,Web,9.43,3,1112.8949999999998
CMD01666,2024-05-02,Jean Dupont,Sport,Ballon,1,67.38,0.3,France,Web,0.0,5,47.166
CMD01667,2024-07-22,Léa Durand,Maison,Lampadaire,2,1679.39,0.15,Belgique,Magasin,3.5,1,2854.963
CMD01668,2024-11-19,Léa Durand,Jouets,Lego,2,1126.69,0.25,Italie,App,5.6,5,1690.035
CMD01669,2024-05-04,Carlos Gomez,Sport,Ballon,5,1928.0,0.25,Belgique,App,6.06,2,7230.0
CMD01670,2024-07-09,Nina Müller,Beauté,Sérum,2,811.52,0.05,France,App,5.61,1,1541.888
CMD01671,2024-11-02,Jean Dupont,Maison,Ventilateur,3,1842.93,0.3,France,App,5.49,3,3870.153
CMD01672,2024-06-28,Emma Rossi,Mode,Chaussures,2,1649.37,0.1,Suisse,App,14.15,3,2968.866
CMD01673,2024-06-29,Léa Durand,Sport,Tapis de course,3,1426.9,0.15,Allemagne,Web,1.89,3,3638.5950000000007
CMD01674,2024-06-23,Ali Benali,Beauté,Crème visage,3,262.05,0.3,Allemagne,App,10.83,1,550.3050000000001
CMD01675,2024-01-28,Sarah Moreau,Beauté,Parfum,3,225.26,0.2,Italie,App,2.92,4,540.624
CMD01676,2024-05-13,Emma Rossi,Mode,Veste,2,405.79,0.1,Italie,Magasin,4.48,4,730.422
CMD01677,2024-06-23,Sarah Moreau,Beauté,Shampoing,1,479.66,0.1,Suisse,Magasin,2.01,1,431.694
CMD01678,2024-04-29,Carlos Gomez,Sport,Chaussures de sport,1,13.61,0.2,Maroc,Magasin,14.94,4,10.888
CMD01679,2024-11-21,Emma Rossi,Mode,Sac à main,1,1872.89,0.05,Belgique,App,4.95,4,1779.2455
CMD01680,2024-07-18,Youssef El Amrani,Maison,Mixeur,1,1393.44,0.05,Italie,Magasin,3.11,1,1323.768
CMD01681,2024-02-04,Léa Durand,Électronique,TV 4K,5,586.27,0.1,Allemagne,Web,10.25,3,2638.215
CMD01682,2024-01-01,Carlos Gomez,Électronique,Casque audio,1,1874.53,0.2,Espagne,Web,6.09,2,1499.624
CMD01683,2024-09-08,Paolo Bianchi,Électronique,Ordinateur portable,1,617.77,0.05,Espagne,App,12.16,5,586.8815
CMD01684,2024-08-26,Lucie Martin,Sport,Vélo,4,765.13,0.15,Maroc,Web,1.59,3,2601.442
CMD01685,2024-09-19,Nina Müller,Mode,Sac à main,4,1455.94,0.2,Allemagne,Magasin,13.07,2,4659.008000000001
CMD01686,2024-08-21,Lucie Martin,Électronique,TV 4K,5,1796.61,0.0,Belgique,App,2.52,1,8983.05
CMD01687,2024-07-25,Ali Benali,Mode,Montre,3,260.35,0.25,Allemagne,Web,6.35,4,585.7875
CMD01688,2024-02-28,Lucie Martin,Sport,Vélo,5,1058.25,0.2,Espagne,Magasin,8.86,5,4233.0
CMD01689,2024-04-23,Emma Rossi,Sport,Chaussures de sport,5,212.49,0.25,France,Magasin,2.29,1,796.8375000000001
CMD01690,2024-10-19,Lucie Martin,Électronique,TV 4K,2,829.38,0.25,Allemagne,Web,10.26,3,1244.07
CMD01691,2024-08-09,Ali Benali,Sport,Raquette,5,1185.84,0.3,France,Magasin,5.86,4,4150.44
CMD01692,2024-10-30,Paolo Bianchi,Sport,Ballon,2,416.43,0.15,Italie,App,6.19,2,707.931
CMD01693,2024-02-25,Youssef El Amrani,Jouets,Puzzle,1,1962.25,0.0,Espagne,Web,4.91,5,1962.25
CMD01694,2024-06-15,Ali Benali,Électronique,Ordinateur portable,3,1519.22,0.3,Espagne,App,12.25,2,3190.3619999999996
CMD01695,2024-11-29,Jean Dupont,Maison,Machine à café,4,736.54,0.0,Suisse,Magasin,10.44,2,2946.16
CMD01696,2024-06-24,Jean Dupont,Sport,Vélo,3,148.6,0.05,Suisse,App,13.29,4,423.50999999999993
CMD01697,2024-12-18,Youssef El Amrani,Jouets,Lego,2,1024.37,0.3,Allemagne,Web,2.12,5,1434.1179999999997
CMD01698,2024-08-18,Jean Dupont,Beauté,Sérum,2,677.76,0.0,Espagne,Magasin,0.38,3,1355.52
CMD01699,2024-10-24,Nina Müller,Mode,Sac à main,2,1595.73,0.2,Maroc,Magasin,6.62,2,2553.168
CMD01700,2024-06-12,Jean Dupont,Maison,Lampadaire,5,1796.08,0.2,France,Web,14.54,2,7184.32
CMD01701,2024-12-20,Léa Durand,Mode,Veste,4,195.66,0.2,Maroc,Magasin,11.57,4,626.1120000000001
CMD01702,2024-12-24,Jean Dupont,Beauté,Shampoing,5,1292.4,0.05,Italie,Magasin,3.12,5,6138.9
CMD01703,2024-09-13,Paolo Bianchi,Beauté,Rouge à lèvres,2,525.48,0.25,Allemagne,Magasin,3.22,4,788.22
CMD01704,2024-07-13,Carlos Gomez,Sport,Ballon,4,1530.87,0.1,Maroc,App,5.07,3,5511.132
CMD01705,2024-11-18,Emma Rossi,Mode,Sac à main,2,1971.99,0.05,Espagne,Web,0.44,2,3746.781
CMD01706,2024-02-27,Léa Durand,Maison,Mixeur,2,1860.42,0.1,Espagne,Web,13.0,3,3348.7560000000003
CMD01707,2024-04-03,Ali Benali,Beauté,Parfum,4,127.85,0.15,France,Web,1.96,1,434.69
CMD01708,2024-09-01,Lucie Martin,Maison,Mixeur,5,1652.36,0.15,Suisse,Magasin,8.38,5,7022.529999999999
CMD01709,2024-01-17,Carlos Gomez,Maison,Lampadaire,5,1136.93,0.2,Italie,Magasin,6.94,3,4547.72
CMD01710,2024-06-21,Lucie Martin,Électronique,Ordinateur portable,2,1219.84,0.05,Allemagne,App,12.32,4,2317.696
CMD01711,2024-03-12,Emma Rossi,Beauté,Shampoing,3,63.09,0.05,Espagne,Web,14.52,4,179.8065
CMD01712,2024-11-24,Nina Müller,Maison,Aspirateur,2,1296.78,0.25,Espagne,Web,14.43,4,1945.17
CMD01713,2024-08-22,Paolo Bianchi,Jouets,Puzzle,2,1101.32,0.15,Allemagne,App,12.5,3,1872.244
CMD01714,2024-07-10,Paolo Bianchi,Électronique,Tablette,1,1066.41,0.25,Belgique,App,7.92,1,799.8075000000001
CMD01715,2024-12-13,Sarah Moreau,Jouets,Voiture téléguidée,1,729.92,0.25,Suisse,Web,9.39,4,547.4399999999999
CMD01716,2024-03-05,Lucie Martin,Sport,Vélo,1,1581.83,0.25,Suisse,Web,6.73,3,1186.3725
CMD01717,2024-04-08,Carlos Gomez,Sport,Chaussures de sport,5,879.7,0.25,Maroc,Web,9.12,2,3298.875
CMD01718,2024-03-12,Lucie Martin,Beauté,Rouge à lèvres,2,782.38,0.05,France,Web,4.16,3,1486.522
CMD01719,2024-06-25,Carlos Gomez,Jouets,Jeu de société,3,1034.71,0.2,Belgique,App,8.81,4,2483.304
CMD01720,2024-12-29,Ali Benali,Maison,Mixeur,4,1344.95,0.15,Espagne,App,5.0,1,4572.83
CMD01721,2024-03-23,Carlos Gomez,Jouets,Puzzle,3,1912.93,0.2,Espagne,App,1.34,3,4591.032
CMD01722,2024-08-08,Emma Rossi,Maison,Lampadaire,4,359.44,0.1,Espagne,App,8.66,3,1293.984
CMD01723,2024-01-14,Lucie Martin,Jouets,Puzzle,5,1003.08,0.05,France,Web,12.75,5,4764.63
CMD01724,2024-02-07,Carlos Gomez,Sport,Ballon,5,426.48,0.3,Maroc,Magasin,6.36,2,1492.68
CMD01725,2024-08-02,Carlos Gomez,Maison,Ventilateur,3,902.49,0.1,Maroc,Magasin,14.96,3,2436.7230000000004
CMD01726,2024-07-26,Carlos Gomez,Mode,Veste,3,275.7,0.15,Belgique,Magasin,13.32,3,703.0349999999999
CMD01727,2024-04-05,Lucie Martin,Maison,Ventilateur,1,308.23,0.2,France,App,7.1,4,246.58400000000003
CMD01728,2024-01-05,Jean Dupont,Mode,Montre,2,32.94,0.1,Maroc,App,11.75,3,59.291999999999994
CMD01729,2024-01-08,Jean Dupont,Sport,Chaussures de sport,5,624.18,0.0,Maroc,App,0.46,3,3120.8999999999996
CMD01730,2024-08-15,Jean Dupont,Sport,Tapis de course,1,1726.24,0.15,Belgique,App,3.7,3,1467.3039999999999
CMD01731,2024-02-14,Nina Müller,Jouets,Puzzle,3,1341.82,0.3,Suisse,Magasin,4.05,5,2817.8219999999997
CMD01732,2024-05-21,Carlos Gomez,Mode,Jean,1,1090.42,0.05,France,App,2.69,1,1035.8990000000001
CMD01733,2024-08-30,Emma Rossi,Électronique,Casque audio,1,1573.48,0.3,Espagne,Magasin,13.45,1,1101.436
CMD01734,2024-03-28,Ali Benali,Jouets,Peluche,5,1890.52,0.3,France,App,9.64,3,6616.82
CMD01735,2024-06-30,Lucie Martin,Beauté,Shampoing,1,415.51,0.2,Maroc,App,14.43,1,332.408
CMD01736,2024-06-23,Nina Müller,Sport,Ballon,3,1907.11,0.2,Suisse,Magasin,6.55,3,4577.064
CMD01737,2024-10-27,Nina Müller,Mode,Montre,3,40.38,0.0,Espagne,Magasin,0.34,4,121.14000000000001
CMD01738,2024-10-29,Nina Müller,Électronique,Tablette,3,1412.77,0.05,Belgique,Magasin,7.84,2,4026.3944999999994
CMD01739,2024-01-13,Emma Rossi,Mode,Chaussures,5,16.01,0.2,Allemagne,App,1.66,4,64.04
CMD01740,2024-03-16,Jean Dupont,Mode,Chaussures,3,1533.87,0.3,France,Web,11.46,1,3221.1269999999995
CMD01741,2024-06-03,Ali Benali,Beauté,Parfum,4,1622.5,0.0,Italie,Web,7.03,5,6490.0
CMD01742,2024-09-15,Lucie Martin,Mode,Chaussures,1,1956.21,0.15,Italie,App,6.4,1,1662.7785
CMD01743,2024-09-02,Sarah Moreau,Beauté,Sérum,4,1112.72,0.3,France,Web,4.21,2,3115.616
CMD01744,2024-02-29,Ali Benali,Sport,Chaussures de sport,5,1384.8,0.25,Allemagne,Magasin,0.01,5,5193.0
CMD01745,2024-02-08,Nina Müller,Maison,Lampadaire,5,1846.63,0.1,Allemagne,App,9.78,2,8309.835000000001
CMD01746,2024-04-08,Sarah Moreau,Beauté,Rouge à lèvres,5,305.55,0.2,Belgique,Magasin,14.34,2,1222.2
CMD01747,2024-02-06,Carlos Gomez,Électronique,TV 4K,4,719.39,0.2,France,Magasin,6.78,5,2302.0480000000002
CMD01748,2024-05-28,Sarah Moreau,Mode,Veste,2,980.29,0.0,Suisse,Web,7.95,5,1960.58
CMD01749,2024-10-19,Ali Benali,Jouets,Puzzle,1,1820.02,0.2,Italie,App,5.85,3,1456.016
CMD01750,2024-02-22,Nina Müller,Beauté,Shampoing,1,312.83,0.15,Suisse,Magasin,2.04,4,265.90549999999996
CMD01751,2024-10-12,Paolo Bianchi,Sport,Tapis de course,4,1470.88,0.0,Allemagne,App,8.79,5,5883.52
CMD01752,2024-05-22,Lucie Martin,Électronique,Tablette,3,1193.72,0.15,Allemagne,Magasin,7.7,4,3043.986
CMD01753,2024-02-18,Carlos Gomez,Sport,Vélo,4,239.88,0.3,France,Web,14.39,3,671.664
CMD01754,2024-03-03,Léa Durand,Beauté,Crème visage,5,342.44,0.05,Allemagne,Web,10.19,2,1626.59
CMD01755,2024-11-14,Ali Benali,Mode,Veste,4,1546.34,0.2,Italie,Magasin,9.96,4,4948.2880000000005
CMD01756,2024-09-16,Nina Müller,Maison,Machine à café,1,1315.73,0.15,Maroc,Web,7.28,5,1118.3705
CMD01757,2024-09-11,Lucie Martin,Électronique,Casque audio,5,636.02,0.3,France,App,4.12,1,2226.0699999999997
CMD01758,2024-09-01,Léa Durand,Jouets,Lego,2,568.61,0.05,France,Web,1.05,3,1080.359
CMD01759,2024-03-22,Léa Durand,Maison,Machine à café,2,1322.06,0.0,Espagne,Magasin,0.92,2,2644.12
CMD01760,2024-03-03,Paolo Bianchi,Jouets,Puzzle,3,632.24,0.15,France,Web,3.32,1,1612.212
CMD01761,2024-07-29,Ali Benali,Électronique,Casque audio,2,1527.97,0.2,Allemagne,Magasin,8.07,3,2444.752
CMD01762,2024-10-27,Sarah Moreau,Électronique,TV 4K,4,28.98,0.15,Belgique,Web,9.02,5,98.532
CMD01763,2024-10-08,Emma Rossi,Électronique,Smartphone,3,1855.76,0.0,Suisse,Web,5.22,1,5567.28
CMD01764,2024-08-04,Youssef El Amrani,Maison,Aspirateur,5,1431.16,0.3,Maroc,App,12.35,4,5009.0599999999995
CMD01765,2024-02-16,Lucie Martin,Maison,Ventilateur,3,507.24,0.0,Belgique,App,2.32,1,1521.72
CMD01766,2024-01-27,Youssef El Amrani,Mode,Jean,5,852.85,0.05,Maroc,Web,1.59,4,4051.0375
CMD01767,2024-04-16,Emma Rossi,Maison,Machine à café,5,39.85,0.2,Allemagne,Magasin,1.53,4,159.4
CMD01768,2024-02-03,Ali Benali,Mode,Veste,4,1010.07,0.1,France,Magasin,9.55,4,3636.2520000000004
CMD01769,2024-09-02,Ali Benali,Mode,Chaussures,5,697.47,0.05,Italie,App,4.25,3,3312.9825
CMD01770,2024-10-17,Youssef El Amrani,Sport,Vélo,2,450.77,0.0,Belgique,App,8.14,5,901.54
CMD01771,2024-04-20,Carlos Gomez,Électronique,Smartphone,3,1115.85,0.1,France,Web,6.86,3,3012.7949999999996
CMD01772,2024-01-13,Ali Benali,Mode,Veste,2,1656.04,0.2,Maroc,App,6.27,4,2649.664
CMD01773,2024-02-29,Léa Durand,Sport,Ballon,1,1077.02,0.05,Espagne,Magasin,4.59,1,1023.169
CMD01774,2024-04-17,Sarah Moreau,Électronique,Tablette,2,435.34,0.1,Belgique,Magasin,11.52,2,783.612
CMD01775,2024-05-23,Nina Müller,Jouets,Lego,4,1171.88,0.05,Maroc,Magasin,6.61,4,4453.144
CMD01776,2024-07-05,Emma Rossi,Sport,Tapis de course,2,1762.04,0.1,France,App,14.61,3,3171.672
CMD01777,2024-09-27,Paolo Bianchi,Électronique,Casque audio,5,1000.97,0.25,Maroc,Magasin,8.38,5,3753.6375000000003
CMD01778,2024-11-06,Lucie Martin,Électronique,TV 4K,2,1623.35,0.15,Espagne,Web,3.32,4,2759.6949999999997
CMD01779,2024-01-19,Ali Benali,Mode,Montre,2,78.18,0.3,Italie,Magasin,4.88,2,109.452
CMD01780,2024-09-25,Paolo Bianchi,Électronique,Casque audio,4,305.32,0.1,Allemagne,Web,2.16,4,1099.152
CMD01781,2024-01-28,Sarah Moreau,Maison,Ventilateur,5,1974.56,0.3,France,Web,5.92,2,6910.959999999999
CMD01782,2024-12-18,Sarah Moreau,Sport,Raquette,3,638.15,0.25,Italie,App,4.64,2,1435.8374999999999
CMD01783,2024-06-04,Nina Müller,Électronique,Casque audio,4,58.72,0.0,Italie,Magasin,3.96,3,234.88
CMD01784,2024-07-18,Carlos Gomez,Beauté,Parfum,2,21.79,0.05,Belgique,Web,14.44,4,41.400999999999996
CMD01785,2024-03-26,Ali Benali,Jouets,Peluche,4,837.2,0.0,Maroc,Magasin,13.92,2,3348.8
CMD01786,2024-07-10,Lucie Martin,Électronique,Casque audio,1,1299.81,0.15,Suisse,Magasin,7.57,3,1104.8384999999998
CMD01787,2024-09-06,Nina Müller,Maison,Machine à café,3,1449.93,0.05,France,Web,7.59,2,4132.300499999999
CMD01788,2024-02-13,Lucie Martin,Jouets,Lego,5,1488.02,0.1,Suisse,Web,12.68,1,6696.09
CMD01789,2024-10-13,Carlos Gomez,Sport,Tapis de course,5,524.42,0.0,Suisse,App,12.35,5,2622.1
CMD01790,2024-04-30,Lucie Martin,Mode,Jean,4,783.18,0.15,France,Magasin,12.48,3,2662.812
CMD01791,2024-03-31,Paolo Bianchi,Maison,Mixeur,1,437.34,0.05,Suisse,Magasin,4.26,5,415.47299999999996
CMD01792,2024-05-09,Emma Rossi,Électronique,Casque audio,2,511.62,0.15,Maroc,App,5.79,4,869.754
CMD01793,2024-10-17,Léa Durand,Mode,Jean,1,250.35,0.2,Allemagne,App,8.86,4,200.28
CMD01794,2024-11-20,Emma Rossi,Beauté,Parfum,2,1470.81,0.15,Allemagne,App,7.57,4,2500.377
CMD01795,2024-11-29,Ali Benali,Mode,Veste,3,1863.81,0.1,Espagne,Magasin,9.15,5,5032.287
CMD01796,2024-10-30,Sarah Moreau,Mode,Montre,4,1916.09,0.05,Italie,App,3.2,1,7281.141999999999
CMD01797,2024-08-22,Ali Benali,Jouets,Lego,5,1613.96,0.3,Allemagne,App,13.48,2,5648.86
CMD01798,2024-02-16,Jean Dupont,Électronique,TV 4K,5,1586.0,0.2,Allemagne,App,3.92,1,6344.0
CMD01799,2024-07-10,Sarah Moreau,Maison,Ventilateur,5,1694.41,0.1,Suisse,Web,8.34,4,7624.845000000001
CMD01800,2024-12-27,Emma Rossi,Beauté,Rouge à lèvres,5,684.94,0.2,Belgique,Web,3.46,4,2739.76
CMD01801,2024-10-29,Lucie Martin,Électronique,Ordinateur portable,4,645.85,0.2,Allemagne,Magasin,9.88,3,2066.7200000000003
CMD01802,2024-09-17,Youssef El Amrani,Sport,Chaussures de sport,5,242.92,0.3,Belgique,Magasin,1.32,2,850.2199999999999
CMD01803,2024-01-20,Jean Dupont,Beauté,Crème visage,1,1023.35,0.05,Allemagne,Magasin,10.75,4,972.1825
CMD01804,2024-08-08,Youssef El Amrani,Sport,Vélo,2,1005.66,0.05,France,Web,1.9,5,1910.754
CMD01805,2024-04-19,Paolo Bianchi,Sport,Ballon,3,990.42,0.25,Allemagne,App,7.21,2,2228.4449999999997
CMD01806,2024-07-26,Emma Rossi,Mode,Jean,4,835.55,0.2,Allemagne,Web,7.83,2,2673.76
CMD01807,2024-10-15,Sarah Moreau,Beauté,Sérum,5,1214.63,0.3,France,Web,12.69,4,4251.205
CMD01808,2024-01-24,Youssef El Amrani,Sport,Vélo,1,1421.54,0.2,Allemagne,Magasin,11.39,3,1137.232
CMD01809,2024-11-04,Nina Müller,Maison,Lampadaire,2,839.22,0.2,Suisse,App,8.01,1,1342.7520000000002
CMD01810,2024-12-30,Nina Müller,Sport,Chaussures de sport,3,827.29,0.1,Espagne,Web,0.12,2,2233.683
CMD01811,2024-04-25,Jean Dupont,Électronique,Smartphone,5,1172.61,0.25,Espagne,Web,11.75,1,4397.287499999999
CMD01812,2024-04-09,Sarah Moreau,Sport,Chaussures de sport,5,1708.72,0.25,Allemagne,Web,0.13,2,6407.700000000001
CMD01813,2024-02-01,Emma Rossi,Maison,Machine à café,2,378.97,0.05,Italie,App,9.86,1,720.043
CMD01814,2024-09-21,Emma Rossi,Jouets,Voiture téléguidée,5,131.98,0.0,France,App,7.05,1,659.9
CMD01815,2024-08-20,Emma Rossi,Électronique,TV 4K,4,887.12,0.3,France,Magasin,6.3,4,2483.9359999999997
CMD01816,2024-01-14,Youssef El Amrani,Mode,Chaussures,3,1636.03,0.25,Maroc,Web,9.23,3,3681.0675
CMD01817,2024-12-08,Jean Dupont,Mode,Jean,5,841.82,0.1,Allemagne,Web,6.78,5,3788.1900000000005
CMD01818,2024-11-26,Sarah Moreau,Jouets,Puzzle,2,1835.03,0.2,Espagne,Web,3.36,2,2936.0480000000002
CMD01819,2024-11-29,Jean Dupont,Maison,Machine à café,2,233.88,0.1,Espagne,App,11.9,5,420.984
CMD01820,2024-08-17,Carlos Gomez,Électronique,Casque audio,1,1867.12,0.0,Belgique,Web,0.51,4,1867.12
CMD01821,2024-04-04,Sarah Moreau,Électronique,Tablette,4,863.39,0.15,Italie,Web,1.49,4,2935.526
CMD01822,2024-03-27,Carlos Gomez,Mode,Montre,4,29.3,0.0,Belgique,Web,7.54,1,117.2
CMD01823,2024-03-24,Carlos Gomez,Beauté,Sérum,5,1887.28,0.0,Allemagne,App,2.37,3,9436.4
CMD01824,2024-05-15,Léa Durand,Beauté,Crème visage,2,1217.37,0.1,Italie,Magasin,13.08,5,2191.266
CMD01825,2024-05-07,Sarah Moreau,Maison,Lampadaire,4,1111.92,0.05,Espagne,App,6.42,2,4225.296
CMD01826,2024-08-27,Nina Müller,Jouets,Peluche,1,1033.02,0.15,Belgique,Magasin,6.66,3,878.067
CMD01827,2024-06-14,Youssef El Amrani,Électronique,TV 4K,1,86.02,0.2,Espagne,App,9.79,1,68.816
CMD01828,2024-10-05,Jean Dupont,Maison,Mixeur,3,1192.72,0.3,France,Magasin,8.89,1,2504.7119999999995
CMD01829,2024-03-03,Youssef El Amrani,Mode,Montre,4,225.5,0.2,Maroc,App,3.41,2,721.6
CMD01830,2024-02-03,Jean Dupont,Maison,Lampadaire,2,1290.67,0.2,Italie,Web,10.3,1,2065.072
CMD01831,2024-06-27,Youssef El Amrani,Mode,Jean,4,930.1,0.15,France,Magasin,1.72,5,3162.34
CMD01832,2024-11-13,Léa Durand,Jouets,Voiture téléguidée,5,1862.31,0.15,Espagne,Web,8.35,1,7914.817499999999
CMD01833,2024-03-08,Carlos Gomez,Électronique,Casque audio,5,348.56,0.05,Espagne,Magasin,8.47,5,1655.6599999999999
CMD01834,2024-12-08,Jean Dupont,Maison,Mixeur,2,1293.36,0.2,Suisse,App,3.21,2,2069.3759999999997
CMD01835,2024-03-29,Ali Benali,Jouets,Puzzle,4,392.15,0.1,Suisse,App,6.76,2,1411.74
CMD01836,2024-12-08,Nina Müller,Jouets,Lego,5,1609.23,0.0,Suisse,App,11.04,3,8046.15
CMD01837,2024-01-20,Youssef El Amrani,Beauté,Shampoing,1,1360.05,0.3,Allemagne,App,4.12,5,952.0349999999999
CMD01838,2024-05-14,Sarah Moreau,Maison,Aspirateur,1,1113.1,0.15,Maroc,Magasin,9.68,5,946.1349999999999
CMD01839,2024-01-11,Ali Benali,Électronique,TV 4K,4,532.19,0.0,Italie,App,9.73,2,2128.76
CMD01840,2024-09-29,Jean Dupont,Sport,Chaussures de sport,4,1396.05,0.25,Suisse,Web,12.54,2,4188.15
CMD01841,2024-12-08,Ali Benali,Maison,Mixeur,3,511.84,0.1,Allemagne,App,10.2,4,1381.968
CMD01842,2024-09-29,Ali Benali,Maison,Ventilateur,4,599.17,0.15,Belgique,Magasin,14.28,5,2037.1779999999999
CMD01843,2024-03-01,Carlos Gomez,Beauté,Shampoing,5,1130.0,0.2,Belgique,Magasin,0.62,4,4520.0
CMD01844,2024-01-20,Lucie Martin,Jouets,Puzzle,1,877.74,0.05,Belgique,Magasin,8.39,1,833.853
CMD01845,2024-02-26,Léa Durand,Jouets,Peluche,1,1001.28,0.3,Espagne,Web,11.41,1,700.896
CMD01846,2024-01-06,Lucie Martin,Jouets,Peluche,3,114.03,0.2,Italie,Web,1.35,3,273.672
CMD01847,2024-02-20,Emma Rossi,Beauté,Parfum,1,1201.29,0.1,France,Magasin,9.88,3,1081.161
CMD01848,2024-02-26,Lucie Martin,Beauté,Parfum,4,975.13,0.15,Suisse,Magasin,1.52,3,3315.442
CMD01849,2024-07-17,Jean Dupont,Maison,Mixeur,2,1132.96,0.25,Espagne,Web,5.52,5,1699.44
CMD01850,2024-11-12,Lucie Martin,Mode,Veste,2,570.2,0.05,Espagne,App,5.46,1,1083.38
CMD01851,2024-05-29,Carlos Gomez,Beauté,Crème visage,4,1045.94,0.05,Allemagne,App,1.61,1,3974.572
CMD01852,2024-10-04,Léa Durand,Beauté,Shampoing,5,1271.84,0.0,Allemagne,Web,2.18,5,6359.2
CMD01853,2024-12-15,Jean Dupont,Mode,Chaussures,2,521.09,0.15,Espagne,Web,9.96,2,885.8530000000001
CMD01854,2024-08-29,Sarah Moreau,Mode,Veste,4,1906.72,0.05,Belgique,Magasin,13.91,3,7245.536
CMD01855,2024-10-21,Lucie Martin,Jouets,Peluche,1,721.99,0.25,Espagne,Magasin,10.67,3,541.4925000000001
CMD01856,2024-05-20,Lucie Martin,Mode,Jean,5,1625.51,0.3,Maroc,Magasin,5.89,2,5689.285
CMD01857,2024-06-13,Paolo Bianchi,Électronique,Smartphone,4,70.69,0.0,Maroc,Magasin,12.86,1,282.76
CMD01858,2024-05-30,Ali Benali,Jouets,Jeu de société,3,1039.13,0.3,France,Web,10.78,4,2182.1730000000002
CMD01859,2024-08-14,Nina Müller,Électronique,TV 4K,1,416.96,0.3,Belgique,Magasin,11.19,5,291.87199999999996
CMD01860,2024-04-27,Lucie Martin,Maison,Machine à café,1,887.82,0.2,Espagne,App,2.07,5,710.2560000000001
CMD01861,2024-05-25,Sarah Moreau,Maison,Mixeur,5,1606.9,0.1,Suisse,Web,9.18,4,7231.05
CMD01862,2024-07-06,Sarah Moreau,Jouets,Voiture téléguidée,5,980.87,0.3,France,Web,1.8,4,3433.045
CMD01863,2024-04-29,Carlos Gomez,Mode,Jean,1,181.64,0.3,Italie,App,7.8,2,127.14799999999998
CMD01864,2024-05-31,Léa Durand,Mode,Veste,4,324.6,0.3,Maroc,Web,10.74,2,908.88
CMD01865,2024-11-11,Lucie Martin,Maison,Aspirateur,1,1601.36,0.25,Suisse,App,3.34,5,1201.02
CMD01866,2024-10-30,Jean Dupont,Jouets,Lego,2,1060.27,0.3,France,Web,3.58,1,1484.378
CMD01867,2024-09-09,Léa Durand,Électronique,Casque audio,4,1972.12,0.3,Allemagne,Web,12.93,2,5521.936
CMD01868,2024-05-17,Paolo Bianchi,Jouets,Jeu de société,1,1761.69,0.0,Maroc,Magasin,13.4,3,1761.69
CMD01869,2024-03-08,Paolo Bianchi,Sport,Ballon,3,1381.63,0.3,Suisse,Web,14.26,1,2901.4230000000002
CMD01870,2024-04-06,Paolo Bianchi,Beauté,Parfum,5,1382.32,0.25,Belgique,Web,4.03,4,5183.7
CMD01871,2024-12-25,Lucie Martin,Maison,Machine à café,3,1325.34,0.05,Espagne,Magasin,11.9,3,3777.2189999999996
CMD01872,2024-01-21,Léa Durand,Électronique,Smartphone,4,1072.52,0.05,Allemagne,Web,14.42,2,4075.5759999999996
CMD01873,2024-09-14,Nina Müller,Sport,Ballon,3,845.54,0.25,Allemagne,App,6.11,5,1902.465
CMD01874,2024-10-02,Youssef El Amrani,Électronique,TV 4K,2,1571.17,0.05,Belgique,App,7.46,2,2985.223
CMD01875,2024-02-16,Sarah Moreau,Mode,Jean,1,1285.3,0.15,Espagne,Magasin,1.89,2,1092.5049999999999
CMD01876,2024-10-01,Nina Müller,Électronique,Smartphone,5,643.33,0.15,France,App,6.03,1,2734.1525
CMD01877,2024-04-16,Jean Dupont,Sport,Ballon,1,1920.42,0.2,Suisse,App,4.15,3,1536.3360000000002
CMD01878,2024-01-24,Ali Benali,Sport,Tapis de course,1,272.81,0.15,Italie,App,4.06,5,231.8885
CMD01879,2024-08-05,Jean Dupont,Électronique,TV 4K,4,1543.58,0.0,Italie,Web,4.11,3,6174.32
CMD01880,2024-03-13,Youssef El Amrani,Maison,Machine à café,3,1869.96,0.2,Suisse,Magasin,0.09,1,4487.904
CMD01881,2024-11-13,Youssef El Amrani,Électronique,Tablette,1,236.75,0.0,Espagne,Web,10.08,1,236.75
CMD01882,2024-02-16,Carlos Gomez,Mode,Sac à main,3,461.5,0.0,Belgique,Magasin,14.31,1,1384.5
CMD01883,2024-05-05,Léa Durand,Maison,Machine à café,4,41.13,0.15,France,Web,12.65,1,139.842
CMD01884,2024-06-22,Youssef El Amrani,Électronique,Casque audio,3,1658.6,0.25,Espagne,Web,14.4,3,3731.8499999999995
CMD01885,2024-04-19,Emma Rossi,Électronique,TV 4K,1,832.27,0.3,Espagne,App,6.64,3,582.5889999999999
CMD01886,2024-11-20,Emma Rossi,Beauté,Shampoing,2,1404.63,0.25,Belgique,App,11.88,4,2106.945
CMD01887,2024-10-14,Sarah Moreau,Beauté,Parfum,2,1884.56,0.2,France,Magasin,0.06,3,3015.2960000000003
CMD01888,2024-07-08,Paolo Bianchi,Jouets,Lego,3,665.54,0.1,Belgique,Web,13.66,5,1796.9579999999999
CMD01889,2024-06-30,Ali Benali,Mode,Sac à main,2,1182.64,0.0,Belgique,App,4.37,4,2365.28
CMD01890,2024-08-06,Ali Benali,Mode,Veste,3,1855.46,0.15,Belgique,Web,7.81,4,4731.423
CMD01891,2024-05-30,Léa Durand,Sport,Tapis de course,1,249.48,0.1,Italie,Magasin,1.84,4,224.53199999999998
CMD01892,2024-12-17,Lucie Martin,Mode,Jean,3,1471.63,0.1,France,Magasin,2.31,4,3973.4010000000003
CMD01893,2024-12-07,Youssef El Amrani,Sport,Chaussures de sport,4,261.7,0.15,Espagne,Magasin,5.02,5,889.78
CMD01894,2024-06-07,Emma Rossi,Mode,Chaussures,3,1031.86,0.15,Allemagne,Magasin,7.39,2,2631.243
CMD01895,2024-12-12,Nina Müller,Sport,Ballon,4,385.85,0.2,Espagne,App,2.99,1,1234.7200000000003
CMD01896,2024-01-30,Emma Rossi,Électronique,Tablette,4,1270.74,0.3,Italie,Magasin,13.15,5,3558.0719999999997
CMD01897,2024-12-25,Sarah Moreau,Sport,Raquette,3,1517.23,0.25,Belgique,Web,2.54,1,3413.7675000000004
CMD01898,2024-04-29,Emma Rossi,Mode,Montre,4,912.97,0.3,France,App,6.52,2,2556.316
CMD01899,2024-11-15,Ali Benali,Jouets,Lego,1,99.06,0.1,Belgique,Web,8.5,5,89.15400000000001
CMD01900,2024-02-25,Ali Benali,Sport,Ballon,2,585.46,0.05,Espagne,Web,10.16,5,1112.374
CMD01901,2024-02-07,Lucie Martin,Jouets,Puzzle,1,1953.24,0.0,Suisse,Web,0.36,5,1953.24
CMD01902,2024-02-05,Lucie Martin,Sport,Chaussures de sport,5,1445.81,0.0,Maroc,App,14.02,1,7229.049999999999
CMD01903,2024-04-23,Nina Müller,Jouets,Jeu de société,5,1225.78,0.15,Suisse,App,7.01,4,5209.565
CMD01904,2024-11-30,Paolo Bianchi,Électronique,Tablette,5,1938.38,0.3,Allemagne,Magasin,8.07,5,6784.330000000001
CMD01905,2024-02-05,Paolo Bianchi,Beauté,Sérum,1,1263.54,0.25,Allemagne,Web,12.02,4,947.655
CMD01906,2024-07-08,Paolo Bianchi,Beauté,Parfum,1,995.16,0.1,Belgique,Web,5.11,5,895.644
CMD01907,2024-03-08,Sarah Moreau,Maison,Aspirateur,2,992.13,0.25,Allemagne,Magasin,2.47,3,1488.195
CMD01908,2024-06-28,Carlos Gomez,Jouets,Voiture téléguidée,5,706.22,0.1,France,Web,8.33,2,3177.9900000000002
CMD01909,2024-01-27,Jean Dupont,Maison,Aspirateur,5,991.11,0.3,Maroc,Web,5.55,3,3468.8849999999998
CMD01910,2024-03-22,Lucie Martin,Mode,Montre,4,427.23,0.25,Allemagne,App,7.48,5,1281.69
CMD01911,2024-09-19,Lucie Martin,Mode,Chaussures,3,372.85,0.0,Italie,Web,14.66,3,1118.5500000000002
CMD01912,2024-02-12,Lucie Martin,Jouets,Peluche,2,682.04,0.3,Suisse,Web,10.44,1,954.8559999999999
CMD01913,2024-12-17,Paolo Bianchi,Mode,Chaussures,3,1435.79,0.0,Belgique,App,5.54,5,4307.37
CMD01914,2024-05-11,Léa Durand,Mode,Veste,4,1952.27,0.05,Italie,App,10.43,3,7418.625999999999
CMD01915,2024-06-24,Ali Benali,Beauté,Parfum,5,1769.57,0.0,Suisse,App,11.43,2,8847.85
CMD01916,2024-08-05,Youssef El Amrani,Électronique,Tablette,3,1212.37,0.0,France,Magasin,4.87,3,3637.1099999999997
CMD01917,2024-07-05,Ali Benali,Électronique,TV 4K,1,598.25,0.2,Allemagne,App,11.82,4,478.6
CMD01918,2024-07-29,Léa Durand,Jouets,Voiture téléguidée,4,367.42,0.05,Belgique,Magasin,10.3,3,1396.196
CMD01919,2024-03-06,Léa Durand,Jouets,Puzzle,1,844.31,0.15,Belgique,Web,1.04,2,717.6634999999999
CMD01920,2024-04-13,Youssef El Amrani,Électronique,Tablette,5,1584.79,0.15,Italie,Magasin,11.71,2,6735.3575
CMD01921,2024-04-19,Paolo Bianchi,Maison,Mixeur,5,1558.19,0.3,Belgique,Magasin,3.7,3,5453.665
CMD01922,2024-06-03,Ali Benali,Électronique,Ordinateur portable,3,1753.86,0.15,Allemagne,Magasin,0.44,3,4472.343
CMD01923,2024-01-07,Nina Müller,Beauté,Sérum,1,1160.37,0.0,Espagne,App,9.22,4,1160.37
CMD01924,2024-09-10,Paolo Bianchi,Jouets,Lego,3,1332.95,0.05,Espagne,Magasin,8.24,5,3798.9075000000003
CMD01925,2024-05-05,Carlos Gomez,Beauté,Rouge à lèvres,5,1442.19,0.0,Italie,Web,10.9,1,7210.950000000001
CMD01926,2024-09-15,Jean Dupont,Beauté,Shampoing,3,1083.84,0.15,Allemagne,Web,7.33,3,2763.7919999999995
CMD01927,2024-12-15,Youssef El Amrani,Jouets,Jeu de société,3,1684.62,0.3,Belgique,App,4.51,2,3537.7019999999998
CMD01928,2024-12-10,Jean Dupont,Électronique,TV 4K,1,1074.25,0.2,Allemagne,App,8.95,4,859.4000000000001
CMD01929,2024-02-17,Lucie Martin,Électronique,TV 4K,1,114.76,0.0,Maroc,Web,1.66,5,114.76
CMD01930,2024-11-22,Jean Dupont,Sport,Raquette,5,1286.37,0.05,Suisse,Web,3.97,5,6110.257499999999
CMD01931,2024-09-25,Sarah Moreau,Électronique,Tablette,5,433.98,0.05,Italie,Magasin,8.74,1,2061.405
CMD01932,2024-10-02,Emma Rossi,Sport,Ballon,1,1556.6,0.1,Italie,App,9.35,2,1400.94
CMD01933,2024-07-03,Carlos Gomez,Sport,Vélo,2,553.92,0.15,Allemagne,Web,2.83,1,941.6639999999999
CMD01934,2024-10-30,Sarah Moreau,Mode,Jean,3,1999.0,0.2,Espagne,Web,8.64,4,4797.6
CMD01935,2024-01-13,Nina Müller,Maison,Lampadaire,4,11.8,0.25,Suisse,Web,5.79,4,35.400000000000006
CMD01936,2024-10-18,Youssef El Amrani,Mode,Chaussures,4,1941.44,0.05,France,Magasin,2.02,4,7377.472
CMD01937,2024-01-31,Lucie Martin,Jouets,Jeu de société,3,716.44,0.2,Suisse,Web,3.84,1,1719.4560000000001
CMD01938,2024-02-05,Sarah Moreau,Jouets,Jeu de société,5,616.71,0.0,Allemagne,Magasin,5.13,2,3083.55
CMD01939,2024-01-30,Nina Müller,Maison,Mixeur,1,898.74,0.05,Allemagne,Magasin,12.2,1,853.803
CMD01940,2024-03-12,Lucie Martin,Sport,Vélo,3,1445.94,0.2,Allemagne,App,7.68,5,3470.256
CMD01941,2024-07-26,Emma Rossi,Mode,Jean,1,421.9,0.25,Maroc,App,8.91,5,316.42499999999995
CMD01942,2024-05-31,Carlos Gomez,Beauté,Crème visage,3,164.9,0.05,France,App,1.59,3,469.96500000000003
CMD01943,2024-08-25,Paolo Bianchi,Maison,Ventilateur,4,1232.23,0.2,France,Web,11.29,1,3943.1360000000004
CMD01944,2024-10-27,Emma Rossi,Beauté,Parfum,4,208.46,0.15,Maroc,Web,7.52,5,708.764
CMD01945,2024-04-16,Lucie Martin,Électronique,Tablette,4,1297.67,0.2,Allemagne,Web,8.76,2,4152.544000000001
CMD01946,2024-07-27,Emma Rossi,Mode,Jean,5,1235.07,0.1,France,Web,11.04,4,5557.815
CMD01947,2024-03-05,Ali Benali,Jouets,Peluche,5,1900.64,0.3,Italie,App,1.33,2,6652.24
CMD01948,2024-07-27,Paolo Bianchi,Sport,Chaussures de sport,3,329.01,0.3,Suisse,Magasin,14.38,2,690.9209999999999
CMD01949,2024-04-25,Nina Müller,Mode,Sac à main,1,445.29,0.15,Suisse,Web,7.04,2,378.4965
CMD01950,2024-02-22,Lucie Martin,Jouets,Peluche,2,986.39,0.3,Italie,Web,14.09,3,1380.946
CMD01951,2024-12-22,Carlos Gomez,Beauté,Crème visage,2,926.76,0.15,Allemagne,App,14.68,2,1575.492
CMD01952,2024-06-05,Lucie Martin,Mode,Chaussures,1,1898.65,0.3,Maroc,Web,14.46,4,1329.055
CMD01953,2024-03-18,Youssef El Amrani,Sport,Vélo,3,459.13,0.0,Allemagne,Magasin,6.61,1,1377.3899999999999
CMD01954,2024-08-07,Sarah Moreau,Électronique,Tablette,1,77.24,0.1,France,Web,1.04,4,69.51599999999999
CMD01955,2024-04-15,Carlos Gomez,Jouets,Peluche,4,327.19,0.15,Maroc,Web,1.61,2,1112.446
CMD01956,2024-05-25,Paolo Bianchi,Électronique,TV 4K,4,1909.35,0.3,Suisse,App,10.56,3,5346.179999999999
CMD01957,2024-04-03,Ali Benali,Beauté,Crème visage,2,1278.62,0.05,Allemagne,Web,3.73,1,2429.3779999999997
CMD01958,2024-01-08,Ali Benali,Beauté,Parfum,2,1397.21,0.2,Italie,Magasin,13.23,4,2235.536
CMD01959,2024-08-23,Youssef El Amrani,Électronique,Tablette,1,1384.5,0.2,France,App,9.92,3,1107.6000000000001
CMD01960,2024-07-05,Paolo Bianchi,Mode,Sac à main,2,1245.46,0.05,Suisse,App,12.65,1,2366.374
CMD01961,2024-09-28,Youssef El Amrani,Sport,Tapis de course,2,1744.88,0.3,Espagne,Magasin,0.92,4,2442.832
CMD01962,2024-07-04,Léa Durand,Beauté,Crème visage,2,1438.69,0.0,France,Web,3.78,3,2877.38
CMD01963,2024-01-18,Lucie Martin,Maison,Lampadaire,5,816.75,0.1,France,Magasin,2.17,5,3675.375
CMD01964,2024-03-14,Lucie Martin,Beauté,Parfum,2,1610.36,0.1,France,Magasin,6.1,5,2898.6479999999997
CMD01965,2024-08-02,Carlos Gomez,Mode,Sac à main,2,264.42,0.05,France,Web,5.95,5,502.398
CMD01966,2024-03-16,Sarah Moreau,Beauté,Shampoing,2,138.17,0.05,Allemagne,Magasin,3.63,5,262.52299999999997
CMD01967,2024-11-30,Emma Rossi,Sport,Vélo,1,1044.8,0.2,Espagne,App,3.42,5,835.84
CMD01968,2024-01-08,Emma Rossi,Jouets,Voiture téléguidée,2,54.98,0.15,France,Web,3.08,2,93.466
CMD01969,2024-01-27,Sarah Moreau,Mode,Montre,1,940.41,0.2,Belgique,Web,13.55,3,752.328
CMD01970,2024-04-30,Ali Benali,Mode,Jean,1,1702.03,0.2,Italie,Magasin,10.32,2,1361.624
CMD01971,2024-01-13,Sarah Moreau,Électronique,Ordinateur portable,4,889.89,0.3,Espagne,App,7.06,1,2491.692
CMD01972,2024-11-19,Ali Benali,Maison,Machine à café,5,779.02,0.1,Maroc,App,12.04,1,3505.59
CMD01973,2024-11-26,Nina Müller,Jouets,Lego,5,1913.58,0.2,Espagne,Web,10.33,2,7654.32
CMD01974,2024-06-26,Léa Durand,Jouets,Puzzle,5,579.5,0.1,Espagne,Magasin,12.01,5,2607.75
CMD01975,2024-06-20,Jean Dupont,Électronique,Ordinateur portable,3,972.35,0.0,Belgique,App,10.02,2,2917.05
CMD01976,2024-02-22,Lucie Martin,Mode,Chaussures,2,1347.8,0.1,Maroc,Web,7.96,5,2426.04
CMD01977,2024-04-26,Youssef El Amrani,Électronique,Casque audio,5,581.79,0.15,Allemagne,Magasin,3.74,2,2472.6074999999996
CMD01978,2024-11-17,Sarah Moreau,Sport,Chaussures de sport,2,753.02,0.2,Allemagne,Magasin,2.93,2,1204.832
CMD01979,2024-08-03,Ali Benali,Beauté,Shampoing,5,806.71,0.15,Allemagne,Web,3.94,1,3428.5175
CMD01980,2024-11-11,Nina Müller,Beauté,Parfum,1,1491.76,0.2,Espagne,App,6.18,1,1193.4080000000001
CMD01981,2024-10-08,Youssef El Amrani,Beauté,Sérum,5,1159.69,0.25,Italie,Web,10.47,5,4348.837500000001
CMD01982,2024-03-11,Léa Durand,Sport,Chaussures de sport,5,855.74,0.05,Espagne,App,14.22,3,4064.7649999999994
CMD01983,2024-10-02,Carlos Gomez,Maison,Lampadaire,4,664.55,0.3,Suisse,Magasin,10.82,4,1860.7399999999998
CMD01984,2024-03-30,Lucie Martin,Jouets,Lego,4,1112.34,0.05,Allemagne,App,6.94,3,4226.892
CMD01985,2024-11-29,Nina Müller,Beauté,Sérum,1,227.71,0.1,Suisse,Magasin,5.9,2,204.93900000000002
CMD01986,2024-11-02,Nina Müller,Beauté,Rouge à lèvres,5,421.76,0.1,Suisse,Web,3.46,4,1897.9200000000003
CMD01987,2024-04-25,Jean Dupont,Sport,Vélo,3,807.68,0.3,France,Magasin,11.71,5,1696.128
CMD01988,2024-08-25,Jean Dupont,Jouets,Jeu de société,4,1347.07,0.1,Maroc,Magasin,5.19,4,4849.452
CMD01989,2024-08-17,Jean Dupont,Maison,Lampadaire,2,1004.95,0.25,Belgique,Web,2.82,1,1507.4250000000002
CMD01990,2024-02-05,Lucie Martin,Beauté,Rouge à lèvres,2,966.62,0.2,Allemagne,App,0.26,3,1546.592
CMD01991,2024-11-25,Paolo Bianchi,Électronique,TV 4K,4,1261.94,0.15,Italie,Web,11.55,5,4290.5960000000005
CMD01992,2024-03-28,Nina Müller,Sport,Chaussures de sport,2,1560.34,0.25,Belgique,Magasin,2.44,4,2340.5099999999998
CMD01993,2024-01-03,Carlos Gomez,Électronique,Smartphone,1,1154.81,0.15,Suisse,Web,6.86,3,981.5885
CMD01994,2024-03-20,Paolo Bianchi,Jouets,Puzzle,4,634.01,0.2,France,Web,11.19,2,2028.832
CMD01995,2024-07-22,Ali Benali,Jouets,Voiture téléguidée,3,46.53,0.3,Espagne,Magasin,5.93,4,97.713
CMD01996,2024-11-15,Youssef El Amrani,Électronique,Ordinateur portable,4,1040.18,0.2,Allemagne,Magasin,3.98,2,3328.5760000000005
CMD01997,2024-05-09,Lucie Martin,Maison,Mixeur,5,1862.73,0.15,France,App,5.18,4,7916.602499999999
CMD01998,2024-11-13,Emma Rossi,Électronique,Tablette,3,1561.36,0.1,Allemagne,App,3.32,4,4215.6720000000005
CMD01999,2024-02-28,Ali Benali,Mode,Chaussures,1,149.08,0.0,Belgique,Magasin,8.63,1,149.08
CMD02000,2024-09-23,Lucie Martin,Beauté,Shampoing,1,1942.0,0.0,Allemagne,Magasin,10.98,3,1942.0
CMD02001,2024-04-16,Léa Durand,Sport,Ballon,5,1972.2,0.1,Belgique,Magasin,7.15,1,8874.9
CMD02002,2024-10-22,Carlos Gomez,Électronique,Smartphone,2,359.5,0.1,Maroc,Magasin,10.22,2,647.1
CMD02003,2024-11-09,Léa Durand,Jouets,Voiture téléguidée,4,804.23,0.1,France,App,1.6,5,2895.228
CMD02004,2024-01-27,Lucie Martin,Beauté,Parfum,4,1876.4,0.15,Espagne,App,1.43,1,6379.76
CMD02005,2024-02-01,Jean Dupont,Électronique,Ordinateur portable,1,49.82,0.0,France,App,11.44,2,49.82
CMD02006,2024-09-05,Nina Müller,Maison,Machine à café,5,981.31,0.15,Suisse,Magasin,8.6,1,4170.567499999999
CMD02007,2024-08-09,Nina Müller,Mode,Chaussures,5,835.32,0.15,Allemagne,Magasin,3.55,1,3550.11
CMD02008,2024-05-14,Jean Dupont,Beauté,Shampoing,4,938.12,0.0,Suisse,Magasin,8.4,2,3752.48
CMD02009,2024-05-21,Nina Müller,Maison,Lampadaire,2,1191.56,0.05,France,Magasin,8.0,4,2263.964
CMD02010,2024-08-02,Youssef El Amrani,Jouets,Jeu de société,2,511.19,0.1,France,Web,4.4,5,920.142
CMD02011,2024-03-19,Jean Dupont,Maison,Lampadaire,4,54.09,0.05,Allemagne,Magasin,5.47,4,205.542
CMD02012,2024-06-05,Sarah Moreau,Sport,Ballon,5,1505.03,0.25,Suisse,Web,7.13,3,5643.862499999999
CMD02013,2024-08-27,Sarah Moreau,Maison,Mixeur,4,1765.51,0.05,Suisse,Web,8.05,1,6708.938
CMD02014,2024-04-15,Sarah Moreau,Beauté,Sérum,2,824.6,0.3,France,Web,10.78,5,1154.44
CMD02015,2024-03-26,Carlos Gomez,Maison,Aspirateur,5,109.54,0.2,Belgique,App,13.35,1,438.1600000000001
CMD02016,2024-03-03,Jean Dupont,Mode,Sac à main,3,1576.63,0.25,France,Web,4.41,5,3547.4175000000005
CMD02017,2024-07-03,Lucie Martin,Maison,Aspirateur,4,1582.05,0.2,Italie,App,12.72,3,5062.56
CMD02018,2024-05-19,Carlos Gomez,Beauté,Crème visage,2,96.48,0.0,France,App,14.59,5,192.96
CMD02019,2024-12-22,Youssef El Amrani,Sport,Ballon,5,166.27,0.3,Suisse,Web,4.98,5,581.9449999999999
CMD02020,2024-04-12,Carlos Gomez,Jouets,Lego,1,1047.98,0.0,Italie,App,9.98,2,1047.98
CMD02021,2024-10-22,Jean Dupont,Jouets,Puzzle,1,1291.06,0.2,France,Web,2.96,5,1032.848
CMD02022,2024-08-02,Nina Müller,Maison,Mixeur,3,579.26,0.05,Belgique,Magasin,10.68,2,1650.8909999999998
CMD02023,2024-06-06,Léa Durand,Électronique,Tablette,1,842.57,0.1,Allemagne,App,10.81,2,758.3130000000001
CMD02024,2024-10-22,Nina Müller,Mode,Montre,1,1646.33,0.25,France,Web,5.48,5,1234.7475
CMD02025,2024-11-29,Carlos Gomez,Sport,Raquette,3,1350.05,0.05,Espagne,Web,4.18,5,3847.6424999999995
CMD02026,2024-08-08,Lucie Martin,Maison,Machine à café,2,1605.48,0.05,Suisse,Web,10.94,5,3050.412
CMD02027,2024-01-09,Sarah Moreau,Sport,Vélo,1,448.29,0.0,Suisse,Magasin,0.62,4,448.29
CMD02028,2024-09-06,Carlos Gomez,Maison,Aspirateur,3,828.39,0.05,Belgique,Magasin,13.76,3,2360.9115
CMD02029,2024-06-14,Emma Rossi,Beauté,Shampoing,1,10.48,0.25,Maroc,App,0.46,1,7.86
CMD02030,2024-09-29,Youssef El Amrani,Maison,Ventilateur,3,948.36,0.05,Espagne,Magasin,14.08,4,2702.826
CMD02031,2024-04-22,Youssef El Amrani,Mode,Chaussures,4,68.79,0.05,Maroc,Magasin,4.57,5,261.402
CMD02032,2024-12-19,Carlos Gomez,Mode,Chaussures,1,1232.04,0.05,Espagne,App,3.51,4,1170.4379999999999
CMD02033,2024-06-09,Léa Durand,Maison,Aspirateur,1,1672.11,0.3,Suisse,Magasin,4.67,1,1170.4769999999999
CMD02034,2024-01-30,Léa Durand,Maison,Lampadaire,2,16.21,0.3,France,App,5.79,2,22.694
CMD02035,2024-12-14,Ali Benali,Électronique,TV 4K,1,1357.48,0.3,France,Magasin,12.36,1,950.236
CMD02036,2024-03-08,Sarah Moreau,Jouets,Lego,4,167.01,0.15,Italie,Web,3.8,5,567.834
CMD02037,2024-06-27,Léa Durand,Beauté,Parfum,2,1027.76,0.05,France,App,8.54,2,1952.744
CMD02038,2024-07-20,Léa Durand,Beauté,Parfum,2,510.1,0.15,Allemagne,App,6.64,3,867.1700000000001
CMD02039,2024-12-03,Paolo Bianchi,Jouets,Jeu de société,5,1605.2,0.0,Espagne,Magasin,3.51,5,8026.0
CMD02040,2024-04-26,Emma Rossi,Sport,Ballon,1,1542.17,0.05,Belgique,App,8.25,4,1465.0615
CMD02041,2024-04-23,Emma Rossi,Sport,Raquette,5,1203.44,0.05,Espagne,Magasin,11.24,5,5716.34
CMD02042,2024-06-13,Youssef El Amrani,Électronique,TV 4K,3,1139.98,0.1,Espagne,Web,14.35,1,3077.946
CMD02043,2024-10-06,Emma Rossi,Beauté,Parfum,4,945.49,0.05,France,App,12.45,3,3592.862
CMD02044,2024-06-24,Léa Durand,Sport,Chaussures de sport,4,1333.61,0.25,Maroc,Magasin,13.65,3,4000.83
CMD02045,2024-12-15,Youssef El Amrani,Beauté,Sérum,3,656.35,0.25,Allemagne,App,10.13,1,1476.7875000000001
CMD02046,2024-01-14,Sarah Moreau,Maison,Lampadaire,1,947.51,0.2,Belgique,Web,13.59,1,758.008
CMD02047,2024-02-06,Jean Dupont,Électronique,TV 4K,1,1893.95,0.2,Allemagne,Web,3.75,4,1515.16
CMD02048,2024-03-23,Sarah Moreau,Mode,Jean,3,958.48,0.3,Maroc,Magasin,4.76,1,2012.808
CMD02049,2024-10-28,Ali Benali,Jouets,Puzzle,4,117.4,0.0,Allemagne,Magasin,13.29,4,469.6
CMD02050,2024-01-21,Emma Rossi,Sport,Tapis de course,3,74.01,0.3,Italie,Web,0.21,5,155.42100000000002
CMD02051,2024-09-07,Youssef El Amrani,Jouets,Jeu de société,2,362.32,0.3,Espagne,Magasin,13.64,2,507.24799999999993
CMD02052,2024-08-28,Paolo Bianchi,Beauté,Crème visage,1,565.38,0.15,Allemagne,App,9.81,1,480.573
CMD02053,2024-08-07,Léa Durand,Sport,Raquette,3,1756.89,0.2,Italie,Magasin,14.04,2,4216.536
CMD02054,2024-01-08,Jean Dupont,Mode,Sac à main,3,1788.36,0.0,Italie,Magasin,11.55,5,5365.08
CMD02055,2024-12-16,Jean Dupont,Jouets,Jeu de société,5,1986.52,0.0,Italie,Magasin,3.37,2,9932.6
CMD02056,2024-11-02,Jean Dupont,Mode,Jean,3,1242.51,0.2,Suisse,Magasin,0.01,4,2982.024
CMD02057,2024-11-06,Sarah Moreau,Mode,Jean,4,1786.56,0.2,France,Web,6.9,5,5716.992
CMD02058,2024-05-05,Jean Dupont,Électronique,Ordinateur portable,5,1028.94,0.15,Espagne,Magasin,7.16,5,4372.995000000001
CMD02059,2024-07-01,Lucie Martin,Mode,Veste,2,1830.36,0.2,Maroc,Magasin,3.87,4,2928.576
CMD02060,2024-09-28,Sarah Moreau,Maison,Ventilateur,5,1220.98,0.1,Allemagne,Web,2.22,5,5494.41
CMD02061,2024-06-13,Carlos Gomez,Sport,Ballon,4,1506.79,0.05,Belgique,Magasin,13.5,3,5725.802
CMD02062,2024-08-18,Ali Benali,Jouets,Peluche,2,1274.83,0.25,Maroc,Magasin,5.06,3,1912.245
CMD02063,2024-09-14,Paolo Bianchi,Beauté,Sérum,4,1269.73,0.3,Suisse,App,0.85,1,3555.2439999999997
CMD02064,2024-09-30,Lucie Martin,Jouets,Puzzle,2,52.13,0.15,Suisse,Web,9.84,1,88.621
CMD02065,2024-10-14,Jean Dupont,Mode,Sac à main,4,1517.02,0.0,Italie,Magasin,9.75,4,6068.08
CMD02066,2024-07-09,Léa Durand,Sport,Chaussures de sport,4,978.75,0.1,Allemagne,Magasin,12.42,1,3523.5
CMD02067,2024-07-28,Carlos Gomez,Mode,Jean,2,538.34,0.0,Italie,Web,3.62,1,1076.68
CMD02068,2024-12-07,Nina Müller,Sport,Ballon,4,1217.65,0.2,France,App,6.12,4,3896.4800000000005
CMD02069,2024-02-15,Sarah Moreau,Jouets,Voiture téléguidée,4,1087.77,0.1,Maroc,Web,4.79,1,3915.972
CMD02070,2024-04-30,Jean Dupont,Électronique,TV 4K,1,1116.54,0.25,Italie,Magasin,10.57,3,837.405
CMD02071,2024-10-03,Paolo Bianchi,Mode,Veste,2,351.67,0.05,Italie,Magasin,11.21,3,668.173
CMD02072,2024-08-26,Youssef El Amrani,Maison,Aspirateur,4,50.82,0.0,Belgique,Magasin,10.25,3,203.28
CMD02073,2024-01-28,Carlos Gomez,Mode,Sac à main,5,299.53,0.05,Italie,Magasin,12.7,1,1422.7674999999997
CMD02074,2024-09-16,Carlos Gomez,Beauté,Sérum,2,472.35,0.0,Espagne,App,6.6,1,944.7
CMD02075,2024-11-28,Carlos Gomez,Sport,Ballon,1,247.26,0.15,Allemagne,App,10.18,2,210.171
CMD02076,2024-06-26,Emma Rossi,Mode,Chaussures,5,801.21,0.2,Italie,Web,1.07,4,3204.84
CMD02077,2024-10-21,Ali Benali,Maison,Lampadaire,3,1710.94,0.15,Italie,App,5.87,2,4362.897
CMD02078,2024-09-08,Jean Dupont,Maison,Aspirateur,5,567.63,0.15,Italie,Magasin,7.35,4,2412.4275000000002
CMD02079,2024-05-19,Carlos Gomez,Jouets,Lego,3,1803.79,0.0,France,Magasin,6.83,5,5411.37
CMD02080,2024-02-21,Léa Durand,Maison,Machine à café,3,789.42,0.1,Belgique,App,0.5,1,2131.4339999999997
CMD02081,2024-07-16,Lucie Martin,Électronique,TV 4K,1,896.5,0.25,Maroc,App,6.93,3,672.375
CMD02082,2024-04-13,Lucie Martin,Beauté,Rouge à lèvres,3,139.02,0.05,Maroc,App,10.34,3,396.20700000000005
CMD02083,2024-05-14,Ali Benali,Beauté,Parfum,2,1361.84,0.3,Italie,App,8.08,1,1906.5759999999998
CMD02084,2024-12-26,Emma Rossi,Beauté,Shampoing,4,303.57,0.3,Maroc,Web,13.12,1,849.996
CMD02085,2024-10-30,Carlos Gomez,Sport,Chaussures de sport,5,1264.5,0.0,Suisse,Web,0.28,4,6322.5
CMD02086,2024-10-01,Youssef El Amrani,Électronique,Tablette,5,1859.27,0.2,France,Magasin,14.79,3,7437.080000000001
CMD02087,2024-02-20,Sarah Moreau,Beauté,Sérum,3,1435.94,0.1,Allemagne,Web,2.58,4,3877.038
CMD02088,2024-12-01,Ali Benali,Beauté,Rouge à lèvres,2,860.53,0.15,Italie,Magasin,3.08,3,1462.9009999999998
CMD02089,2024-08-09,Youssef El Amrani,Sport,Raquette,5,1262.42,0.3,Maroc,Web,12.77,2,4418.47
CMD02090,2024-12-05,Emma Rossi,Mode,Montre,5,1953.22,0.2,Italie,Web,9.34,5,7812.880000000001
CMD02091,2024-12-22,Paolo Bianchi,Maison,Ventilateur,1,1413.71,0.3,Italie,Magasin,10.18,3,989.597
CMD02092,2024-08-20,Youssef El Amrani,Sport,Tapis de course,5,528.19,0.25,Allemagne,Web,9.46,2,1980.7125
CMD02093,2024-06-28,Carlos Gomez,Sport,Chaussures de sport,1,1582.91,0.2,Belgique,Web,6.24,4,1266.3280000000002
CMD02094,2024-10-27,Nina Müller,Maison,Ventilateur,5,667.9,0.1,Maroc,App,9.72,3,3005.55
CMD02095,2024-10-09,Paolo Bianchi,Maison,Machine à café,4,1548.45,0.05,Allemagne,Magasin,6.29,1,5884.11
CMD02096,2024-05-26,Nina Müller,Beauté,Shampoing,4,554.68,0.3,Italie,Magasin,7.13,4,1553.1039999999998
CMD02097,2024-01-13,Emma Rossi,Beauté,Crème visage,1,1934.3,0.15,Italie,Magasin,11.25,3,1644.155
CMD02098,2024-10-26,Sarah Moreau,Électronique,Tablette,1,49.6,0.05,Italie,Web,4.84,5,47.12
CMD02099,2024-09-03,Paolo Bianchi,Électronique,Tablette,2,1845.65,0.0,Belgique,Magasin,0.18,3,3691.3
CMD02100,2024-02-14,Youssef El Amrani,Jouets,Jeu de société,3,549.42,0.2,Belgique,App,10.2,1,1318.608
CMD02101,2024-04-14,Lucie Martin,Maison,Ventilateur,1,1853.15,0.15,Italie,Web,0.63,5,1575.1775
CMD02102,2024-10-24,Emma Rossi,Sport,Ballon,2,627.19,0.25,Espagne,Web,12.2,3,940.7850000000001
CMD02103,2024-10-08,Carlos Gomez,Beauté,Crème visage,3,1958.73,0.2,Suisse,Magasin,7.45,4,4700.952
CMD02104,2024-08-27,Lucie Martin,Électronique,Casque audio,3,1251.25,0.05,France,App,9.06,4,3566.0625
CMD02105,2024-03-17,Ali Benali,Mode,Jean,2,1994.07,0.3,France,App,13.88,4,2791.698
CMD02106,2024-06-06,Nina Müller,Sport,Ballon,1,225.17,0.2,France,Magasin,2.46,4,180.136
CMD02107,2024-02-22,Lucie Martin,Sport,Tapis de course,3,1318.56,0.1,Espagne,Magasin,4.75,4,3560.112
CMD02108,2024-10-06,Carlos Gomez,Sport,Ballon,3,1567.2,0.0,Espagne,Web,5.39,3,4701.6
CMD02109,2024-12-03,Nina Müller,Mode,Veste,3,742.29,0.05,France,Magasin,3.88,1,2115.5265
CMD02110,2024-03-22,Ali Benali,Maison,Ventilateur,3,479.02,0.3,Italie,Web,9.68,4,1005.9419999999999
CMD02111,2024-10-06,Carlos Gomez,Maison,Aspirateur,1,1826.28,0.0,Belgique,App,5.84,3,1826.28
CMD02112,2024-02-23,Nina Müller,Électronique,Ordinateur portable,2,1113.84,0.2,France,App,10.58,5,1782.144
CMD02113,2024-12-24,Lucie Martin,Jouets,Lego,5,513.96,0.25,Italie,Magasin,6.34,2,1927.3500000000001
CMD02114,2024-05-25,Ali Benali,Jouets,Peluche,2,833.99,0.0,Belgique,Web,7.37,5,1667.98
CMD02115,2024-10-07,Nina Müller,Électronique,TV 4K,4,1164.12,0.25,Maroc,Web,10.41,4,3492.3599999999997
CMD02116,2024-04-03,Carlos Gomez,Mode,Sac à main,2,1996.57,0.15,Suisse,App,5.26,2,3394.169
CMD02117,2024-04-07,Nina Müller,Mode,Montre,1,292.7,0.05,Belgique,Web,12.44,1,278.065
CMD02118,2024-07-11,Lucie Martin,Sport,Raquette,2,25.98,0.3,Maroc,Web,7.31,4,36.372
CMD02119,2024-11-20,Léa Durand,Jouets,Puzzle,4,222.7,0.0,Espagne,Web,6.53,3,890.8
CMD02120,2024-08-18,Paolo Bianchi,Mode,Jean,2,1541.1,0.25,France,App,9.51,3,2311.6499999999996
CMD02121,2024-01-28,Sarah Moreau,Jouets,Jeu de société,3,1736.73,0.0,Suisse,Magasin,4.96,2,5210.1900000000005
CMD02122,2024-01-06,Lucie Martin,Mode,Montre,4,1207.08,0.15,Belgique,Web,1.87,1,4104.071999999999
CMD02123,2024-01-14,Sarah Moreau,Jouets,Jeu de société,1,374.02,0.15,Italie,App,14.96,3,317.917
CMD02124,2024-05-24,Sarah Moreau,Mode,Sac à main,2,1031.01,0.05,Belgique,App,11.93,2,1958.9189999999999
CMD02125,2024-01-15,Jean Dupont,Beauté,Parfum,3,1418.97,0.25,Allemagne,App,12.93,5,3192.6825
CMD02126,2024-06-20,Jean Dupont,Beauté,Rouge à lèvres,3,1652.18,0.2,Allemagne,Web,14.63,4,3965.232
CMD02127,2024-08-13,Sarah Moreau,Beauté,Sérum,5,999.31,0.2,Belgique,Magasin,9.7,4,3997.24
CMD02128,2024-02-07,Youssef El Amrani,Maison,Aspirateur,2,672.75,0.0,Allemagne,Magasin,9.72,1,1345.5
CMD02129,2024-11-26,Paolo Bianchi,Maison,Aspirateur,4,1221.28,0.1,Belgique,Web,2.93,2,4396.608
CMD02130,2024-06-23,Sarah Moreau,Jouets,Peluche,2,545.85,0.25,Italie,App,0.63,1,818.7750000000001
CMD02131,2024-02-05,Lucie Martin,Électronique,Smartphone,4,1901.18,0.0,Italie,Web,4.33,4,7604.72
CMD02132,2024-03-31,Ali Benali,Beauté,Crème visage,5,1398.62,0.05,Italie,App,2.36,4,6643.444999999999
CMD02133,2024-09-10,Youssef El Amrani,Maison,Mixeur,3,556.73,0.1,Italie,App,9.02,5,1503.171
CMD02134,2024-01-05,Carlos Gomez,Jouets,Voiture téléguidée,5,653.98,0.1,Espagne,Web,12.7,4,2942.9100000000003
CMD02135,2024-06-05,Emma Rossi,Maison,Mixeur,4,313.97,0.2,Suisse,Web,14.99,3,1004.7040000000002
CMD02136,2024-10-18,Paolo Bianchi,Maison,Lampadaire,2,1323.33,0.1,Belgique,Magasin,7.51,3,2381.994
CMD02137,2024-11-07,Ali Benali,Jouets,Puzzle,5,1390.55,0.25,France,Web,9.35,2,5214.5625
CMD02138,2024-01-25,Emma Rossi,Maison,Machine à café,3,518.27,0.0,Espagne,App,10.16,1,1554.81
CMD02139,2024-09-22,Jean Dupont,Électronique,Tablette,2,1204.36,0.1,Allemagne,App,12.52,1,2167.848
CMD02140,2024-05-16,Léa Durand,Beauté,Crème visage,2,923.73,0.2,Suisse,Web,2.17,1,1477.968
CMD02141,2024-04-20,Léa Durand,Mode,Veste,5,927.33,0.2,Maroc,App,14.61,3,3709.3200000000006
CMD02142,2024-06-23,Jean Dupont,Sport,Ballon,1,215.49,0.1,Allemagne,App,7.86,2,193.941
CMD02143,2024-03-21,Lucie Martin,Jouets,Lego,1,273.1,0.1,Italie,Web,6.93,2,245.79000000000002
CMD02144,2024-01-07,Ali Benali,Beauté,Parfum,4,1002.47,0.15,Espagne,Magasin,11.02,1,3408.398
CMD02145,2024-07-04,Jean Dupont,Jouets,Jeu de société,5,835.25,0.2,Belgique,App,0.74,3,3341.0
CMD02146,2024-02-20,Léa Durand,Jouets,Jeu de société,2,1630.96,0.2,Espagne,Magasin,4.83,2,2609.536
CMD02147,2024-11-30,Léa Durand,Maison,Machine à café,4,1595.45,0.2,Suisse,Web,10.66,3,5105.4400000000005
CMD02148,2024-04-22,Youssef El Amrani,Sport,Chaussures de sport,2,1061.97,0.2,Espagne,Web,6.94,3,1699.152
CMD02149,2024-11-24,Carlos Gomez,Beauté,Shampoing,4,62.43,0.0,Belgique,Magasin,7.98,4,249.72
CMD02150,2024-01-26,Nina Müller,Sport,Vélo,5,911.47,0.3,Belgique,Web,9.59,1,3190.145
CMD02151,2024-03-05,Carlos Gomez,Sport,Vélo,1,660.69,0.0,Allemagne,App,11.7,1,660.69
CMD02152,2024-10-08,Lucie Martin,Maison,Mixeur,5,1244.35,0.15,Allemagne,Magasin,12.92,5,5288.4875
CMD02153,2024-07-21,Emma Rossi,Électronique,Smartphone,4,1073.04,0.25,Espagne,Magasin,14.88,4,3219.12
CMD02154,2024-03-31,Carlos Gomez,Sport,Raquette,5,831.4,0.05,Belgique,Magasin,12.97,4,3949.1499999999996
CMD02155,2024-06-28,Léa Durand,Sport,Raquette,5,1736.44,0.25,Suisse,Magasin,11.23,2,6511.650000000001
CMD02156,2024-05-25,Léa Durand,Jouets,Puzzle,5,1197.75,0.15,Allemagne,Magasin,5.04,1,5090.4375
CMD02157,2024-08-31,Carlos Gomez,Sport,Ballon,1,1188.33,0.15,Italie,App,1.57,3,1010.0804999999999
CMD02158,2024-01-23,Léa Durand,Jouets,Puzzle,1,1536.88,0.0,Allemagne,App,4.81,5,1536.88
CMD02159,2024-11-13,Youssef El Amrani,Maison,Aspirateur,1,600.04,0.2,Italie,Magasin,5.73,4,480.032
CMD02160,2024-10-16,Youssef El Amrani,Mode,Jean,3,1302.53,0.15,France,App,7.65,3,3321.4515
CMD02161,2024-12-16,Sarah Moreau,Jouets,Lego,1,626.43,0.05,Maroc,Web,1.77,3,595.1084999999999
CMD02162,2024-07-09,Carlos Gomez,Beauté,Sérum,2,1882.48,0.25,Italie,Magasin,0.7,1,2823.7200000000003
CMD02163,2024-10-20,Ali Benali,Jouets,Lego,5,1857.76,0.05,Espagne,Magasin,5.15,3,8824.359999999999
CMD02164,2024-04-29,Ali Benali,Électronique,TV 4K,2,714.99,0.2,Espagne,Magasin,4.07,3,1143.9840000000002
CMD02165,2024-03-11,Lucie Martin,Électronique,Smartphone,4,1804.66,0.25,Maroc,App,12.36,1,5413.9800000000005
CMD02166,2024-10-26,Nina Müller,Maison,Ventilateur,1,29.62,0.15,Suisse,Magasin,7.95,2,25.177
CMD02167,2024-06-27,Jean Dupont,Jouets,Peluche,1,648.83,0.1,Allemagne,Web,12.04,4,583.947
CMD02168,2024-08-01,Emma Rossi,Sport,Chaussures de sport,5,824.2,0.0,Allemagne,App,7.43,5,4121.0
CMD02169,2024-11-23,Sarah Moreau,Mode,Jean,4,375.91,0.15,France,Magasin,1.37,4,1278.094
CMD02170,2024-02-19,Sarah Moreau,Électronique,Casque audio,5,429.16,0.0,France,App,9.92,5,2145.8
CMD02171,2024-03-03,Sarah Moreau,Maison,Machine à café,2,840.52,0.3,Maroc,App,13.07,5,1176.7279999999998
CMD02172,2024-11-03,Youssef El Amrani,Beauté,Sérum,3,288.73,0.2,Espagne,App,8.91,4,692.9520000000001
CMD02173,2024-12-10,Sarah Moreau,Électronique,Casque audio,1,1858.86,0.15,Espagne,Magasin,13.67,2,1580.031
CMD02174,2024-09-27,Carlos Gomez,Beauté,Parfum,3,721.7,0.3,Belgique,App,1.65,4,1515.5700000000002
CMD02175,2024-07-28,Ali Benali,Électronique,Tablette,2,613.71,0.25,Belgique,App,7.88,4,920.565
CMD02176,2024-09-05,Léa Durand,Électronique,Ordinateur portable,5,615.69,0.05,Allemagne,Web,5.46,4,2924.5275
CMD02177,2024-11-16,Sarah Moreau,Sport,Chaussures de sport,1,1864.88,0.3,Belgique,App,11.26,3,1305.416
CMD02178,2024-12-07,Nina Müller,Électronique,Casque audio,2,1789.66,0.0,Italie,Web,14.18,4,3579.32
CMD02179,2024-11-10,Paolo Bianchi,Mode,Veste,2,1378.13,0.15,Belgique,Magasin,12.72,2,2342.821
CMD02180,2024-09-19,Youssef El Amrani,Mode,Montre,5,790.97,0.3,Belgique,App,12.4,1,2768.395
CMD02181,2024-01-24,Carlos Gomez,Mode,Jean,4,770.91,0.15,Maroc,App,2.71,2,2621.0939999999996
CMD02182,2024-01-17,Sarah Moreau,Jouets,Voiture téléguidée,2,1463.97,0.25,Belgique,Magasin,7.06,2,2195.955
CMD02183,2024-09-04,Lucie Martin,Sport,Chaussures de sport,5,1029.82,0.2,Maroc,Magasin,6.34,2,4119.28
CMD02184,2024-12-14,Carlos Gomez,Jouets,Peluche,1,832.81,0.3,Allemagne,App,13.63,3,582.9669999999999
CMD02185,2024-12-04,Nina Müller,Maison,Lampadaire,1,371.2,0.1,Allemagne,Web,11.23,4,334.08
CMD02186,2024-02-28,Ali Benali,Mode,Montre,4,1139.3,0.3,Espagne,App,8.97,1,3190.0399999999995
CMD02187,2024-03-02,Nina Müller,Beauté,Crème visage,5,502.23,0.25,Italie,Web,13.87,2,1883.3625000000002
CMD02188,2024-09-14,Nina Müller,Maison,Ventilateur,1,1694.98,0.15,Belgique,Web,10.88,2,1440.733
CMD02189,2024-08-11,Paolo Bianchi,Maison,Ventilateur,2,457.03,0.3,Belgique,Magasin,13.18,4,639.8419999999999
CMD02190,2024-02-05,Sarah Moreau,Électronique,TV 4K,4,1491.67,0.25,Allemagne,Magasin,5.56,2,4475.01
CMD02191,2024-05-26,Youssef El Amrani,Maison,Mixeur,2,109.12,0.0,Belgique,Magasin,14.73,5,218.24
CMD02192,2024-08-17,Léa Durand,Maison,Mixeur,2,1458.39,0.05,Italie,Magasin,8.33,3,2770.9410000000003
CMD02193,2024-08-15,Paolo Bianchi,Maison,Mixeur,2,1526.52,0.05,Italie,Magasin,3.64,1,2900.388
CMD02194,2024-04-15,Lucie Martin,Sport,Vélo,4,32.2,0.05,Italie,Web,10.18,1,122.36
CMD02195,2024-02-09,Sarah Moreau,Jouets,Lego,5,1993.73,0.05,Belgique,Magasin,10.41,2,9470.217499999999
CMD02196,2024-12-19,Paolo Bianchi,Électronique,Tablette,1,362.31,0.15,Espagne,App,8.29,5,307.9635
CMD02197,2024-09-25,Jean Dupont,Maison,Lampadaire,4,299.18,0.05,Suisse,Magasin,5.46,3,1136.884
CMD02198,2024-12-05,Nina Müller,Électronique,Smartphone,3,298.77,0.0,Allemagne,Magasin,2.93,3,896.31
CMD02199,2024-12-24,Nina Müller,Électronique,Smartphone,1,465.68,0.2,Espagne,Web,9.85,4,372.54400000000004
CMD02200,2024-08-31,Emma Rossi,Sport,Chaussures de sport,1,1035.84,0.25,Belgique,Magasin,10.84,2,776.8799999999999
CMD02201,2024-08-25,Emma Rossi,Sport,Ballon,5,576.89,0.0,Espagne,App,9.7,5,2884.45
CMD02202,2024-12-26,Carlos Gomez,Sport,Vélo,3,684.78,0.0,Allemagne,Magasin,2.79,5,2054.34
CMD02203,2024-02-06,Emma Rossi,Électronique,Casque audio,5,511.88,0.15,France,Magasin,9.46,1,2175.4900000000002
CMD02204,2024-08-27,Paolo Bianchi,Sport,Ballon,1,1897.14,0.05,Belgique,Web,8.96,1,1802.283
CMD02205,2024-09-28,Léa Durand,Beauté,Sérum,5,873.06,0.15,Allemagne,Magasin,13.33,5,3710.504999999999
CMD02206,2024-03-04,Nina Müller,Beauté,Rouge à lèvres,4,1590.38,0.05,Maroc,Magasin,7.41,2,6043.444
CMD02207,2024-06-22,Youssef El Amrani,Beauté,Shampoing,5,1834.79,0.1,Maroc,App,5.41,2,8256.555
CMD02208,2024-11-14,Carlos Gomez,Électronique,TV 4K,1,27.54,0.2,Allemagne,App,12.94,5,22.032
CMD02209,2024-09-01,Léa Durand,Jouets,Puzzle,1,684.48,0.2,Suisse,Magasin,10.61,1,547.5840000000001
CMD02210,2024-10-28,Sarah Moreau,Jouets,Puzzle,2,688.34,0.25,Italie,App,3.79,4,1032.51
CMD02211,2024-05-17,Léa Durand,Électronique,Ordinateur portable,5,202.93,0.05,Allemagne,Magasin,6.16,3,963.9175
CMD02212,2024-07-12,Léa Durand,Jouets,Lego,2,137.18,0.1,France,Magasin,5.59,3,246.924
CMD02213,2024-10-04,Emma Rossi,Maison,Ventilateur,4,1292.29,0.05,Espagne,Magasin,5.35,3,4910.701999999999
CMD02214,2024-04-26,Emma Rossi,Mode,Jean,5,1414.18,0.1,Italie,App,9.53,5,6363.81
CMD02215,2024-01-20,Emma Rossi,Jouets,Puzzle,4,1336.28,0.15,France,App,0.83,4,4543.352
CMD02216,2024-06-17,Nina Müller,Jouets,Lego,2,1635.07,0.05,Allemagne,App,7.59,4,3106.633
CMD02217,2024-01-03,Jean Dupont,Mode,Montre,3,376.66,0.25,Belgique,App,7.86,5,847.485
CMD02218,2024-08-26,Léa Durand,Maison,Mixeur,5,518.3,0.25,France,Magasin,11.95,1,1943.625
CMD02219,2024-08-28,Paolo Bianchi,Électronique,TV 4K,5,1546.21,0.05,Italie,App,6.03,2,7344.4974999999995
CMD02220,2024-08-29,Emma Rossi,Maison,Mixeur,3,1104.58,0.25,Maroc,App,12.83,2,2485.305
CMD02221,2024-01-14,Léa Durand,Beauté,Rouge à lèvres,2,1958.42,0.3,France,App,7.51,1,2741.788
CMD02222,2024-09-17,Emma Rossi,Sport,Ballon,5,217.9,0.2,Maroc,App,4.21,3,871.6
CMD02223,2024-11-07,Emma Rossi,Jouets,Peluche,1,1529.37,0.15,France,App,12.21,2,1299.9644999999998
CMD02224,2024-07-28,Carlos Gomez,Sport,Vélo,1,240.87,0.0,Espagne,Magasin,6.49,1,240.87
CMD02225,2024-02-27,Lucie Martin,Maison,Mixeur,3,418.06,0.25,Suisse,Web,12.69,2,940.635
CMD02226,2024-01-10,Paolo Bianchi,Beauté,Sérum,2,1248.11,0.0,France,Web,14.85,2,2496.22
CMD02227,2024-05-11,Nina Müller,Sport,Chaussures de sport,5,615.18,0.1,Belgique,Magasin,12.5,3,2768.31
CMD02228,2024-06-20,Youssef El Amrani,Jouets,Lego,5,755.33,0.2,Maroc,App,8.34,4,3021.32
CMD02229,2024-07-07,Youssef El Amrani,Électronique,TV 4K,3,120.41,0.15,Suisse,Magasin,3.52,5,307.0455
CMD02230,2024-02-02,Sarah Moreau,Maison,Machine à café,5,192.87,0.25,Suisse,Web,12.64,4,723.2625
CMD02231,2024-08-03,Paolo Bianchi,Jouets,Voiture téléguidée,1,141.68,0.05,Maroc,App,1.92,1,134.596
CMD02232,2024-01-05,Youssef El Amrani,Beauté,Crème visage,1,1081.01,0.15,Belgique,App,9.84,4,918.8584999999999
CMD02233,2024-11-26,Ali Benali,Jouets,Voiture téléguidée,1,952.88,0.2,Espagne,Web,12.63,3,762.3040000000001
CMD02234,2024-04-24,Carlos Gomez,Sport,Chaussures de sport,5,1306.13,0.0,Espagne,App,13.35,2,6530.650000000001
CMD02235,2024-05-21,Emma Rossi,Jouets,Puzzle,4,1075.87,0.05,Allemagne,Magasin,7.43,2,4088.3059999999996
CMD02236,2024-05-27,Nina Müller,Beauté,Parfum,2,1193.88,0.05,Belgique,Magasin,0.15,5,2268.3720000000003
CMD02237,2024-04-09,Emma Rossi,Jouets,Puzzle,1,222.36,0.3,France,Web,6.3,3,155.652
CMD02238,2024-05-07,Carlos Gomez,Maison,Lampadaire,5,73.72,0.1,France,Magasin,3.13,3,331.74
CMD02239,2024-02-05,Emma Rossi,Beauté,Sérum,5,392.16,0.2,Allemagne,Web,8.87,2,1568.6400000000003
CMD02240,2024-11-26,Léa Durand,Jouets,Peluche,5,1248.41,0.25,Italie,App,4.86,2,4681.5375
CMD02241,2024-05-01,Jean Dupont,Mode,Montre,1,1898.85,0.1,Belgique,App,0.87,3,1708.965
CMD02242,2024-07-30,Emma Rossi,Maison,Aspirateur,3,1999.35,0.15,France,App,3.91,1,5098.342499999999
CMD02243,2024-07-15,Nina Müller,Beauté,Parfum,4,74.92,0.1,Espagne,App,12.88,3,269.712
CMD02244,2024-11-28,Youssef El Amrani,Électronique,Tablette,2,821.4,0.05,Espagne,App,12.79,2,1560.6599999999999
CMD02245,2024-06-26,Nina Müller,Jouets,Peluche,3,1490.9,0.05,Allemagne,Magasin,5.31,2,4249.0650000000005
CMD02246,2024-04-05,Jean Dupont,Maison,Ventilateur,4,397.29,0.3,Italie,App,5.84,3,1112.412
CMD02247,2024-11-29,Lucie Martin,Beauté,Crème visage,2,901.78,0.25,Italie,App,13.26,4,1352.67
CMD02248,2024-03-01,Sarah Moreau,Mode,Sac à main,2,513.09,0.25,Italie,App,8.88,4,769.635
CMD02249,2024-03-09,Paolo Bianchi,Mode,Veste,2,606.77,0.15,France,App,1.96,2,1031.509
CMD02250,2024-04-14,Nina Müller,Beauté,Rouge à lèvres,5,149.77,0.0,France,Magasin,2.62,1,748.85
CMD02251,2024-07-29,Carlos Gomez,Électronique,Smartphone,3,1400.33,0.1,Italie,App,13.36,3,3780.891
CMD02252,2024-11-30,Carlos Gomez,Sport,Ballon,1,284.42,0.05,Allemagne,App,7.59,3,270.199
CMD02253,2024-06-01,Youssef El Amrani,Beauté,Shampoing,2,1286.57,0.1,France,App,10.14,2,2315.826
CMD02254,2024-11-30,Paolo Bianchi,Beauté,Sérum,3,1030.25,0.2,Suisse,Web,13.16,1,2472.6000000000004
CMD02255,2024-01-13,Jean Dupont,Jouets,Jeu de société,2,1722.7,0.25,Italie,Web,10.06,2,2584.05
CMD02256,2024-12-06,Léa Durand,Électronique,Tablette,2,110.54,0.15,Maroc,App,13.6,4,187.918
CMD02257,2024-07-16,Youssef El Amrani,Maison,Lampadaire,5,1137.27,0.0,Suisse,Magasin,6.99,1,5686.35
CMD02258,2024-10-08,Sarah Moreau,Beauté,Sérum,3,983.69,0.0,Belgique,Web,0.04,5,2951.07
CMD02259,2024-08-23,Youssef El Amrani,Électronique,Casque audio,4,180.4,0.2,Italie,App,14.18,4,577.2800000000001
CMD02260,2024-04-29,Paolo Bianchi,Électronique,TV 4K,3,1937.18,0.05,Suisse,Magasin,10.43,5,5520.963
CMD02261,2024-11-16,Jean Dupont,Maison,Lampadaire,1,743.07,0.0,Espagne,Web,4.67,5,743.07
CMD02262,2024-07-28,Ali Benali,Électronique,Tablette,1,55.94,0.2,Espagne,Web,8.09,5,44.752
CMD02263,2024-02-03,Léa Durand,Électronique,TV 4K,2,699.26,0.15,Espagne,App,6.33,5,1188.742
CMD02264,2024-10-04,Ali Benali,Électronique,TV 4K,1,1512.41,0.0,Espagne,Magasin,4.08,5,1512.41
CMD02265,2024-12-23,Ali Benali,Beauté,Shampoing,5,1305.87,0.05,France,App,0.74,5,6202.882499999999
CMD02266,2024-08-05,Emma Rossi,Sport,Raquette,2,1069.37,0.2,Allemagne,Magasin,13.67,3,1710.992
CMD02267,2024-09-21,Paolo Bianchi,Sport,Ballon,2,607.45,0.15,Espagne,App,0.2,3,1032.665
CMD02268,2024-09-02,Nina Müller,Sport,Raquette,5,1640.14,0.15,Italie,App,2.34,1,6970.595
CMD02269,2024-01-23,Youssef El Amrani,Mode,Montre,4,945.77,0.1,Italie,App,8.4,4,3404.772
CMD02270,2024-09-27,Ali Benali,Beauté,Rouge à lèvres,1,1906.08,0.0,Espagne,Web,11.02,3,1906.08
CMD02271,2024-03-03,Lucie Martin,Électronique,Ordinateur portable,3,1916.38,0.25,Allemagne,App,12.39,3,4311.8550000000005
CMD02272,2024-01-31,Jean Dupont,Jouets,Voiture téléguidée,4,552.37,0.15,Italie,Web,0.69,1,1878.058
CMD02273,2024-11-25,Carlos Gomez,Beauté,Shampoing,3,217.11,0.1,Maroc,Web,9.51,4,586.197
CMD02274,2024-05-19,Emma Rossi,Électronique,Smartphone,2,1315.0,0.1,Espagne,Web,3.14,4,2367.0
CMD02275,2024-12-21,Ali Benali,Électronique,Casque audio,1,353.16,0.15,Maroc,Magasin,6.05,5,300.18600000000004
CMD02276,2024-01-21,Jean Dupont,Sport,Ballon,5,417.56,0.1,Belgique,Magasin,9.69,3,1879.0200000000002
CMD02277,2024-07-04,Sarah Moreau,Maison,Ventilateur,3,1447.7,0.25,Espagne,App,9.65,4,3257.3250000000003
CMD02278,2024-09-14,Paolo Bianchi,Maison,Machine à café,1,1553.55,0.1,Italie,Magasin,4.86,4,1398.195
CMD02279,2024-04-22,Nina Müller,Sport,Raquette,2,1800.97,0.05,Maroc,Magasin,11.79,4,3421.843
CMD02280,2024-01-22,Jean Dupont,Maison,Aspirateur,5,1243.86,0.0,Espagne,Web,7.04,4,6219.299999999999
CMD02281,2024-10-01,Sarah Moreau,Électronique,Tablette,1,54.38,0.15,Allemagne,Web,11.09,2,46.223
CMD02282,2024-06-12,Lucie Martin,Maison,Ventilateur,5,1886.67,0.2,France,Web,0.71,4,7546.68
CMD02283,2024-07-31,Carlos Gomez,Jouets,Peluche,4,33.69,0.05,Italie,Magasin,4.94,1,128.022
CMD02284,2024-01-10,Carlos Gomez,Mode,Sac à main,3,976.78,0.05,France,Web,12.65,4,2783.823
CMD02285,2024-07-19,Paolo Bianchi,Sport,Tapis de course,2,1190.29,0.2,Suisse,Web,9.0,5,1904.464
CMD02286,2024-01-08,Nina Müller,Maison,Ventilateur,3,406.89,0.15,Allemagne,App,11.93,2,1037.5695
CMD02287,2024-05-01,Léa Durand,Mode,Montre,3,190.42,0.25,Belgique,Magasin,13.78,1,428.445
CMD02288,2024-07-16,Youssef El Amrani,Jouets,Peluche,2,1670.41,0.3,Suisse,Web,3.1,5,2338.574
CMD02289,2024-12-05,Ali Benali,Beauté,Crème visage,4,1481.63,0.2,Allemagne,Magasin,7.32,2,4741.216
CMD02290,2024-03-09,Nina Müller,Beauté,Shampoing,4,785.36,0.25,Italie,Web,11.42,2,2356.08
CMD02291,2024-10-02,Nina Müller,Électronique,Casque audio,3,519.53,0.2,Belgique,Magasin,0.37,5,1246.872
CMD02292,2024-04-22,Youssef El Amrani,Maison,Machine à café,2,1325.65,0.2,Maroc,Web,12.52,5,2121.0400000000004
CMD02293,2024-09-29,Jean Dupont,Sport,Ballon,1,114.46,0.05,Espagne,Web,6.44,3,108.737
CMD02294,2024-07-18,Jean Dupont,Jouets,Puzzle,5,808.87,0.05,Espagne,Web,7.4,4,3842.1324999999997
CMD02295,2024-03-31,Léa Durand,Jouets,Jeu de société,2,1408.23,0.1,Belgique,Web,0.16,2,2534.8140000000003
CMD02296,2024-11-02,Nina Müller,Jouets,Jeu de société,1,1318.61,0.2,France,Web,9.42,3,1054.888
CMD02297,2024-09-18,Carlos Gomez,Mode,Jean,5,1062.92,0.1,Italie,Magasin,8.16,3,4783.14
CMD02298,2024-07-23,Jean Dupont,Mode,Jean,3,1009.01,0.0,Belgique,Magasin,2.57,3,3027.0299999999997
CMD02299,2024-07-21,Youssef El Amrani,Beauté,Parfum,5,641.57,0.2,Italie,Magasin,5.27,1,2566.2800000000007
CMD02300,2024-01-01,Emma Rossi,Jouets,Puzzle,1,1795.11,0.3,Maroc,Magasin,4.93,5,1256.5769999999998
CMD02301,2024-01-08,Sarah Moreau,Électronique,Casque audio,1,759.9,0.0,France,Web,6.0,3,759.9
CMD02302,2024-11-06,Emma Rossi,Maison,Ventilateur,1,1096.26,0.1,Allemagne,App,6.57,4,986.634
CMD02303,2024-05-01,Léa Durand,Jouets,Voiture téléguidée,4,1351.66,0.25,Italie,App,9.55,5,4054.9800000000005
CMD02304,2024-09-09,Ali Benali,Mode,Chaussures,4,1332.06,0.3,Belgique,App,2.08,5,3729.7679999999996
CMD02305,2024-04-19,Carlos Gomez,Électronique,TV 4K,3,1212.44,0.1,Italie,App,11.48,2,3273.588
CMD02306,2024-12-25,Paolo Bianchi,Maison,Mixeur,2,498.17,0.15,Espagne,Web,13.39,5,846.889
CMD02307,2024-12-07,Ali Benali,Mode,Veste,2,116.29,0.15,Espagne,App,5.13,4,197.693
CMD02308,2024-10-25,Léa Durand,Mode,Montre,3,1179.46,0.2,Allemagne,Magasin,7.13,5,2830.704
CMD02309,2024-05-14,Emma Rossi,Mode,Jean,2,94.25,0.3,France,Magasin,6.87,1,131.95
CMD02310,2024-12-25,Emma Rossi,Maison,Ventilateur,1,826.23,0.05,Belgique,App,6.49,4,784.9185
CMD02311,2024-02-18,Youssef El Amrani,Sport,Raquette,2,1293.82,0.25,Allemagne,Magasin,0.77,2,1940.73
CMD02312,2024-01-16,Emma Rossi,Électronique,TV 4K,4,1419.87,0.2,France,Web,12.04,5,4543.584
CMD02313,2024-11-03,Emma Rossi,Jouets,Puzzle,2,293.69,0.0,Italie,Web,11.69,1,587.38
CMD02314,2024-07-10,Ali Benali,Maison,Lampadaire,5,1283.46,0.05,Allemagne,Magasin,12.91,5,6096.4349999999995
CMD02315,2024-09-15,Carlos Gomez,Électronique,Casque audio,5,48.0,0.05,Maroc,App,4.71,3,228.0
CMD02316,2024-04-21,Paolo Bianchi,Sport,Chaussures de sport,1,1675.48,0.25,Espagne,Web,12.4,1,1256.6100000000001
CMD02317,2024-12-11,Jean Dupont,Mode,Veste,5,1848.14,0.0,Suisse,App,2.47,2,9240.7
CMD02318,2024-09-22,Youssef El Amrani,Maison,Aspirateur,2,364.68,0.3,Belgique,App,11.15,2,510.55199999999996
CMD02319,2024-05-08,Léa Durand,Sport,Vélo,4,772.3,0.15,Belgique,App,12.01,3,2625.8199999999997
CMD02320,2024-11-05,Paolo Bianchi,Beauté,Parfum,3,1893.15,0.25,France,App,12.64,5,4259.587500000001
CMD02321,2024-03-31,Nina Müller,Maison,Lampadaire,5,791.59,0.0,Allemagne,Magasin,14.47,3,3957.9500000000003
CMD02322,2024-09-03,Carlos Gomez,Maison,Ventilateur,4,275.44,0.3,France,Web,11.73,2,771.232
CMD02323,2024-11-30,Carlos Gomez,Électronique,Casque audio,2,863.42,0.3,Allemagne,Web,2.89,3,1208.7879999999998
CMD02324,2024-04-26,Jean Dupont,Maison,Mixeur,3,1460.74,0.0,Allemagne,Web,8.37,1,4382.22
CMD02325,2024-10-24,Nina Müller,Jouets,Jeu de société,1,1844.24,0.05,Allemagne,Web,8.67,2,1752.028
CMD02326,2024-10-11,Léa Durand,Maison,Aspirateur,5,871.82,0.15,Espagne,App,4.09,3,3705.235
CMD02327,2024-09-29,Lucie Martin,Mode,Montre,4,463.32,0.15,Italie,Web,5.75,3,1575.288
CMD02328,2024-08-03,Paolo Bianchi,Mode,Veste,2,1214.09,0.1,France,App,10.87,1,2185.362
CMD02329,2024-11-04,Emma Rossi,Beauté,Parfum,5,98.35,0.15,Espagne,Magasin,6.54,2,417.9875
CMD02330,2024-08-02,Lucie Martin,Mode,Chaussures,4,630.19,0.2,Espagne,App,9.18,4,2016.6080000000002
CMD02331,2024-10-21,Carlos Gomez,Électronique,TV 4K,2,1379.09,0.15,Belgique,App,6.73,1,2344.453
CMD02332,2024-07-04,Youssef El Amrani,Maison,Ventilateur,2,1671.26,0.1,Suisse,Web,12.59,5,3008.268
CMD02333,2024-01-10,Léa Durand,Maison,Aspirateur,5,982.53,0.0,Allemagne,Web,7.59,4,4912.65
CMD02334,2024-04-18,Léa Durand,Électronique,Tablette,2,839.25,0.25,Italie,Magasin,1.48,1,1258.875
CMD02335,2024-12-06,Nina Müller,Électronique,TV 4K,3,1851.83,0.1,Allemagne,Magasin,8.92,4,4999.941
CMD02336,2024-11-03,Carlos Gomez,Électronique,Tablette,3,1411.13,0.05,Suisse,Web,3.85,3,4021.7205
CMD02337,2024-11-19,Sarah Moreau,Mode,Chaussures,2,168.44,0.0,France,Web,8.84,3,336.88
CMD02338,2024-08-02,Sarah Moreau,Mode,Chaussures,5,955.83,0.15,Suisse,Magasin,4.95,1,4062.2775
CMD02339,2024-02-06,Jean Dupont,Électronique,Ordinateur portable,5,934.16,0.0,France,Web,9.52,2,4670.8
CMD02340,2024-07-27,Nina Müller,Sport,Chaussures de sport,3,243.04,0.2,Maroc,App,3.36,3,583.296
CMD02341,2024-10-11,Carlos Gomez,Sport,Ballon,3,1793.1,0.0,Espagne,Web,11.37,5,5379.299999999999
CMD02342,2024-08-19,Paolo Bianchi,Beauté,Parfum,2,1247.55,0.3,Espagne,Magasin,7.84,4,1746.57
CMD02343,2024-03-17,Sarah Moreau,Mode,Chaussures,4,734.94,0.15,Maroc,App,4.61,2,2498.7960000000003
CMD02344,2024-06-04,Nina Müller,Mode,Montre,1,483.02,0.15,Italie,Magasin,4.79,1,410.56699999999995
CMD02345,2024-03-20,Nina Müller,Maison,Mixeur,2,1863.51,0.2,Suisse,Magasin,2.0,2,2981.616
CMD02346,2024-11-30,Sarah Moreau,Sport,Vélo,3,126.6,0.1,Espagne,Magasin,2.32,1,341.82
CMD02347,2024-03-11,Emma Rossi,Maison,Mixeur,4,1408.9,0.15,Italie,App,6.11,1,4790.26
CMD02348,2024-08-07,Ali Benali,Sport,Tapis de course,4,635.81,0.15,Italie,Magasin,1.73,4,2161.754
CMD02349,2024-11-03,Sarah Moreau,Jouets,Lego,5,1157.75,0.3,France,App,13.34,2,4052.1249999999995
CMD02350,2024-11-04,Emma Rossi,Électronique,TV 4K,3,807.8,0.2,Suisse,Magasin,14.15,2,1938.7199999999998
CMD02351,2024-05-17,Emma Rossi,Sport,Ballon,5,594.42,0.05,Suisse,Magasin,11.98,3,2823.495
CMD02352,2024-03-18,Nina Müller,Beauté,Parfum,1,1098.59,0.2,Maroc,Web,7.35,2,878.872
CMD02353,2024-10-29,Lucie Martin,Sport,Chaussures de sport,5,623.63,0.1,Maroc,Web,4.86,4,2806.335
CMD02354,2024-10-05,Youssef El Amrani,Mode,Chaussures,2,1767.9,0.0,Suisse,App,7.33,3,3535.8
CMD02355,2024-08-31,Carlos Gomez,Beauté,Parfum,3,17.04,0.05,Espagne,Magasin,12.82,3,48.56399999999999
CMD02356,2024-04-22,Sarah Moreau,Beauté,Crème visage,4,762.52,0.3,Espagne,Web,2.12,5,2135.056
CMD02357,2024-11-01,Ali Benali,Électronique,Tablette,2,1374.85,0.2,Espagne,Web,7.61,2,2199.7599999999998
CMD02358,2024-07-27,Lucie Martin,Maison,Ventilateur,1,742.13,0.25,Italie,Magasin,1.66,1,556.5975
CMD02359,2024-08-11,Paolo Bianchi,Maison,Lampadaire,4,199.55,0.25,France,App,13.52,2,598.6500000000001
CMD02360,2024-01-24,Lucie Martin,Électronique,TV 4K,3,1704.36,0.15,Allemagne,Web,9.68,4,4346.1179999999995
CMD02361,2024-05-08,Léa Durand,Électronique,TV 4K,2,909.54,0.3,France,Web,12.15,4,1273.3559999999998
CMD02362,2024-04-12,Nina Müller,Jouets,Voiture téléguidée,4,853.56,0.2,France,App,14.18,2,2731.392
CMD02363,2024-01-15,Lucie Martin,Jouets,Voiture téléguidée,1,1626.36,0.25,Allemagne,Web,11.42,1,1219.77
CMD02364,2024-07-03,Paolo Bianchi,Maison,Lampadaire,5,1723.25,0.2,Italie,Web,7.36,5,6893.0
CMD02365,2024-10-25,Paolo Bianchi,Sport,Chaussures de sport,1,514.86,0.05,Espagne,Web,1.27,4,489.11699999999996
CMD02366,2024-06-22,Lucie Martin,Beauté,Sérum,5,693.98,0.0,Belgique,Web,7.43,5,3469.9
CMD02367,2024-05-10,Nina Müller,Mode,Veste,2,1045.85,0.0,Maroc,Web,1.31,4,2091.7
CMD02368,2024-01-14,Youssef El Amrani,Mode,Montre,3,264.31,0.2,France,Web,13.76,4,634.344
CMD02369,2024-06-11,Léa Durand,Beauté,Parfum,3,226.85,0.25,France,App,0.35,5,510.41249999999997
CMD02370,2024-10-18,Sarah Moreau,Jouets,Puzzle,2,1330.9,0.15,Italie,App,5.03,5,2262.53
CMD02371,2024-03-09,Emma Rossi,Jouets,Puzzle,3,1360.64,0.2,Belgique,Web,14.42,1,3265.536
CMD02372,2024-01-30,Jean Dupont,Jouets,Jeu de société,4,1520.24,0.1,Belgique,App,7.72,1,5472.8640000000005
CMD02373,2024-10-09,Léa Durand,Mode,Montre,5,776.23,0.0,Espagne,Magasin,14.25,2,3881.15
CMD02374,2024-10-12,Lucie Martin,Maison,Machine à café,5,1783.61,0.0,Suisse,Magasin,5.27,3,8918.05
CMD02375,2024-07-08,Carlos Gomez,Jouets,Lego,5,1678.44,0.15,Allemagne,App,3.58,5,7133.370000000001
CMD02376,2024-03-27,Sarah Moreau,Beauté,Parfum,1,730.83,0.25,Espagne,Web,11.79,2,548.1225000000001
CMD02377,2024-02-15,Léa Durand,Beauté,Shampoing,1,555.37,0.15,Espagne,Web,11.87,2,472.0645
CMD02378,2024-01-16,Carlos Gomez,Sport,Raquette,5,922.17,0.05,Suisse,Web,7.28,4,4380.307499999999
CMD02379,2024-07-08,Carlos Gomez,Électronique,Casque audio,2,570.33,0.3,Italie,App,2.18,1,798.462
CMD02380,2024-12-02,Youssef El Amrani,Jouets,Jeu de société,5,1714.32,0.0,Allemagne,App,9.35,5,8571.6
CMD02381,2024-08-25,Emma Rossi,Électronique,Casque audio,1,1972.5,0.25,France,App,7.57,3,1479.375
CMD02382,2024-09-08,Nina Müller,Électronique,TV 4K,2,209.34,0.3,France,App,7.9,1,293.07599999999996
CMD02383,2024-03-19,Lucie Martin,Mode,Veste,2,1631.44,0.05,Belgique,Magasin,5.72,5,3099.736
CMD02384,2024-09-22,Carlos Gomez,Maison,Ventilateur,2,1526.6,0.2,Allemagne,Magasin,9.13,1,2442.56
CMD02385,2024-11-11,Carlos Gomez,Électronique,Smartphone,3,750.0,0.3,Belgique,Web,5.71,5,1575.0
CMD02386,2024-04-11,Sarah Moreau,Mode,Montre,3,1828.45,0.25,Suisse,App,11.73,2,4114.012500000001
CMD02387,2024-09-26,Emma Rossi,Électronique,Smartphone,3,1394.65,0.0,France,App,10.32,5,4183.950000000001
CMD02388,2024-06-26,Léa Durand,Mode,Sac à main,1,1769.45,0.1,France,App,3.49,1,1592.505
CMD02389,2024-12-19,Paolo Bianchi,Jouets,Lego,2,447.4,0.3,Suisse,Magasin,1.74,3,626.3599999999999
CMD02390,2024-12-15,Jean Dupont,Maison,Aspirateur,1,169.83,0.05,Allemagne,Magasin,3.55,1,161.3385
CMD02391,2024-06-20,Sarah Moreau,Électronique,TV 4K,4,571.63,0.1,Belgique,App,6.96,2,2057.868
CMD02392,2024-02-06,Emma Rossi,Maison,Aspirateur,1,205.26,0.25,Maroc,Web,9.8,1,153.945
CMD02393,2024-01-31,Lucie Martin,Jouets,Jeu de société,5,1546.58,0.05,Belgique,Web,13.28,5,7346.254999999999
CMD02394,2024-10-26,Léa Durand,Sport,Tapis de course,3,1855.08,0.1,Maroc,Magasin,14.55,5,5008.716
CMD02395,2024-05-11,Nina Müller,Sport,Vélo,3,996.06,0.25,Suisse,Magasin,8.35,2,2241.1349999999998
CMD02396,2024-08-14,Lucie Martin,Beauté,Sérum,2,148.87,0.0,Belgique,Magasin,8.99,4,297.74
CMD02397,2024-07-23,Léa Durand,Électronique,Smartphone,1,1078.43,0.05,Suisse,App,6.13,1,1024.5085
CMD02398,2024-10-19,Paolo Bianchi,Mode,Montre,1,1307.6,0.05,Allemagne,App,10.43,5,1242.2199999999998
CMD02399,2024-03-24,Sarah Moreau,Électronique,Smartphone,4,336.95,0.05,Allemagne,App,12.97,3,1280.4099999999999
CMD02400,2024-10-09,Léa Durand,Maison,Machine à café,2,47.38,0.2,Suisse,Web,6.16,5,75.808
CMD02401,2024-06-29,Nina Müller,Jouets,Lego,3,262.84,0.25,Maroc,App,1.95,4,591.39
CMD02402,2024-04-25,Youssef El Amrani,Maison,Mixeur,5,955.7,0.2,Italie,Magasin,12.08,5,3822.8
CMD02403,2024-07-29,Carlos Gomez,Sport,Vélo,5,1668.45,0.2,Espagne,Magasin,4.39,3,6673.8
CMD02404,2024-01-21,Jean Dupont,Jouets,Lego,1,621.85,0.1,Belgique,App,14.92,1,559.6650000000001
CMD02405,2024-12-29,Nina Müller,Sport,Raquette,2,130.52,0.3,France,Web,1.71,4,182.728
CMD02406,2024-07-11,Ali Benali,Sport,Ballon,5,864.35,0.2,Maroc,Web,3.23,1,3457.4
CMD02407,2024-12-30,Nina Müller,Maison,Lampadaire,2,671.97,0.3,Maroc,Magasin,13.65,1,940.7579999999999
CMD02408,2024-03-20,Paolo Bianchi,Sport,Raquette,3,1134.93,0.1,Italie,App,9.59,1,3064.311
CMD02409,2024-12-02,Nina Müller,Maison,Machine à café,3,521.4,0.15,France,Web,13.4,4,1329.5699999999997
CMD02410,2024-10-30,Youssef El Amrani,Maison,Machine à café,3,26.62,0.3,Italie,Magasin,14.47,2,55.901999999999994
CMD02411,2024-06-24,Léa Durand,Mode,Chaussures,3,1973.73,0.05,Allemagne,Magasin,2.93,4,5625.1305
CMD02412,2024-08-28,Léa Durand,Mode,Chaussures,5,1717.34,0.15,Italie,App,3.29,5,7298.694999999999
CMD02413,2024-10-15,Carlos Gomez,Sport,Vélo,4,1411.77,0.15,Suisse,App,10.0,4,4800.018
CMD02414,2024-08-28,Nina Müller,Jouets,Puzzle,4,1162.08,0.25,France,Magasin,9.62,5,3486.24
CMD02415,2024-12-18,Youssef El Amrani,Jouets,Voiture téléguidée,1,1343.7,0.1,Maroc,App,2.74,3,1209.3300000000002
CMD02416,2024-07-14,Nina Müller,Mode,Montre,4,1520.51,0.1,Maroc,App,7.15,2,5473.836
CMD02417,2024-09-16,Emma Rossi,Maison,Lampadaire,1,362.5,0.25,France,App,4.17,5,271.875
CMD02418,2024-03-10,Ali Benali,Maison,Machine à café,5,1454.68,0.2,Italie,Web,10.73,3,5818.720000000001
CMD02419,2024-09-20,Emma Rossi,Mode,Veste,3,607.38,0.25,Espagne,Web,2.91,4,1366.605
CMD02420,2024-04-09,Youssef El Amrani,Jouets,Voiture téléguidée,2,451.77,0.0,Suisse,Web,3.32,4,903.54
CMD02421,2024-09-25,Jean Dupont,Électronique,Casque audio,5,1845.04,0.25,Italie,Magasin,8.8,5,6918.900000000001
CMD02422,2024-01-30,Léa Durand,Mode,Sac à main,5,269.94,0.3,Suisse,Magasin,3.65,2,944.79
CMD02423,2024-11-22,Paolo Bianchi,Jouets,Puzzle,2,929.0,0.05,Suisse,Web,13.79,2,1765.1
CMD02424,2024-05-24,Léa Durand,Maison,Aspirateur,5,1559.01,0.05,Suisse,Web,3.92,2,7405.2975
CMD02425,2024-05-13,Nina Müller,Électronique,Ordinateur portable,1,1964.26,0.1,Suisse,Magasin,13.55,3,1767.834
CMD02426,2024-06-28,Paolo Bianchi,Jouets,Lego,1,1947.32,0.3,Maroc,App,5.48,5,1363.1239999999998
CMD02427,2024-07-07,Sarah Moreau,Maison,Mixeur,2,248.81,0.25,France,Magasin,5.35,1,373.21500000000003
CMD02428,2024-02-01,Jean Dupont,Beauté,Sérum,1,39.51,0.25,Allemagne,App,7.19,1,29.6325
CMD02429,2024-01-30,Ali Benali,Mode,Jean,3,171.75,0.3,Espagne,App,10.9,5,360.67499999999995
CMD02430,2024-10-07,Sarah Moreau,Beauté,Sérum,2,1973.96,0.1,Suisse,Web,7.11,2,3553.128
CMD02431,2024-07-27,Emma Rossi,Sport,Raquette,4,317.58,0.0,Suisse,Web,6.4,1,1270.32
CMD02432,2024-05-14,Ali Benali,Mode,Jean,4,986.31,0.15,France,App,0.09,4,3353.4539999999997
CMD02433,2024-11-16,Emma Rossi,Maison,Mixeur,3,1700.83,0.0,Allemagne,App,3.66,4,5102.49
CMD02434,2024-07-10,Lucie Martin,Mode,Jean,2,801.93,0.2,Italie,App,5.25,3,1283.088
CMD02435,2024-05-10,Youssef El Amrani,Sport,Vélo,1,1003.43,0.0,Belgique,App,3.61,5,1003.43
CMD02436,2024-01-24,Ali Benali,Sport,Raquette,4,1792.48,0.15,Suisse,Magasin,12.27,3,6094.432
CMD02437,2024-10-21,Youssef El Amrani,Jouets,Peluche,3,1950.0,0.2,Belgique,App,1.44,2,4680.0
CMD02438,2024-06-06,Sarah Moreau,Sport,Ballon,3,1515.1,0.15,France,App,10.96,5,3863.504999999999
CMD02439,2024-09-30,Paolo Bianchi,Mode,Veste,4,1714.58,0.1,France,Web,3.05,2,6172.488
CMD02440,2024-08-02,Jean Dupont,Beauté,Crème visage,4,238.44,0.2,Italie,Magasin,14.97,4,763.008
CMD02441,2024-08-09,Emma Rossi,Maison,Aspirateur,2,1471.42,0.25,Italie,Web,3.46,1,2207.13
CMD02442,2024-02-04,Lucie Martin,Jouets,Voiture téléguidée,5,1743.07,0.0,Italie,Magasin,4.85,2,8715.35
CMD02443,2024-11-20,Ali Benali,Beauté,Crème visage,1,1135.47,0.3,Maroc,Web,6.6,3,794.829
CMD02444,2024-11-27,Lucie Martin,Jouets,Jeu de société,4,1040.64,0.2,Italie,Web,1.4,2,3330.0480000000007
CMD02445,2024-04-12,Youssef El Amrani,Maison,Mixeur,3,486.82,0.2,France,App,11.27,4,1168.3680000000002
CMD02446,2024-10-30,Emma Rossi,Électronique,Smartphone,1,674.81,0.2,Suisse,Web,4.91,5,539.848
CMD02447,2024-01-03,Léa Durand,Maison,Aspirateur,5,49.27,0.25,Espagne,Magasin,10.42,2,184.76250000000002
CMD02448,2024-12-12,Sarah Moreau,Beauté,Sérum,4,665.19,0.05,Espagne,Web,14.31,2,2527.722
CMD02449,2024-07-10,Emma Rossi,Sport,Vélo,5,1695.84,0.3,Maroc,App,8.84,3,5935.439999999999
CMD02450,2024-02-22,Emma Rossi,Sport,Chaussures de sport,5,911.5,0.3,Suisse,App,6.33,1,3190.25
CMD02451,2024-05-11,Carlos Gomez,Jouets,Jeu de société,2,499.74,0.05,Belgique,App,4.81,1,949.506
CMD02452,2024-11-20,Paolo Bianchi,Maison,Lampadaire,3,324.68,0.15,Maroc,Web,6.02,1,827.934
CMD02453,2024-10-09,Sarah Moreau,Maison,Aspirateur,4,941.06,0.0,Espagne,Web,9.95,4,3764.24
CMD02454,2024-01-07,Sarah Moreau,Sport,Raquette,5,863.9,0.3,Maroc,Web,4.14,5,3023.6499999999996
CMD02455,2024-01-13,Paolo Bianchi,Sport,Raquette,4,1894.11,0.2,Belgique,Magasin,10.27,2,6061.152
CMD02456,2024-07-11,Paolo Bianchi,Mode,Jean,2,1877.79,0.0,Allemagne,App,8.11,4,3755.58
CMD02457,2024-08-31,Emma Rossi,Mode,Montre,2,1062.08,0.0,Suisse,Magasin,1.91,2,2124.16
CMD02458,2024-09-30,Sarah Moreau,Jouets,Jeu de société,5,1585.23,0.2,Espagne,Magasin,14.4,2,6340.92
CMD02459,2024-06-21,Emma Rossi,Beauté,Sérum,1,534.25,0.0,Allemagne,App,1.09,3,534.25
CMD02460,2024-01-16,Lucie Martin,Jouets,Lego,2,1832.03,0.25,Suisse,Magasin,6.0,2,2748.045
CMD02461,2024-03-06,Nina Müller,Électronique,TV 4K,5,1948.74,0.1,Espagne,App,7.65,4,8769.330000000002
CMD02462,2024-01-15,Jean Dupont,Électronique,Tablette,3,1394.82,0.05,France,App,7.54,1,3975.2369999999996
CMD02463,2024-01-30,Carlos Gomez,Maison,Lampadaire,5,1754.93,0.1,Allemagne,Web,3.57,3,7897.1849999999995
CMD02464,2024-07-24,Jean Dupont,Électronique,Ordinateur portable,2,401.61,0.2,Italie,Web,6.87,3,642.576
CMD02465,2024-09-05,Youssef El Amrani,Beauté,Parfum,3,1224.72,0.1,Allemagne,App,5.94,3,3306.744
CMD02466,2024-12-24,Jean Dupont,Sport,Ballon,2,328.28,0.3,Italie,App,9.61,3,459.5919999999999
CMD02467,2024-12-18,Emma Rossi,Sport,Tapis de course,2,1455.95,0.25,Belgique,Web,7.65,3,2183.925
CMD02468,2024-03-13,Ali Benali,Beauté,Rouge à lèvres,4,256.52,0.25,Suisse,Web,8.62,5,769.56
CMD02469,2024-07-28,Nina Müller,Maison,Mixeur,3,1861.82,0.05,France,Web,10.11,3,5306.187
CMD02470,2024-06-15,Lucie Martin,Sport,Tapis de course,1,1945.24,0.2,Espagne,Web,6.23,3,1556.192
CMD02471,2024-12-25,Lucie Martin,Maison,Machine à café,3,958.66,0.3,Espagne,Web,13.13,2,2013.186
CMD02472,2024-04-28,Sarah Moreau,Mode,Jean,1,1345.51,0.25,Italie,App,8.71,1,1009.1324999999999
CMD02473,2024-06-09,Carlos Gomez,Maison,Aspirateur,2,411.01,0.1,Suisse,Magasin,4.33,3,739.818
CMD02474,2024-09-18,Paolo Bianchi,Jouets,Puzzle,5,886.64,0.2,France,Web,8.24,1,3546.56
CMD02475,2024-07-15,Lucie Martin,Sport,Ballon,3,282.75,0.3,Allemagne,Magasin,11.11,5,593.775
CMD02476,2024-01-18,Léa Durand,Sport,Chaussures de sport,1,686.39,0.0,Suisse,Web,11.14,5,686.39
CMD02477,2024-03-19,Ali Benali,Maison,Lampadaire,4,67.67,0.25,Espagne,App,11.96,3,203.01
CMD02478,2024-10-24,Carlos Gomez,Électronique,TV 4K,4,585.67,0.25,Italie,Web,4.46,5,1757.0099999999998
CMD02479,2024-06-26,Carlos Gomez,Maison,Mixeur,1,1908.77,0.25,Belgique,Web,10.84,1,1431.5774999999999
CMD02480,2024-08-31,Léa Durand,Maison,Lampadaire,5,697.39,0.1,Allemagne,Magasin,6.37,3,3138.255
CMD02481,2024-04-08,Ali Benali,Jouets,Peluche,3,913.17,0.25,Belgique,App,2.31,2,2054.6324999999997
CMD02482,2024-01-22,Youssef El Amrani,Électronique,Casque audio,4,546.02,0.2,Suisse,Magasin,8.68,2,1747.2640000000001
CMD02483,2024-02-07,Youssef El Amrani,Beauté,Shampoing,4,642.34,0.05,France,Magasin,1.7,3,2440.892
CMD02484,2024-03-07,Paolo Bianchi,Maison,Lampadaire,3,467.22,0.15,Italie,Web,9.12,1,1191.411
CMD02485,2024-05-28,Nina Müller,Maison,Mixeur,1,1206.72,0.05,France,Web,6.78,2,1146.384
CMD02486,2024-03-12,Nina Müller,Beauté,Sérum,5,952.83,0.2,Belgique,App,2.34,1,3811.3200000000006
CMD02487,2024-05-14,Youssef El Amrani,Beauté,Parfum,1,1476.08,0.25,Belgique,Web,6.44,5,1107.06
CMD02488,2024-12-07,Emma Rossi,Maison,Ventilateur,3,438.31,0.15,Allemagne,Web,0.2,2,1117.6905
CMD02489,2024-09-26,Emma Rossi,Jouets,Peluche,2,1171.63,0.05,Espagne,Web,9.42,3,2226.097
CMD02490,2024-08-31,Paolo Bianchi,Mode,Montre,4,1608.16,0.15,Espagne,Magasin,9.21,5,5467.744
CMD02491,2024-02-28,Jean Dupont,Électronique,TV 4K,1,560.67,0.05,Espagne,App,5.48,1,532.6365
CMD02492,2024-03-25,Carlos Gomez,Électronique,Ordinateur portable,5,855.04,0.05,Italie,Magasin,9.08,1,4061.4399999999996
CMD02493,2024-05-08,Jean Dupont,Sport,Ballon,3,1211.66,0.2,Belgique,Web,1.09,3,2907.9840000000004
CMD02494,2024-11-22,Léa Durand,Sport,Chaussures de sport,5,1281.9,0.3,Espagne,Magasin,7.65,5,4486.65
CMD02495,2024-07-22,Ali Benali,Maison,Machine à café,1,474.46,0.0,Espagne,Web,0.8,5,474.46
CMD02496,2024-08-05,Nina Müller,Mode,Montre,4,904.86,0.2,Italie,Web,2.42,5,2895.552
CMD02497,2024-06-04,Léa Durand,Électronique,Ordinateur portable,3,637.82,0.0,Belgique,Web,2.63,5,1913.46
CMD02498,2024-03-03,Carlos Gomez,Électronique,Casque audio,5,146.02,0.3,Suisse,Magasin,12.93,1,511.07
CMD02499,2024-01-03,Carlos Gomez,Maison,Machine à café,3,472.86,0.3,Maroc,Magasin,3.97,2,993.0059999999999
CMD02500,2024-05-01,Sarah Moreau,Jouets,Peluche,3,1966.6,0.0,Espagne,App,7.38,2,5899.799999999999
CMD02501,2024-12-03,Emma Rossi,Beauté,Rouge à lèvres,2,212.13,0.0,Maroc,Magasin,4.96,1,424.26
CMD02502,2024-10-22,Léa Durand,Électronique,Tablette,1,975.65,0.1,Maroc,Web,5.69,4,878.085
CMD02503,2024-04-24,Lucie Martin,Électronique,Casque audio,1,1701.92,0.0,Italie,Web,9.22,1,1701.92
CMD02504,2024-11-19,Lucie Martin,Électronique,Tablette,4,651.93,0.0,Espagne,App,7.1,4,2607.72
CMD02505,2024-01-16,Emma Rossi,Mode,Veste,5,674.09,0.15,France,Web,1.54,4,2864.8825
CMD02506,2024-08-19,Léa Durand,Maison,Lampadaire,1,275.46,0.2,Belgique,Web,1.7,1,220.368
CMD02507,2024-06-06,Jean Dupont,Électronique,Tablette,1,1304.66,0.0,Suisse,Magasin,11.64,5,1304.66
CMD02508,2024-08-02,Ali Benali,Mode,Chaussures,1,1195.66,0.25,Belgique,App,8.57,4,896.7450000000001
CMD02509,2024-08-14,Youssef El Amrani,Jouets,Lego,4,1980.57,0.0,Suisse,Web,6.17,2,7922.28
CMD02510,2024-10-29,Sarah Moreau,Électronique,Smartphone,4,1555.89,0.15,Maroc,Magasin,1.03,2,5290.026
CMD02511,2024-04-04,Nina Müller,Électronique,Smartphone,2,1300.26,0.25,Maroc,App,13.86,2,1950.3899999999999
CMD02512,2024-03-11,Léa Durand,Beauté,Rouge à lèvres,4,91.37,0.25,Italie,Web,5.86,1,274.11
CMD02513,2024-05-22,Paolo Bianchi,Beauté,Shampoing,1,1346.57,0.3,Espagne,Web,9.7,2,942.5989999999999
CMD02514,2024-09-16,Emma Rossi,Maison,Lampadaire,3,435.71,0.25,Suisse,Magasin,14.79,4,980.3474999999999
CMD02515,2024-08-28,Emma Rossi,Maison,Machine à café,2,1562.53,0.25,Espagne,Web,1.22,3,2343.795
CMD02516,2024-03-07,Carlos Gomez,Sport,Tapis de course,3,814.35,0.2,Belgique,App,14.83,2,1954.4400000000003
CMD02517,2024-11-27,Ali Benali,Jouets,Jeu de société,2,1406.89,0.1,Espagne,App,8.99,3,2532.402
CMD02518,2024-12-19,Carlos Gomez,Mode,Chaussures,5,1889.01,0.25,Allemagne,Magasin,5.17,3,7083.787499999999
CMD02519,2024-11-04,Léa Durand,Maison,Mixeur,3,1015.18,0.0,Belgique,Web,6.34,5,3045.54
CMD02520,2024-03-19,Emma Rossi,Beauté,Parfum,2,1232.82,0.05,Belgique,App,13.2,5,2342.3579999999997
CMD02521,2024-01-25,Youssef El Amrani,Électronique,Smartphone,5,845.11,0.2,Maroc,Web,6.91,2,3380.4400000000005
CMD02522,2024-11-15,Youssef El Amrani,Sport,Ballon,5,289.24,0.3,Suisse,App,3.01,4,1012.3399999999999
CMD02523,2024-12-08,Lucie Martin,Maison,Mixeur,3,234.09,0.05,Allemagne,App,9.82,5,667.1564999999999
CMD02524,2024-04-24,Ali Benali,Mode,Jean,1,1971.41,0.05,Espagne,Web,1.37,1,1872.8395
CMD02525,2024-01-31,Sarah Moreau,Électronique,Ordinateur portable,4,1663.37,0.3,Allemagne,Web,10.39,3,4657.436
CMD02526,2024-06-09,Ali Benali,Maison,Lampadaire,5,1322.87,0.2,Belgique,Magasin,12.69,1,5291.48
CMD02527,2024-12-22,Lucie Martin,Sport,Raquette,3,143.46,0.0,Italie,App,2.34,4,430.38
CMD02528,2024-05-26,Nina Müller,Électronique,Smartphone,1,113.05,0.05,Maroc,Magasin,9.84,1,107.3975
CMD02529,2024-10-14,Léa Durand,Beauté,Sérum,1,661.11,0.3,France,App,7.45,2,462.777
CMD02530,2024-05-06,Sarah Moreau,Électronique,Ordinateur portable,2,299.13,0.05,Maroc,App,11.62,1,568.347
CMD02531,2024-04-14,Lucie Martin,Sport,Raquette,1,1221.29,0.3,Maroc,App,2.22,1,854.9029999999999
CMD02532,2024-12-06,Paolo Bianchi,Maison,Ventilateur,1,570.29,0.1,Allemagne,Magasin,0.75,5,513.261
CMD02533,2024-07-16,Nina Müller,Jouets,Lego,4,576.75,0.0,Espagne,Magasin,11.26,4,2307.0
CMD02534,2024-04-30,Youssef El Amrani,Jouets,Puzzle,1,1253.58,0.3,France,App,4.69,2,877.5059999999999
CMD02535,2024-04-01,Carlos Gomez,Jouets,Lego,4,526.9,0.05,Allemagne,Web,6.84,1,2002.2199999999998
CMD02536,2024-08-05,Youssef El Amrani,Jouets,Voiture téléguidée,1,1649.73,0.15,Italie,Magasin,14.38,1,1402.2705
CMD02537,2024-07-17,Emma Rossi,Maison,Aspirateur,3,1882.03,0.0,Maroc,App,11.07,1,5646.09
CMD02538,2024-02-17,Jean Dupont,Électronique,Ordinateur portable,5,1175.11,0.0,Suisse,Web,0.06,2,5875.549999999999
CMD02539,2024-02-05,Léa Durand,Mode,Jean,5,1070.42,0.3,Italie,App,6.17,2,3746.47
CMD02540,2024-02-08,Sarah Moreau,Beauté,Rouge à lèvres,4,381.88,0.05,Espagne,Magasin,3.26,3,1451.144
CMD02541,2024-05-05,Sarah Moreau,Électronique,Smartphone,5,254.35,0.1,Italie,Magasin,13.2,4,1144.575
CMD02542,2024-08-27,Nina Müller,Maison,Aspirateur,4,294.14,0.1,Espagne,Web,0.02,2,1058.904
CMD02543,2024-04-18,Nina Müller,Beauté,Crème visage,1,1564.14,0.2,Espagne,App,8.2,5,1251.3120000000001
CMD02544,2024-01-10,Youssef El Amrani,Maison,Aspirateur,5,309.39,0.2,Allemagne,Web,3.98,1,1237.56
CMD02545,2024-10-06,Léa Durand,Beauté,Shampoing,5,1117.27,0.3,Italie,Magasin,4.01,3,3910.445
CMD02546,2024-08-27,Jean Dupont,Beauté,Parfum,2,135.4,0.2,Maroc,Web,8.43,4,216.64000000000001
CMD02547,2024-03-06,Carlos Gomez,Jouets,Jeu de société,4,670.06,0.05,Suisse,App,4.56,5,2546.2279999999996
CMD02548,2024-08-07,Sarah Moreau,Électronique,TV 4K,4,1232.68,0.3,Espagne,Magasin,2.31,1,3451.504
CMD02549,2024-01-20,Emma Rossi,Jouets,Lego,1,1654.28,0.2,Italie,Magasin,10.42,2,1323.424
CMD02550,2024-06-26,Emma Rossi,Jouets,Puzzle,2,1584.23,0.25,Belgique,Web,0.23,5,2376.3450000000003
CMD02551,2024-08-25,Carlos Gomez,Électronique,Casque audio,3,307.85,0.25,Belgique,Magasin,1.29,2,692.6625
CMD02552,2024-04-27,Nina Müller,Beauté,Sérum,3,1940.43,0.1,Maroc,Web,11.43,3,5239.161
CMD02553,2024-07-30,Lucie Martin,Mode,Montre,2,443.16,0.1,Italie,Web,4.9,4,797.6880000000001
CMD02554,2024-02-10,Léa Durand,Mode,Sac à main,1,432.2,0.2,Maroc,App,4.38,2,345.76
CMD02555,2024-08-18,Sarah Moreau,Maison,Aspirateur,3,1096.63,0.0,Allemagne,Magasin,3.19,2,3289.8900000000003
CMD02556,2024-02-24,Lucie Martin,Jouets,Jeu de société,2,447.3,0.15,Espagne,App,6.87,3,760.41
CMD02557,2024-08-30,Emma Rossi,Maison,Machine à café,2,137.63,0.0,Espagne,Magasin,8.73,2,275.26
CMD02558,2024-11-01,Paolo Bianchi,Sport,Vélo,4,1402.42,0.05,Italie,Magasin,2.01,4,5329.196
CMD02559,2024-07-22,Carlos Gomez,Électronique,Smartphone,1,1314.63,0.2,Allemagne,Magasin,12.32,4,1051.7040000000002
CMD02560,2024-06-14,Lucie Martin,Électronique,Tablette,5,1313.26,0.25,Maroc,Magasin,14.06,3,4924.725
CMD02561,2024-09-05,Jean Dupont,Beauté,Crème visage,5,169.38,0.05,Belgique,Web,4.82,5,804.555
CMD02562,2024-12-01,Emma Rossi,Maison,Ventilateur,3,1037.52,0.3,Italie,App,14.83,5,2178.792
CMD02563,2024-04-20,Paolo Bianchi,Électronique,TV 4K,2,1746.1,0.3,Maroc,Web,9.06,5,2444.5399999999995
CMD02564,2024-06-20,Ali Benali,Sport,Raquette,3,1793.49,0.15,Italie,Magasin,0.24,2,4573.3995
CMD02565,2024-02-10,Carlos Gomez,Mode,Montre,5,1236.04,0.3,Belgique,Magasin,4.96,5,4326.139999999999
CMD02566,2024-06-21,Ali Benali,Électronique,Tablette,5,116.86,0.25,Allemagne,Web,2.24,5,438.22499999999997
CMD02567,2024-06-21,Sarah Moreau,Jouets,Voiture téléguidée,5,1078.79,0.2,Espagne,Magasin,3.83,4,4315.16
CMD02568,2024-10-19,Ali Benali,Beauté,Parfum,3,858.04,0.25,Italie,App,9.39,2,1930.59
CMD02569,2024-09-03,Ali Benali,Sport,Ballon,5,1215.08,0.0,Maroc,Magasin,7.05,4,6075.4
CMD02570,2024-01-26,Carlos Gomez,Jouets,Jeu de société,4,277.57,0.1,France,Web,1.72,4,999.252
CMD02571,2024-12-15,Paolo Bianchi,Jouets,Puzzle,2,1369.1,0.0,Italie,App,11.78,3,2738.2
CMD02572,2024-06-04,Léa Durand,Maison,Aspirateur,3,1559.42,0.2,Allemagne,App,6.17,1,3742.608
CMD02573,2024-08-28,Emma Rossi,Mode,Sac à main,4,1800.76,0.25,Belgique,Web,0.89,1,5402.28
CMD02574,2024-09-25,Lucie Martin,Beauté,Crème visage,3,1012.43,0.2,France,Web,5.17,5,2429.832
CMD02575,2024-08-27,Paolo Bianchi,Électronique,Smartphone,3,1147.97,0.05,Maroc,Magasin,1.52,5,3271.7144999999996
CMD02576,2024-04-05,Lucie Martin,Jouets,Puzzle,1,768.81,0.15,Belgique,Magasin,13.6,3,653.4884999999999
CMD02577,2024-03-12,Paolo Bianchi,Mode,Montre,5,424.97,0.1,Belgique,Web,14.22,3,1912.3650000000005
CMD02578,2024-03-22,Carlos Gomez,Sport,Chaussures de sport,3,1281.01,0.2,Maroc,Web,1.35,2,3074.424
CMD02579,2024-02-02,Sarah Moreau,Électronique,Ordinateur portable,1,557.6,0.25,France,Magasin,6.58,4,418.20000000000005
CMD02580,2024-02-11,Paolo Bianchi,Maison,Mixeur,3,957.03,0.25,Maroc,Web,5.78,4,2153.3175
CMD02581,2024-05-21,Sarah Moreau,Maison,Lampadaire,1,907.82,0.0,France,Magasin,8.98,4,907.82
CMD02582,2024-05-17,Carlos Gomez,Mode,Jean,4,312.47,0.1,Allemagne,Magasin,0.52,1,1124.892
CMD02583,2024-09-21,Emma Rossi,Mode,Sac à main,1,1301.99,0.25,Maroc,App,12.4,5,976.4925000000001
CMD02584,2024-05-29,Ali Benali,Sport,Ballon,4,1448.71,0.15,Allemagne,App,4.65,1,4925.614
CMD02585,2024-12-28,Paolo Bianchi,Électronique,Smartphone,1,1202.59,0.2,France,App,11.07,2,962.072
CMD02586,2024-08-10,Sarah Moreau,Électronique,Tablette,5,564.18,0.1,Espagne,App,10.78,2,2538.81
CMD02587,2024-02-11,Sarah Moreau,Jouets,Peluche,1,1623.22,0.3,Espagne,App,10.72,1,1136.254
CMD02588,2024-10-03,Nina Müller,Mode,Chaussures,2,552.92,0.2,Espagne,Magasin,0.78,5,884.672
CMD02589,2024-04-28,Carlos Gomez,Beauté,Parfum,2,416.11,0.05,Belgique,Magasin,5.92,1,790.609
CMD02590,2024-06-27,Ali Benali,Beauté,Shampoing,5,915.55,0.3,France,Web,12.75,4,3204.4249999999997
CMD02591,2024-06-15,Léa Durand,Jouets,Puzzle,1,25.61,0.05,Suisse,Magasin,3.71,2,24.3295
CMD02592,2024-02-12,Emma Rossi,Électronique,Tablette,5,1313.5,0.2,Maroc,Web,13.98,5,5254.0
CMD02593,2024-05-07,Paolo Bianchi,Maison,Machine à café,1,327.02,0.0,Espagne,Web,3.28,2,327.02
CMD02594,2024-07-16,Léa Durand,Maison,Lampadaire,1,112.81,0.25,Italie,App,9.9,3,84.6075
CMD02595,2024-05-13,Nina Müller,Maison,Lampadaire,5,342.41,0.25,Maroc,Web,10.93,5,1284.0375000000001
CMD02596,2024-10-26,Carlos Gomez,Électronique,Ordinateur portable,1,1843.58,0.1,Espagne,App,2.59,4,1659.222
CMD02597,2024-01-09,Paolo Bianchi,Électronique,Ordinateur portable,3,462.95,0.05,Maroc,Web,7.72,1,1319.4074999999998
CMD02598,2024-03-12,Nina Müller,Maison,Mixeur,2,245.62,0.3,Suisse,App,2.26,4,343.868
CMD02599,2024-04-15,Ali Benali,Jouets,Puzzle,2,575.43,0.1,Maroc,Magasin,7.32,3,1035.774
CMD02600,2024-02-19,Jean Dupont,Électronique,Casque audio,1,1446.04,0.05,Espagne,App,11.88,3,1373.7379999999998
CMD02601,2024-07-25,Léa Durand,Beauté,Crème visage,3,1596.55,0.1,Suisse,Web,9.15,2,4310.6849999999995
CMD02602,2024-12-11,Sarah Moreau,Maison,Mixeur,5,252.95,0.0,Belgique,App,11.68,5,1264.75
CMD02603,2024-08-27,Youssef El Amrani,Beauté,Sérum,4,1124.94,0.0,Suisse,App,2.59,4,4499.76
CMD02604,2024-06-26,Lucie Martin,Électronique,Ordinateur portable,1,1399.48,0.1,Italie,Web,11.02,2,1259.5320000000002
CMD02605,2024-04-14,Léa Durand,Jouets,Jeu de société,1,1143.72,0.05,France,Magasin,3.27,3,1086.5339999999999
CMD02606,2024-07-15,Carlos Gomez,Sport,Chaussures de sport,3,1862.38,0.1,Belgique,App,3.5,5,5028.426
CMD02607,2024-10-15,Sarah Moreau,Jouets,Peluche,3,21.21,0.3,Belgique,Magasin,8.74,5,44.541
CMD02608,2024-11-30,Lucie Martin,Maison,Lampadaire,2,740.48,0.25,Belgique,App,3.73,4,1110.72
CMD02609,2024-08-15,Léa Durand,Jouets,Voiture téléguidée,1,282.77,0.15,France,App,12.03,5,240.35449999999997
CMD02610,2024-12-25,Carlos Gomez,Mode,Jean,1,1345.25,0.25,Maroc,Magasin,13.12,2,1008.9375
CMD02611,2024-11-04,Carlos Gomez,Maison,Mixeur,1,309.97,0.1,Allemagne,App,4.48,5,278.973
CMD02612,2024-05-14,Jean Dupont,Beauté,Crème visage,4,560.48,0.1,Allemagne,Magasin,9.41,1,2017.728
CMD02613,2024-01-03,Youssef El Amrani,Jouets,Voiture téléguidée,1,331.56,0.1,Italie,Web,10.77,3,298.404
CMD02614,2024-09-02,Ali Benali,Jouets,Lego,5,1642.92,0.25,Belgique,App,7.02,2,6160.950000000001
CMD02615,2024-09-02,Léa Durand,Maison,Aspirateur,2,1849.62,0.3,Italie,Magasin,3.1,2,2589.468
CMD02616,2024-01-17,Nina Müller,Jouets,Lego,5,280.99,0.15,Maroc,Magasin,0.27,1,1194.2075
CMD02617,2024-10-16,Léa Durand,Mode,Sac à main,3,1393.13,0.1,Suisse,Magasin,6.82,4,3761.4510000000005
CMD02618,2024-05-08,Jean Dupont,Beauté,Shampoing,5,356.97,0.2,Allemagne,Web,9.01,1,1427.88
CMD02619,2024-12-10,Emma Rossi,Jouets,Puzzle,5,967.29,0.3,Maroc,Web,5.62,2,3385.515
CMD02620,2024-07-02,Nina Müller,Beauté,Crème visage,1,125.51,0.2,Allemagne,App,11.16,2,100.40800000000002
CMD02621,2024-04-11,Emma Rossi,Maison,Mixeur,3,481.78,0.25,Maroc,Magasin,1.63,3,1084.0049999999999
CMD02622,2024-07-07,Carlos Gomez,Électronique,Smartphone,5,581.83,0.05,Allemagne,App,1.51,4,2763.6925
CMD02623,2024-02-18,Léa Durand,Mode,Sac à main,5,1991.73,0.3,Italie,App,11.88,4,6971.054999999999
CMD02624,2024-10-26,Emma Rossi,Électronique,Ordinateur portable,3,834.08,0.3,Allemagne,Magasin,3.2,4,1751.568
CMD02625,2024-02-21,Emma Rossi,Sport,Raquette,1,1998.03,0.25,Maroc,Web,11.47,2,1498.5225
CMD02626,2024-04-27,Emma Rossi,Beauté,Sérum,4,230.39,0.3,Maroc,Web,14.2,3,645.0919999999999
CMD02627,2024-11-18,Ali Benali,Électronique,Casque audio,5,840.87,0.15,Espagne,App,8.35,4,3573.6975
CMD02628,2024-02-18,Sarah Moreau,Électronique,Tablette,2,1919.84,0.2,Maroc,App,4.06,2,3071.744
CMD02629,2024-09-01,Léa Durand,Jouets,Voiture téléguidée,3,915.47,0.3,Allemagne,Web,11.79,1,1922.4869999999999
CMD02630,2024-09-07,Emma Rossi,Jouets,Voiture téléguidée,1,316.16,0.3,Espagne,Web,1.26,1,221.312
CMD02631,2024-12-12,Paolo Bianchi,Mode,Montre,4,262.05,0.1,Suisse,Magasin,5.01,3,943.3800000000001
CMD02632,2024-11-04,Léa Durand,Maison,Lampadaire,1,442.79,0.25,Allemagne,Web,13.97,5,332.09250000000003
CMD02633,2024-10-25,Lucie Martin,Mode,Jean,2,807.39,0.15,Belgique,App,6.0,5,1372.5629999999999
CMD02634,2024-03-13,Lucie Martin,Mode,Montre,5,1174.02,0.3,Espagne,App,6.38,3,4109.07
CMD02635,2024-10-13,Lucie Martin,Sport,Chaussures de sport,1,748.64,0.05,Suisse,App,14.48,3,711.208
CMD02636,2024-12-01,Sarah Moreau,Sport,Tapis de course,5,1250.28,0.15,France,Web,9.37,2,5313.69
CMD02637,2024-07-19,Ali Benali,Jouets,Voiture téléguidée,4,1008.14,0.25,Espagne,Magasin,8.29,4,3024.42
CMD02638,2024-03-28,Youssef El Amrani,Électronique,TV 4K,2,153.05,0.3,Maroc,Magasin,5.09,2,214.27
CMD02639,2024-08-17,Lucie Martin,Mode,Sac à main,3,208.77,0.0,Allemagne,Magasin,7.76,4,626.3100000000001
CMD02640,2024-01-03,Nina Müller,Sport,Raquette,4,856.42,0.15,Belgique,App,7.41,4,2911.828
CMD02641,2024-04-29,Lucie Martin,Jouets,Peluche,4,31.82,0.2,Italie,Magasin,2.95,2,101.82400000000001
CMD02642,2024-04-30,Youssef El Amrani,Mode,Sac à main,1,1729.09,0.2,Suisse,Web,13.49,2,1383.272
CMD02643,2024-05-16,Nina Müller,Jouets,Peluche,2,1574.76,0.25,Suisse,App,4.89,4,2362.14
CMD02644,2024-08-06,Carlos Gomez,Mode,Jean,2,810.52,0.0,Allemagne,App,12.74,3,1621.04
CMD02645,2024-10-29,Sarah Moreau,Électronique,TV 4K,4,758.01,0.1,Allemagne,Magasin,0.84,5,2728.8360000000002
CMD02646,2024-11-03,Ali Benali,Sport,Ballon,5,434.79,0.25,Belgique,Web,13.77,4,1630.4625
CMD02647,2024-03-29,Emma Rossi,Beauté,Crème visage,3,33.59,0.3,Maroc,App,9.48,1,70.539
CMD02648,2024-08-07,Youssef El Amrani,Électronique,Casque audio,4,683.58,0.15,Suisse,Magasin,10.77,3,2324.172
CMD02649,2024-01-15,Youssef El Amrani,Maison,Ventilateur,1,1350.11,0.0,Allemagne,Magasin,10.23,4,1350.11
CMD02650,2024-03-17,Paolo Bianchi,Maison,Lampadaire,4,626.94,0.2,Allemagne,App,10.43,5,2006.2080000000003
CMD02651,2024-04-17,Emma Rossi,Jouets,Voiture téléguidée,3,1210.66,0.25,Italie,App,12.74,5,2723.9850000000006
CMD02652,2024-10-24,Lucie Martin,Électronique,Smartphone,4,893.04,0.3,Espagne,Magasin,10.6,1,2500.5119999999997
CMD02653,2024-05-25,Emma Rossi,Beauté,Parfum,4,1072.15,0.3,Espagne,Web,0.05,5,3002.02
CMD02654,2024-04-20,Youssef El Amrani,Sport,Ballon,4,130.93,0.3,Espagne,App,8.84,3,366.604
CMD02655,2024-06-21,Paolo Bianchi,Jouets,Puzzle,1,1011.51,0.25,Belgique,Magasin,13.02,4,758.6324999999999
CMD02656,2024-07-29,Léa Durand,Beauté,Sérum,1,1268.99,0.15,Maroc,Web,2.53,2,1078.6415
CMD02657,2024-09-27,Nina Müller,Électronique,Tablette,4,139.89,0.1,France,Web,13.81,1,503.604
CMD02658,2024-06-11,Léa Durand,Jouets,Puzzle,4,1800.55,0.0,Italie,Magasin,6.96,4,7202.2
CMD02659,2024-02-02,Paolo Bianchi,Beauté,Rouge à lèvres,2,1090.99,0.25,France,Magasin,1.12,3,1636.4850000000001
CMD02660,2024-06-12,Jean Dupont,Maison,Machine à café,4,1870.47,0.1,Allemagne,App,10.39,4,6733.692
CMD02661,2024-03-07,Paolo Bianchi,Jouets,Lego,5,969.68,0.0,Maroc,App,14.61,2,4848.4
CMD02662,2024-11-26,Sarah Moreau,Sport,Raquette,4,1625.86,0.05,Maroc,Web,3.55,3,6178.267999999999
CMD02663,2024-03-07,Emma Rossi,Mode,Jean,1,330.26,0.0,Italie,Magasin,8.48,5,330.26
CMD02664,2024-10-01,Emma Rossi,Mode,Montre,4,835.32,0.15,Italie,Magasin,14.39,1,2840.088
CMD02665,2024-04-16,Emma Rossi,Jouets,Peluche,4,1954.59,0.25,Italie,App,12.18,2,5863.7699999999995
CMD02666,2024-03-04,Youssef El Amrani,Sport,Raquette,4,1102.39,0.25,Italie,Web,6.49,2,3307.17
CMD02667,2024-05-08,Jean Dupont,Maison,Lampadaire,2,380.16,0.0,Suisse,Web,10.2,5,760.32
CMD02668,2024-11-03,Emma Rossi,Maison,Lampadaire,1,653.26,0.3,Maroc,Magasin,10.11,5,457.282
CMD02669,2024-09-21,Emma Rossi,Mode,Jean,2,1272.54,0.0,Italie,Web,8.21,3,2545.08
CMD02670,2024-06-18,Emma Rossi,Maison,Ventilateur,5,1824.47,0.0,Maroc,Magasin,2.66,2,9122.35
CMD02671,2024-01-26,Lucie Martin,Sport,Tapis de course,5,1856.0,0.3,Maroc,Magasin,8.48,3,6496.0
CMD02672,2024-10-18,Lucie Martin,Beauté,Shampoing,3,1177.64,0.3,Suisse,Web,5.77,3,2473.044
CMD02673,2024-05-31,Lucie Martin,Sport,Raquette,5,558.7,0.05,Allemagne,App,4.32,4,2653.825
CMD02674,2024-01-28,Léa Durand,Électronique,Smartphone,1,729.67,0.05,Maroc,App,11.6,3,693.1864999999999
CMD02675,2024-08-15,Léa Durand,Mode,Sac à main,5,544.81,0.0,Espagne,Magasin,13.24,2,2724.0499999999997
CMD02676,2024-04-03,Jean Dupont,Électronique,Smartphone,5,1254.54,0.05,Maroc,Magasin,4.06,3,5959.065
CMD02677,2024-09-10,Paolo Bianchi,Beauté,Sérum,4,719.17,0.05,Belgique,App,2.54,4,2732.8459999999995
CMD02678,2024-11-05,Paolo Bianchi,Électronique,Smartphone,5,18.16,0.1,Allemagne,App,1.49,4,81.72
CMD02679,2024-03-31,Emma Rossi,Beauté,Rouge à lèvres,1,556.02,0.25,Maroc,Magasin,5.34,5,417.015
CMD02680,2024-06-16,Ali Benali,Électronique,Casque audio,4,1621.5,0.2,France,Web,14.96,1,5188.8
CMD02681,2024-07-25,Nina Müller,Sport,Chaussures de sport,5,928.7,0.15,Espagne,Magasin,6.43,4,3946.975
CMD02682,2024-11-02,Lucie Martin,Sport,Vélo,1,1428.03,0.05,Suisse,Web,12.53,3,1356.6284999999998
CMD02683,2024-05-10,Sarah Moreau,Beauté,Sérum,5,355.54,0.0,Suisse,App,0.68,2,1777.7
CMD02684,2024-05-17,Paolo Bianchi,Électronique,Casque audio,1,1167.76,0.2,Belgique,Magasin,8.5,4,934.2080000000001
CMD02685,2024-11-30,Léa Durand,Maison,Lampadaire,3,1865.57,0.3,Suisse,Web,0.65,2,3917.6969999999997
CMD02686,2024-07-25,Lucie Martin,Sport,Ballon,1,1008.11,0.25,Italie,Web,0.34,2,756.0825
CMD02687,2024-03-12,Paolo Bianchi,Électronique,Smartphone,2,794.55,0.15,Belgique,Magasin,3.04,2,1350.735
CMD02688,2024-04-16,Léa Durand,Mode,Jean,2,829.8,0.3,France,Magasin,10.65,4,1161.7199999999998
CMD02689,2024-03-19,Emma Rossi,Maison,Mixeur,5,927.93,0.2,Allemagne,Magasin,4.23,3,3711.72
CMD02690,2024-03-28,Nina Müller,Mode,Chaussures,4,1456.21,0.05,Espagne,Web,9.16,1,5533.598
CMD02691,2024-11-05,Léa Durand,Beauté,Crème visage,3,100.01,0.2,Italie,App,6.51,2,240.02400000000003
CMD02692,2024-01-15,Nina Müller,Électronique,Smartphone,2,945.76,0.25,France,App,1.87,4,1418.6399999999999
CMD02693,2024-11-09,Léa Durand,Beauté,Sérum,4,1409.73,0.25,Italie,App,8.9,3,4229.1900000000005
CMD02694,2024-10-13,Ali Benali,Jouets,Peluche,1,644.41,0.2,France,Magasin,8.06,2,515.528
CMD02695,2024-05-20,Lucie Martin,Maison,Lampadaire,2,1127.65,0.2,Allemagne,App,8.43,3,1804.2400000000002
CMD02696,2024-06-11,Emma Rossi,Maison,Ventilateur,3,1454.45,0.0,Maroc,App,3.29,5,4363.35
CMD02697,2024-08-28,Emma Rossi,Beauté,Crème visage,3,1111.39,0.2,Allemagne,Magasin,7.06,1,2667.3360000000002
CMD02698,2024-09-15,Youssef El Amrani,Électronique,Smartphone,2,1859.4,0.2,Belgique,Web,12.74,1,2975.0400000000004
CMD02699,2024-11-24,Nina Müller,Jouets,Peluche,4,1910.27,0.3,Italie,App,6.47,3,5348.755999999999
CMD02700,2024-01-15,Nina Müller,Beauté,Sérum,4,1644.87,0.0,Allemagne,Magasin,12.75,4,6579.48
CMD02701,2024-04-22,Carlos Gomez,Beauté,Rouge à lèvres,2,314.67,0.1,France,Magasin,2.79,5,566.4060000000001
CMD02702,2024-02-21,Ali Benali,Beauté,Shampoing,4,1115.48,0.0,Espagne,App,7.51,3,4461.92
CMD02703,2024-03-29,Paolo Bianchi,Sport,Vélo,3,305.12,0.2,Suisse,Magasin,1.28,3,732.288
CMD02704,2024-06-10,Jean Dupont,Sport,Vélo,1,387.63,0.15,Espagne,Magasin,1.18,2,329.4855
CMD02705,2024-09-28,Emma Rossi,Beauté,Sérum,3,633.82,0.1,Allemagne,App,14.11,1,1711.314
CMD02706,2024-07-19,Ali Benali,Sport,Tapis de course,4,485.47,0.05,Suisse,App,11.76,2,1844.786
CMD02707,2024-02-11,Paolo Bianchi,Beauté,Shampoing,4,782.31,0.0,Espagne,Web,6.18,3,3129.24
CMD02708,2024-10-24,Sarah Moreau,Beauté,Shampoing,4,629.3,0.15,Allemagne,Web,0.7,2,2139.62
CMD02709,2024-05-24,Jean Dupont,Sport,Raquette,2,1455.68,0.1,Suisse,Magasin,10.13,1,2620.224
CMD02710,2024-07-07,Emma Rossi,Mode,Jean,5,774.37,0.15,Maroc,Magasin,14.43,1,3291.0724999999998
CMD02711,2024-05-02,Carlos Gomez,Électronique,Ordinateur portable,3,29.84,0.25,Allemagne,Web,10.53,5,67.14
CMD02712,2024-11-23,Nina Müller,Mode,Montre,5,347.86,0.0,Maroc,App,4.09,4,1739.3000000000002
CMD02713,2024-08-17,Carlos Gomez,Beauté,Parfum,3,594.02,0.25,Espagne,Magasin,13.45,4,1336.545
CMD02714,2024-11-02,Youssef El Amrani,Mode,Jean,2,82.77,0.15,France,Web,0.52,3,140.709
CMD02715,2024-12-04,Sarah Moreau,Jouets,Peluche,2,1436.6,0.3,Italie,Web,3.73,3,2011.2399999999998
CMD02716,2024-08-03,Paolo Bianchi,Sport,Chaussures de sport,3,1479.92,0.15,France,Magasin,14.8,4,3773.7960000000003
CMD02717,2024-03-14,Nina Müller,Jouets,Peluche,1,283.9,0.3,Maroc,App,10.68,3,198.72999999999996
CMD02718,2024-04-30,Youssef El Amrani,Maison,Mixeur,2,1384.93,0.2,Italie,Web,13.52,3,2215.8880000000004
CMD02719,2024-10-06,Lucie Martin,Maison,Machine à café,2,900.11,0.15,Espagne,Magasin,8.36,5,1530.187
CMD02720,2024-08-05,Nina Müller,Mode,Montre,3,1497.51,0.05,Allemagne,Web,7.99,3,4267.903499999999
CMD02721,2024-01-21,Léa Durand,Électronique,Casque audio,2,1308.17,0.0,Allemagne,Web,5.69,2,2616.34
CMD02722,2024-04-21,Paolo Bianchi,Mode,Chaussures,2,1038.43,0.25,Maroc,Magasin,8.05,5,1557.645
CMD02723,2024-07-31,Emma Rossi,Maison,Ventilateur,4,1086.65,0.05,Italie,Web,6.96,4,4129.27
CMD02724,2024-03-05,Emma Rossi,Électronique,Smartphone,5,1360.9,0.2,France,Magasin,2.8,4,5443.6
CMD02725,2024-02-14,Sarah Moreau,Électronique,Tablette,2,215.57,0.05,Suisse,Web,1.89,1,409.58299999999997
CMD02726,2024-03-29,Léa Durand,Mode,Sac à main,2,1137.12,0.0,Belgique,Web,4.21,3,2274.24
CMD02727,2024-09-07,Léa Durand,Sport,Vélo,2,900.29,0.15,France,Magasin,4.94,3,1530.493
CMD02728,2024-07-17,Nina Müller,Sport,Tapis de course,1,1306.64,0.25,Italie,App,6.89,5,979.98
CMD02729,2024-05-01,Léa Durand,Électronique,TV 4K,3,1024.69,0.0,Belgique,Magasin,2.75,5,3074.07
CMD02730,2024-04-07,Léa Durand,Électronique,TV 4K,5,1714.18,0.2,Allemagne,Magasin,13.82,5,6856.72
CMD02731,2024-12-25,Emma Rossi,Sport,Tapis de course,3,774.76,0.0,Italie,App,12.15,4,2324.2799999999997
CMD02732,2024-12-03,Nina Müller,Sport,Raquette,3,1114.4,0.05,Maroc,Web,2.96,4,3176.04
CMD02733,2024-06-07,Sarah Moreau,Sport,Raquette,2,529.06,0.1,France,Web,12.81,1,952.3079999999999
CMD02734,2024-04-05,Carlos Gomez,Mode,Veste,1,1355.72,0.2,France,Magasin,14.96,3,1084.576
CMD02735,2024-01-02,Emma Rossi,Beauté,Crème visage,2,522.25,0.2,Italie,Magasin,6.09,2,835.6
CMD02736,2024-06-24,Nina Müller,Mode,Veste,4,643.37,0.2,Allemagne,Web,9.78,2,2058.784
CMD02737,2024-09-30,Nina Müller,Électronique,Tablette,5,1181.09,0.05,France,App,3.71,1,5610.1775
CMD02738,2024-07-16,Jean Dupont,Beauté,Rouge à lèvres,1,921.24,0.3,France,Magasin,12.09,2,644.8679999999999
CMD02739,2024-03-04,Paolo Bianchi,Beauté,Rouge à lèvres,5,1881.52,0.0,Maroc,Web,1.26,2,9407.6
CMD02740,2024-05-20,Jean Dupont,Maison,Machine à café,2,168.15,0.1,Maroc,Web,6.69,3,302.67
CMD02741,2024-10-16,Jean Dupont,Mode,Chaussures,4,1754.59,0.05,Suisse,Magasin,9.4,5,6667.441999999999
CMD02742,2024-02-19,Nina Müller,Maison,Mixeur,1,1876.68,0.15,Belgique,App,2.65,2,1595.178
CMD02743,2024-10-18,Jean Dupont,Mode,Montre,1,24.43,0.3,Suisse,App,4.19,4,17.101
CMD02744,2024-02-08,Youssef El Amrani,Électronique,Ordinateur portable,1,540.43,0.0,Belgique,Web,10.41,1,540.43
CMD02745,2024-04-06,Léa Durand,Maison,Mixeur,4,715.54,0.15,France,Magasin,1.82,4,2432.836
CMD02746,2024-09-07,Nina Müller,Jouets,Peluche,1,419.09,0.2,Allemagne,Web,6.89,5,335.272
CMD02747,2024-07-22,Emma Rossi,Beauté,Rouge à lèvres,3,1407.4,0.0,Espagne,Magasin,11.32,5,4222.200000000001
CMD02748,2024-09-22,Léa Durand,Maison,Lampadaire,5,1674.37,0.15,Maroc,Web,10.72,2,7116.072499999998
CMD02749,2024-05-17,Youssef El Amrani,Jouets,Puzzle,5,294.19,0.05,Belgique,Web,3.94,1,1397.4025
CMD02750,2024-10-27,Youssef El Amrani,Mode,Sac à main,1,1806.63,0.2,Italie,Magasin,6.32,1,1445.304
CMD02751,2024-06-21,Léa Durand,Mode,Jean,3,988.38,0.25,Maroc,Web,12.83,1,2223.855
CMD02752,2024-05-25,Sarah Moreau,Sport,Chaussures de sport,3,1461.72,0.2,Allemagne,Magasin,13.69,5,3508.128
CMD02753,2024-06-08,Sarah Moreau,Électronique,TV 4K,2,1601.48,0.15,Allemagne,Web,11.77,4,2722.516
CMD02754,2024-06-08,Sarah Moreau,Mode,Sac à main,5,847.16,0.3,Belgique,Magasin,10.58,3,2965.06
CMD02755,2024-08-26,Paolo Bianchi,Beauté,Parfum,4,591.17,0.1,Maroc,Web,0.41,3,2128.212
CMD02756,2024-05-23,Sarah Moreau,Mode,Chaussures,5,1318.98,0.0,Italie,Magasin,3.13,4,6594.9
CMD02757,2024-07-23,Jean Dupont,Sport,Raquette,4,477.55,0.15,Belgique,Web,7.91,3,1623.67
CMD02758,2024-04-26,Léa Durand,Mode,Chaussures,4,783.64,0.05,Suisse,Magasin,7.07,5,2977.832
CMD02759,2024-08-25,Paolo Bianchi,Beauté,Sérum,1,1753.85,0.05,Allemagne,Magasin,6.43,3,1666.1574999999998
CMD02760,2024-06-20,Léa Durand,Électronique,Smartphone,3,1237.26,0.25,Maroc,Web,8.69,1,2783.835
CMD02761,2024-03-03,Nina Müller,Jouets,Jeu de société,3,482.26,0.1,Allemagne,App,14.17,5,1302.102
CMD02762,2024-07-22,Sarah Moreau,Électronique,Tablette,1,896.41,0.0,Maroc,App,0.51,1,896.41
CMD02763,2024-07-02,Nina Müller,Sport,Chaussures de sport,2,1631.59,0.3,Maroc,Web,10.63,2,2284.2259999999997
CMD02764,2024-03-06,Léa Durand,Mode,Veste,1,336.79,0.15,France,Magasin,9.7,5,286.2715
CMD02765,2024-07-28,Jean Dupont,Électronique,Casque audio,2,1860.98,0.15,Espagne,App,4.99,4,3163.666
CMD02766,2024-08-10,Nina Müller,Maison,Aspirateur,4,1892.02,0.2,Espagne,Web,2.42,1,6054.464
CMD02767,2024-03-04,Ali Benali,Maison,Aspirateur,3,939.31,0.1,Belgique,App,14.49,4,2536.1369999999997
CMD02768,2024-08-24,Paolo Bianchi,Électronique,Tablette,4,828.58,0.1,Espagne,Magasin,14.96,2,2982.8880000000004
CMD02769,2024-03-04,Paolo Bianchi,Beauté,Shampoing,1,1405.45,0.1,Belgique,Web,12.47,3,1264.905
CMD02770,2024-03-29,Léa Durand,Jouets,Lego,4,642.28,0.25,Maroc,Web,13.73,4,1926.84
CMD02771,2024-03-21,Paolo Bianchi,Sport,Tapis de course,4,1938.9,0.2,France,App,6.91,5,6204.4800000000005
CMD02772,2024-04-30,Jean Dupont,Mode,Sac à main,2,786.94,0.2,Allemagne,Web,12.51,2,1259.1040000000003
CMD02773,2024-12-28,Léa Durand,Électronique,Casque audio,2,117.02,0.1,Maroc,App,13.34,2,210.636
CMD02774,2024-02-25,Ali Benali,Sport,Tapis de course,4,1169.28,0.3,France,Magasin,14.11,3,3273.984
CMD02775,2024-10-09,Sarah Moreau,Maison,Machine à café,5,1081.12,0.05,Belgique,App,10.93,1,5135.319999999999
CMD02776,2024-07-20,Nina Müller,Sport,Ballon,5,385.94,0.2,Italie,Web,9.29,4,1543.7600000000002
CMD02777,2024-12-29,Nina Müller,Jouets,Puzzle,4,1172.48,0.25,Suisse,Web,9.02,2,3517.44
CMD02778,2024-06-14,Emma Rossi,Électronique,Ordinateur portable,3,1629.97,0.0,Maroc,Web,3.4,4,4889.91
CMD02779,2024-03-15,Lucie Martin,Électronique,Casque audio,3,797.86,0.1,Belgique,Magasin,9.18,3,2154.222
CMD02780,2024-09-08,Léa Durand,Mode,Jean,4,1563.63,0.1,Belgique,Web,1.49,2,5629.068
CMD02781,2024-12-03,Nina Müller,Sport,Chaussures de sport,4,315.95,0.3,Allemagne,App,6.35,4,884.66
CMD02782,2024-08-27,Léa Durand,Beauté,Crème visage,2,724.28,0.15,Belgique,Web,14.16,1,1231.2759999999998
CMD02783,2024-10-12,Nina Müller,Maison,Ventilateur,3,66.9,0.25,Allemagne,Magasin,3.53,4,150.525
CMD02784,2024-05-11,Emma Rossi,Maison,Ventilateur,1,919.22,0.25,Belgique,Magasin,10.25,3,689.415
CMD02785,2024-09-05,Sarah Moreau,Jouets,Lego,5,113.85,0.1,France,Magasin,9.59,1,512.325
CMD02786,2024-10-17,Léa Durand,Maison,Machine à café,1,405.91,0.0,Maroc,Web,2.22,5,405.91
CMD02787,2024-09-24,Ali Benali,Sport,Raquette,1,1772.64,0.2,Allemagne,Web,11.19,2,1418.112
CMD02788,2024-01-21,Léa Durand,Électronique,Tablette,4,1071.62,0.0,Espagne,Web,1.65,1,4286.48
CMD02789,2024-12-27,Nina Müller,Mode,Montre,4,512.3,0.3,Suisse,Magasin,7.24,3,1434.4399999999998
CMD02790,2024-03-28,Paolo Bianchi,Jouets,Puzzle,4,1208.29,0.3,Belgique,Web,11.84,2,3383.2119999999995
CMD02791,2024-12-16,Ali Benali,Jouets,Voiture téléguidée,4,1996.62,0.25,Suisse,Web,8.4,5,5989.86
CMD02792,2024-08-05,Jean Dupont,Électronique,Ordinateur portable,4,1697.37,0.3,Italie,Magasin,10.58,3,4752.6359999999995
CMD02793,2024-07-30,Nina Müller,Jouets,Puzzle,5,1379.69,0.2,France,App,1.57,3,5518.760000000001
CMD02794,2024-02-18,Emma Rossi,Jouets,Voiture téléguidée,2,378.68,0.25,Belgique,App,10.79,3,568.02
CMD02795,2024-06-24,Jean Dupont,Mode,Montre,4,296.88,0.2,Maroc,Magasin,0.02,5,950.0160000000001
CMD02796,2024-10-30,Lucie Martin,Sport,Chaussures de sport,1,1098.01,0.2,Espagne,App,10.85,2,878.408
CMD02797,2024-11-19,Ali Benali,Électronique,Casque audio,3,1707.14,0.3,Suisse,App,3.75,5,3584.9939999999997
CMD02798,2024-11-24,Ali Benali,Mode,Montre,2,947.76,0.1,France,Magasin,8.08,2,1705.968
CMD02799,2024-09-15,Léa Durand,Sport,Tapis de course,5,1491.84,0.2,Maroc,Web,2.46,1,5967.360000000001
CMD02800,2024-06-04,Ali Benali,Sport,Vélo,1,1598.43,0.25,Suisse,App,8.38,2,1198.8225
CMD02801,2024-03-21,Emma Rossi,Mode,Sac à main,5,121.35,0.1,France,Web,4.73,3,546.075
CMD02802,2024-01-23,Youssef El Amrani,Jouets,Voiture téléguidée,2,1688.9,0.05,Maroc,App,4.52,2,3208.91
CMD02803,2024-02-26,Youssef El Amrani,Mode,Sac à main,2,1150.71,0.2,France,Web,7.0,2,1841.1360000000002
CMD02804,2024-07-05,Léa Durand,Maison,Lampadaire,1,89.21,0.25,Espagne,App,14.92,2,66.9075
CMD02805,2024-07-15,Carlos Gomez,Maison,Machine à café,1,687.95,0.2,Espagne,Web,1.94,4,550.36
CMD02806,2024-09-11,Paolo Bianchi,Mode,Montre,4,1485.91,0.1,Italie,Magasin,8.72,2,5349.276000000001
CMD02807,2024-06-06,Youssef El Amrani,Sport,Tapis de course,1,993.61,0.25,Espagne,App,6.19,4,745.2075
CMD02808,2024-05-25,Léa Durand,Jouets,Jeu de société,5,629.88,0.1,Suisse,Magasin,3.17,3,2834.46
CMD02809,2024-02-17,Lucie Martin,Sport,Vélo,3,178.49,0.05,Allemagne,App,2.14,5,508.6965
CMD02810,2024-05-05,Jean Dupont,Beauté,Rouge à lèvres,5,447.65,0.15,Suisse,Web,7.66,5,1902.5125
CMD02811,2024-03-21,Nina Müller,Sport,Chaussures de sport,1,687.05,0.2,France,Magasin,8.38,3,549.64
CMD02812,2024-10-05,Léa Durand,Maison,Lampadaire,2,380.07,0.15,Maroc,Web,2.03,2,646.119
CMD02813,2024-06-14,Léa Durand,Sport,Vélo,5,1103.55,0.2,Suisse,Web,9.81,2,4414.2
CMD02814,2024-04-07,Lucie Martin,Mode,Jean,4,904.47,0.2,Allemagne,App,10.95,3,2894.304
CMD02815,2024-04-04,Emma Rossi,Mode,Veste,2,505.31,0.0,Suisse,App,4.77,2,1010.62
CMD02816,2024-06-15,Youssef El Amrani,Mode,Veste,2,662.93,0.0,France,Web,1.44,2,1325.86
CMD02817,2024-12-10,Sarah Moreau,Sport,Raquette,5,1551.26,0.2,Allemagne,App,0.84,1,6205.040000000001
CMD02818,2024-05-14,Sarah Moreau,Mode,Chaussures,2,985.32,0.2,Belgique,Web,7.33,5,1576.5120000000002
CMD02819,2024-05-19,Nina Müller,Beauté,Rouge à lèvres,5,1140.73,0.15,Allemagne,App,13.41,3,4848.1025
CMD02820,2024-09-29,Jean Dupont,Sport,Vélo,1,1759.85,0.05,Belgique,Web,5.07,4,1671.8574999999998
CMD02821,2024-02-19,Carlos Gomez,Maison,Mixeur,2,1853.03,0.25,Allemagne,App,0.21,2,2779.545
CMD02822,2024-12-06,Carlos Gomez,Jouets,Peluche,1,1640.48,0.0,Maroc,App,1.27,1,1640.48
CMD02823,2024-02-26,Nina Müller,Sport,Chaussures de sport,3,113.3,0.3,Allemagne,App,3.79,4,237.92999999999998
CMD02824,2024-09-08,Lucie Martin,Jouets,Puzzle,2,259.28,0.3,Maroc,App,12.78,2,362.99199999999996
CMD02825,2024-12-22,Sarah Moreau,Beauté,Parfum,4,1493.71,0.05,Espagne,Magasin,12.13,3,5676.098
CMD02826,2024-09-06,Youssef El Amrani,Jouets,Puzzle,1,27.68,0.3,Belgique,Magasin,7.1,1,19.375999999999998
CMD02827,2024-06-24,Sarah Moreau,Beauté,Shampoing,5,550.21,0.1,Allemagne,Web,7.92,4,2475.945
CMD02828,2024-10-10,Paolo Bianchi,Électronique,Ordinateur portable,3,934.42,0.1,France,App,2.62,2,2522.9339999999997
CMD02829,2024-01-09,Sarah Moreau,Jouets,Puzzle,4,981.79,0.2,Allemagne,App,14.26,4,3141.728
CMD02830,2024-07-05,Emma Rossi,Beauté,Rouge à lèvres,4,1947.76,0.15,Maroc,Web,3.18,2,6622.384
CMD02831,2024-08-02,Jean Dupont,Mode,Montre,3,79.14,0.3,France,Web,0.11,1,166.194
CMD02832,2024-10-09,Ali Benali,Jouets,Voiture téléguidée,4,1123.0,0.25,Belgique,App,5.93,2,3369.0
CMD02833,2024-08-14,Sarah Moreau,Beauté,Crème visage,1,1511.18,0.0,France,Web,0.42,4,1511.18
CMD02834,2024-02-27,Paolo Bianchi,Mode,Chaussures,1,762.5,0.3,Espagne,App,6.39,5,533.75
CMD02835,2024-08-02,Nina Müller,Sport,Tapis de course,5,279.56,0.1,France,Magasin,2.2,5,1258.02
CMD02836,2024-12-18,Jean Dupont,Électronique,Tablette,3,1970.17,0.2,Maroc,App,9.01,1,4728.408
CMD02837,2024-10-01,Nina Müller,Maison,Machine à café,4,153.82,0.1,Maroc,Web,7.64,4,553.752
CMD02838,2024-09-03,Emma Rossi,Sport,Chaussures de sport,3,1508.49,0.2,Italie,Magasin,4.59,3,3620.376
CMD02839,2024-05-07,Carlos Gomez,Mode,Montre,5,1005.84,0.05,Espagne,App,3.86,4,4777.74
CMD02840,2024-04-18,Youssef El Amrani,Électronique,Casque audio,3,651.66,0.3,Allemagne,App,7.77,3,1368.4859999999999
CMD02841,2024-08-30,Sarah Moreau,Jouets,Puzzle,5,410.15,0.1,Espagne,App,5.19,3,1845.675
CMD02842,2024-12-27,Ali Benali,Jouets,Puzzle,4,1019.47,0.3,Allemagne,Magasin,1.55,5,2854.516
CMD02843,2024-08-08,Sarah Moreau,Électronique,Ordinateur portable,4,917.57,0.0,Maroc,Magasin,3.07,2,3670.28
CMD02844,2024-07-26,Nina Müller,Sport,Chaussures de sport,1,1369.89,0.0,Suisse,Web,13.97,2,1369.89
CMD02845,2024-02-16,Carlos Gomez,Sport,Vélo,1,106.01,0.1,Maroc,App,1.84,2,95.409
CMD02846,2024-08-08,Paolo Bianchi,Électronique,Casque audio,1,517.22,0.1,Suisse,Magasin,7.81,5,465.49800000000005
CMD02847,2024-09-14,Jean Dupont,Beauté,Sérum,4,907.38,0.1,Espagne,Web,13.83,3,3266.568
CMD02848,2024-02-18,Paolo Bianchi,Mode,Montre,3,1422.69,0.1,Belgique,Web,2.09,4,3841.263
CMD02849,2024-07-31,Carlos Gomez,Mode,Jean,3,1054.14,0.25,Espagne,Magasin,12.07,5,2371.815
CMD02850,2024-05-22,Paolo Bianchi,Maison,Aspirateur,5,899.2,0.25,Allemagne,Web,0.72,1,3372.0
CMD02851,2024-04-17,Nina Müller,Mode,Veste,2,1255.89,0.25,Allemagne,App,2.77,5,1883.835
CMD02852,2024-11-17,Léa Durand,Maison,Ventilateur,4,1491.82,0.25,France,Web,5.37,1,4475.46
CMD02853,2024-04-09,Ali Benali,Jouets,Puzzle,1,1236.42,0.1,Suisse,App,5.05,1,1112.778
CMD02854,2024-01-01,Jean Dupont,Jouets,Voiture téléguidée,1,1724.65,0.1,Belgique,Web,3.65,2,1552.1850000000002
CMD02855,2024-03-20,Youssef El Amrani,Électronique,TV 4K,5,1307.21,0.05,Maroc,Web,13.76,2,6209.2474999999995
CMD02856,2024-05-06,Sarah Moreau,Mode,Jean,3,1408.77,0.1,Espagne,Web,14.56,5,3803.6789999999996
CMD02857,2024-10-23,Lucie Martin,Beauté,Crème visage,5,158.82,0.25,Italie,App,1.2,5,595.5749999999999
CMD02858,2024-06-01,Carlos Gomez,Beauté,Rouge à lèvres,5,732.25,0.3,Suisse,App,5.41,4,2562.875
CMD02859,2024-07-14,Léa Durand,Beauté,Rouge à lèvres,2,79.61,0.15,Belgique,App,6.69,2,135.337
CMD02860,2024-08-01,Paolo Bianchi,Maison,Machine à café,3,1374.3,0.2,Maroc,Magasin,7.81,4,3298.3199999999997
CMD02861,2024-08-21,Carlos Gomez,Jouets,Jeu de société,2,1490.89,0.05,France,App,11.85,2,2832.6910000000003
CMD02862,2024-08-03,Paolo Bianchi,Maison,Lampadaire,1,90.0,0.25,France,App,3.0,2,67.5
CMD02863,2024-05-14,Sarah Moreau,Électronique,Ordinateur portable,5,524.43,0.3,France,Magasin,14.4,1,1835.5049999999997
CMD02864,2024-09-15,Sarah Moreau,Maison,Ventilateur,3,1684.8,0.25,Italie,Web,9.9,5,3790.7999999999997
CMD02865,2024-07-13,Paolo Bianchi,Mode,Jean,5,1190.59,0.1,Maroc,Web,4.01,5,5357.655
CMD02866,2024-11-15,Emma Rossi,Sport,Tapis de course,4,1832.23,0.05,Suisse,Web,3.17,4,6962.474
CMD02867,2024-04-06,Paolo Bianchi,Beauté,Parfum,2,188.06,0.1,France,App,8.98,2,338.50800000000004
CMD02868,2024-04-20,Jean Dupont,Mode,Veste,5,1006.39,0.1,Belgique,Magasin,14.71,5,4528.755
CMD02869,2024-10-05,Carlos Gomez,Beauté,Sérum,2,516.14,0.25,Maroc,Web,5.05,1,774.21
CMD02870,2024-05-12,Youssef El Amrani,Mode,Chaussures,3,48.42,0.05,France,App,2.24,5,137.99699999999999
CMD02871,2024-12-27,Nina Müller,Électronique,Ordinateur portable,5,1188.21,0.25,Espagne,App,8.78,5,4455.7875
CMD02872,2024-12-04,Paolo Bianchi,Sport,Tapis de course,1,932.32,0.15,Allemagne,Web,1.49,3,792.472
CMD02873,2024-11-20,Nina Müller,Jouets,Jeu de société,2,389.64,0.0,Italie,Web,8.62,1,779.28
CMD02874,2024-01-29,Léa Durand,Jouets,Jeu de société,3,326.74,0.05,Belgique,Web,2.02,1,931.209
CMD02875,2024-01-04,Ali Benali,Jouets,Peluche,2,1257.44,0.1,Belgique,Magasin,12.04,3,2263.3920000000003
CMD02876,2024-09-04,Jean Dupont,Maison,Mixeur,5,229.72,0.0,Belgique,Web,13.67,1,1148.6
CMD02877,2024-08-25,Paolo Bianchi,Maison,Machine à café,5,1101.87,0.3,Allemagne,Magasin,3.35,5,3856.544999999999
CMD02878,2024-11-01,Jean Dupont,Mode,Montre,5,1646.85,0.0,Espagne,App,2.2,2,8234.25
CMD02879,2024-07-05,Paolo Bianchi,Maison,Aspirateur,4,1033.51,0.15,Belgique,App,8.25,5,3513.9339999999997
CMD02880,2024-06-30,Paolo Bianchi,Beauté,Parfum,2,1928.65,0.0,Italie,App,6.69,1,3857.3
CMD02881,2024-07-27,Sarah Moreau,Mode,Jean,5,367.9,0.05,Allemagne,Magasin,9.11,2,1747.5249999999999
CMD02882,2024-03-24,Paolo Bianchi,Maison,Lampadaire,4,1189.98,0.1,Italie,Magasin,5.75,2,4283.928
CMD02883,2024-04-15,Jean Dupont,Mode,Veste,1,1603.24,0.3,Suisse,App,14.55,2,1122.268
CMD02884,2024-12-18,Jean Dupont,Électronique,TV 4K,4,915.32,0.2,Suisse,App,8.63,5,2929.0240000000003
CMD02885,2024-02-15,Léa Durand,Jouets,Puzzle,5,1913.64,0.0,Italie,Web,6.3,4,9568.2
CMD02886,2024-09-21,Lucie Martin,Beauté,Sérum,3,1055.27,0.2,Maroc,Web,14.62,1,2532.648
CMD02887,2024-11-25,Paolo Bianchi,Sport,Ballon,4,818.01,0.2,Suisse,App,11.03,4,2617.632
CMD02888,2024-06-19,Jean Dupont,Électronique,TV 4K,3,1452.69,0.3,Allemagne,Web,8.44,3,3050.6489999999994
CMD02889,2024-10-06,Sarah Moreau,Beauté,Parfum,3,229.9,0.15,Maroc,Web,7.29,5,586.245
CMD02890,2024-05-18,Paolo Bianchi,Maison,Lampadaire,1,98.14,0.2,France,Web,5.27,5,78.512
CMD02891,2024-02-06,Emma Rossi,Jouets,Voiture téléguidée,5,359.07,0.0,France,App,9.94,3,1795.35
CMD02892,2024-09-27,Ali Benali,Jouets,Jeu de société,4,1350.76,0.3,Espagne,Web,10.36,1,3782.1279999999997
CMD02893,2024-07-24,Sarah Moreau,Jouets,Peluche,5,992.91,0.25,France,Magasin,0.43,1,3723.4125000000004
CMD02894,2024-05-13,Léa Durand,Électronique,Ordinateur portable,1,939.68,0.05,Maroc,App,1.77,4,892.6959999999999
CMD02895,2024-03-15,Jean Dupont,Sport,Vélo,4,1413.33,0.05,Suisse,Web,3.37,1,5370.6539999999995
CMD02896,2024-10-13,Ali Benali,Beauté,Sérum,3,129.57,0.3,Allemagne,Web,2.11,1,272.097
CMD02897,2024-09-22,Lucie Martin,Sport,Tapis de course,3,1747.02,0.05,Maroc,Magasin,2.54,4,4979.007
CMD02898,2024-04-22,Léa Durand,Maison,Lampadaire,1,1762.36,0.1,France,App,10.02,3,1586.124
CMD02899,2024-03-21,Ali Benali,Maison,Mixeur,4,194.23,0.05,France,App,10.24,2,738.074
CMD02900,2024-06-24,Ali Benali,Maison,Machine à café,2,950.69,0.1,Belgique,Magasin,0.2,5,1711.2420000000002
CMD02901,2024-07-19,Emma Rossi,Beauté,Shampoing,5,261.97,0.15,Belgique,App,0.46,3,1113.3725000000002
CMD02902,2024-09-19,Léa Durand,Beauté,Shampoing,4,440.49,0.2,Italie,Web,7.81,5,1409.5680000000002
CMD02903,2024-10-12,Nina Müller,Mode,Chaussures,1,1991.18,0.15,Allemagne,App,4.73,1,1692.503
CMD02904,2024-12-30,Jean Dupont,Maison,Mixeur,2,1128.18,0.3,Suisse,Web,11.89,4,1579.452
CMD02905,2024-10-08,Paolo Bianchi,Jouets,Jeu de société,4,1258.38,0.1,Espagne,Magasin,1.93,2,4530.168000000001
CMD02906,2024-10-15,Ali Benali,Beauté,Rouge à lèvres,4,1628.55,0.1,Belgique,App,1.35,4,5862.78
CMD02907,2024-05-19,Jean Dupont,Beauté,Shampoing,4,1531.16,0.25,Maroc,Magasin,8.14,1,4593.4800000000005
CMD02908,2024-05-04,Paolo Bianchi,Mode,Veste,2,717.12,0.05,Maroc,Magasin,6.87,3,1362.528
CMD02909,2024-12-23,Léa Durand,Jouets,Lego,5,57.37,0.3,Italie,Web,14.36,4,200.79499999999996
CMD02910,2024-07-29,Léa Durand,Électronique,Casque audio,1,1748.01,0.25,Italie,App,7.87,3,1311.0075
CMD02911,2024-05-02,Sarah Moreau,Jouets,Puzzle,4,507.29,0.2,Italie,App,8.26,5,1623.3280000000002
CMD02912,2024-03-23,Léa Durand,Sport,Vélo,1,1962.09,0.25,Suisse,App,7.83,1,1471.5674999999999
CMD02913,2024-10-13,Jean Dupont,Mode,Montre,3,1382.68,0.0,Espagne,App,0.03,3,4148.04
CMD02914,2024-09-22,Lucie Martin,Sport,Vélo,3,636.99,0.25,Belgique,App,13.93,3,1433.2275
CMD02915,2024-05-22,Sarah Moreau,Jouets,Jeu de société,3,1024.46,0.2,Belgique,App,6.99,4,2458.704
CMD02916,2024-11-09,Carlos Gomez,Jouets,Voiture téléguidée,4,1704.06,0.15,Allemagne,App,3.67,4,5793.804
CMD02917,2024-09-06,Nina Müller,Beauté,Rouge à lèvres,5,1508.94,0.3,Belgique,Magasin,7.7,4,5281.29
CMD02918,2024-08-30,Youssef El Amrani,Beauté,Crème visage,3,1712.7,0.0,Belgique,Magasin,8.01,4,5138.1
CMD02919,2024-07-17,Léa Durand,Jouets,Jeu de société,4,602.72,0.15,Suisse,Magasin,4.16,5,2049.248
CMD02920,2024-01-07,Jean Dupont,Électronique,Smartphone,3,1086.22,0.0,Belgique,Magasin,10.95,3,3258.66
CMD02921,2024-05-03,Youssef El Amrani,Sport,Ballon,3,723.66,0.0,Allemagne,Web,4.57,1,2170.98
CMD02922,2024-09-07,Lucie Martin,Jouets,Puzzle,5,351.95,0.3,Suisse,App,10.48,4,1231.8249999999998
CMD02923,2024-04-24,Carlos Gomez,Mode,Jean,3,1597.88,0.0,Suisse,Magasin,3.47,4,4793.64
CMD02924,2024-11-30,Carlos Gomez,Mode,Montre,1,287.54,0.05,Italie,Web,11.07,3,273.163
CMD02925,2024-05-30,Carlos Gomez,Mode,Montre,1,1956.17,0.0,Belgique,Web,3.68,3,1956.17
CMD02926,2024-03-09,Emma Rossi,Électronique,TV 4K,2,373.38,0.1,Suisse,App,3.38,1,672.0840000000001
CMD02927,2024-02-26,Ali Benali,Jouets,Lego,3,1007.45,0.05,Belgique,App,0.64,3,2871.2325
CMD02928,2024-11-05,Youssef El Amrani,Jouets,Lego,2,370.84,0.3,Belgique,App,7.47,3,519.1759999999999
CMD02929,2024-03-13,Sarah Moreau,Mode,Jean,2,1771.96,0.3,France,Web,3.4,5,2480.7439999999997
CMD02930,2024-01-19,Nina Müller,Jouets,Jeu de société,2,881.68,0.3,Italie,Web,10.79,4,1234.3519999999999
CMD02931,2024-04-25,Sarah Moreau,Maison,Mixeur,4,1430.74,0.05,Maroc,App,1.2,5,5436.812
CMD02932,2024-06-24,Emma Rossi,Jouets,Puzzle,5,1260.39,0.15,Maroc,Web,12.62,1,5356.6575
CMD02933,2024-12-12,Carlos Gomez,Beauté,Parfum,5,749.46,0.25,Allemagne,Magasin,8.9,2,2810.4750000000004
CMD02934,2024-01-06,Léa Durand,Électronique,Smartphone,2,273.24,0.3,Suisse,Magasin,6.61,1,382.536
CMD02935,2024-02-24,Ali Benali,Mode,Sac à main,1,84.77,0.05,Espagne,App,13.48,4,80.5315
CMD02936,2024-11-03,Carlos Gomez,Maison,Ventilateur,3,1890.71,0.0,Suisse,Magasin,10.16,2,5672.13
CMD02937,2024-03-11,Sarah Moreau,Sport,Ballon,2,852.81,0.3,Suisse,Magasin,12.68,2,1193.9339999999997
CMD02938,2024-09-24,Carlos Gomez,Mode,Sac à main,3,120.73,0.0,France,Web,3.89,2,362.19
CMD02939,2024-04-21,Paolo Bianchi,Beauté,Sérum,4,1754.09,0.05,Belgique,Magasin,0.6,1,6665.5419999999995
CMD02940,2024-08-10,Carlos Gomez,Jouets,Peluche,4,1889.26,0.3,Suisse,Magasin,6.94,3,5289.928
CMD02941,2024-04-29,Nina Müller,Sport,Vélo,4,815.75,0.25,Suisse,App,14.07,3,2447.25
CMD02942,2024-03-06,Paolo Bianchi,Sport,Tapis de course,5,1051.12,0.25,France,App,5.03,5,3941.7
CMD02943,2024-10-01,Lucie Martin,Beauté,Crème visage,3,1349.29,0.15,Allemagne,App,7.39,1,3440.6895
CMD02944,2024-10-23,Jean Dupont,Jouets,Puzzle,5,306.78,0.0,Maroc,Web,13.87,1,1533.8999999999999
CMD02945,2024-07-17,Sarah Moreau,Sport,Tapis de course,3,615.1,0.1,Belgique,App,12.13,4,1660.7700000000002
CMD02946,2024-02-21,Nina Müller,Électronique,TV 4K,4,1013.11,0.1,Espagne,App,1.75,5,3647.196
CMD02947,2024-09-14,Paolo Bianchi,Sport,Ballon,4,1295.16,0.0,Espagne,Web,6.45,1,5180.64
CMD02948,2024-06-15,Paolo Bianchi,Mode,Veste,4,1063.83,0.2,Allemagne,Magasin,6.49,1,3404.256
CMD02949,2024-02-10,Léa Durand,Maison,Aspirateur,4,1363.32,0.3,Suisse,App,8.32,4,3817.2959999999994
CMD02950,2024-04-21,Carlos Gomez,Électronique,Smartphone,4,1223.63,0.2,Maroc,Web,9.2,3,3915.6160000000004
CMD02951,2024-05-14,Youssef El Amrani,Sport,Raquette,1,174.78,0.2,France,App,14.54,2,139.824
CMD02952,2024-07-31,Lucie Martin,Sport,Raquette,1,275.6,0.3,Allemagne,App,10.08,2,192.92000000000002
CMD02953,2024-08-03,Emma Rossi,Électronique,Smartphone,5,27.64,0.2,Espagne,Web,0.6,4,110.56
CMD02954,2024-07-24,Youssef El Amrani,Maison,Ventilateur,5,989.41,0.05,Maroc,App,13.46,4,4699.6975
CMD02955,2024-06-01,Jean Dupont,Beauté,Shampoing,1,713.56,0.1,Maroc,Magasin,6.63,2,642.204
CMD02956,2024-12-22,Emma Rossi,Beauté,Shampoing,4,651.89,0.2,France,App,3.73,2,2086.0480000000002
CMD02957,2024-03-05,Nina Müller,Électronique,TV 4K,3,1789.17,0.3,Allemagne,Web,2.52,1,3757.257
CMD02958,2024-03-06,Emma Rossi,Beauté,Shampoing,3,1942.88,0.3,Allemagne,Web,7.98,4,4080.048
CMD02959,2024-03-13,Nina Müller,Électronique,Smartphone,5,237.5,0.25,Suisse,Web,0.64,2,890.625
CMD02960,2024-02-16,Youssef El Amrani,Maison,Ventilateur,5,1986.11,0.2,Suisse,App,12.78,5,7944.44
CMD02961,2024-08-21,Jean Dupont,Électronique,Tablette,5,1174.35,0.25,Suisse,App,11.5,3,4403.8125
CMD02962,2024-11-01,Paolo Bianchi,Électronique,Casque audio,4,1725.88,0.05,Italie,App,10.37,5,6558.344
CMD02963,2024-08-11,Sarah Moreau,Beauté,Parfum,2,1947.02,0.3,France,App,6.28,5,2725.828
CMD02964,2024-10-23,Jean Dupont,Mode,Montre,2,105.92,0.3,Suisse,App,1.1,3,148.28799999999998
CMD02965,2024-10-28,Sarah Moreau,Beauté,Parfum,5,1437.42,0.0,Suisse,App,3.15,5,7187.1
CMD02966,2024-11-20,Léa Durand,Mode,Veste,4,1495.07,0.05,France,Magasin,1.08,1,5681.266
CMD02967,2024-07-02,Paolo Bianchi,Jouets,Peluche,5,1357.55,0.1,Espagne,Web,6.68,2,6108.975
CMD02968,2024-01-08,Sarah Moreau,Électronique,Casque audio,5,109.04,0.1,Allemagne,Magasin,4.23,5,490.68000000000006
CMD02969,2024-05-18,Ali Benali,Maison,Machine à café,1,1771.71,0.3,Suisse,Web,0.39,1,1240.197
CMD02970,2024-06-28,Youssef El Amrani,Maison,Machine à café,1,1687.48,0.25,Espagne,App,1.55,2,1265.6100000000001
CMD02971,2024-09-17,Nina Müller,Sport,Tapis de course,2,1719.26,0.15,Allemagne,Magasin,7.42,3,2922.7419999999997
CMD02972,2024-02-13,Léa Durand,Sport,Raquette,4,34.97,0.25,Suisse,Web,14.13,3,104.91
CMD02973,2024-01-13,Emma Rossi,Électronique,Tablette,1,997.1,0.25,Espagne,App,7.72,3,747.825
CMD02974,2024-09-29,Emma Rossi,Électronique,Ordinateur portable,4,1654.45,0.1,France,Web,10.78,5,5956.02
CMD02975,2024-02-06,Carlos Gomez,Électronique,TV 4K,1,1279.84,0.0,Allemagne,Magasin,9.17,5,1279.84
CMD02976,2024-07-26,Paolo Bianchi,Jouets,Jeu de société,1,1839.92,0.3,Belgique,App,8.97,2,1287.944
CMD02977,2024-01-04,Youssef El Amrani,Beauté,Sérum,3,1054.51,0.25,Belgique,App,11.32,3,2372.6475
CMD02978,2024-05-17,Ali Benali,Jouets,Peluche,1,1937.04,0.0,Belgique,Web,12.76,2,1937.04
CMD02979,2024-05-31,Nina Müller,Beauté,Parfum,2,890.78,0.25,Italie,Web,8.0,1,1336.17
CMD02980,2024-11-15,Paolo Bianchi,Jouets,Voiture téléguidée,5,1698.77,0.3,Allemagne,App,7.02,1,5945.695
CMD02981,2024-09-18,Léa Durand,Mode,Jean,2,702.05,0.1,Suisse,Web,13.34,1,1263.69
CMD02982,2024-08-26,Sarah Moreau,Électronique,Casque audio,1,375.85,0.15,Italie,Web,13.26,5,319.4725
CMD02983,2024-09-30,Youssef El Amrani,Électronique,TV 4K,4,872.02,0.3,Allemagne,Web,14.78,1,2441.656
CMD02984,2024-04-26,Emma Rossi,Mode,Sac à main,5,413.35,0.25,Suisse,Web,6.94,2,1550.0625
CMD02985,2024-05-13,Nina Müller,Jouets,Puzzle,4,716.33,0.25,Suisse,Magasin,2.71,5,2148.9900000000002
CMD02986,2024-04-01,Paolo Bianchi,Mode,Sac à main,2,1696.81,0.1,Italie,Web,14.92,2,3054.258
CMD02987,2024-11-16,Lucie Martin,Maison,Aspirateur,3,974.64,0.15,Maroc,App,14.04,5,2485.332
CMD02988,2024-07-26,Sarah Moreau,Maison,Ventilateur,5,381.29,0.1,Espagne,Web,4.53,1,1715.805
CMD02989,2024-04-07,Léa Durand,Beauté,Rouge à lèvres,1,550.76,0.1,Allemagne,App,6.36,2,495.684
CMD02990,2024-05-19,Youssef El Amrani,Sport,Vélo,4,1398.63,0.15,Belgique,Web,5.27,3,4755.342000000001
CMD02991,2024-02-29,Jean Dupont,Sport,Tapis de course,5,1557.51,0.25,Suisse,Magasin,4.69,3,5840.6625
CMD02992,2024-07-08,Paolo Bianchi,Maison,Aspirateur,5,744.97,0.15,Belgique,Magasin,6.66,2,3166.1225000000004
CMD02993,2024-07-25,Jean Dupont,Maison,Aspirateur,1,560.57,0.2,Espagne,Magasin,1.8,4,448.4560000000001
CMD02994,2024-04-16,Nina Müller,Beauté,Parfum,5,637.36,0.15,France,Web,2.77,2,2708.78
CMD02995,2024-06-27,Jean Dupont,Maison,Aspirateur,4,1281.06,0.2,Maroc,Magasin,11.53,2,4099.392
CMD02996,2024-01-13,Carlos Gomez,Mode,Jean,2,1901.38,0.2,Italie,App,13.22,2,3042.2080000000005
CMD02997,2024-10-22,Ali Benali,Beauté,Parfum,5,444.69,0.3,Espagne,Web,1.73,4,1556.4149999999997
CMD02998,2024-01-15,Nina Müller,Beauté,Sérum,5,1673.86,0.1,Allemagne,Magasin,10.27,4,7532.37
CMD02999,2024-04-28,Lucie Martin,Sport,Vélo,4,1684.93,0.0,Italie,Web,14.8,4,6739.72
CMD03000,2024-09-18,Léa Durand,Électronique,Ordinateur portable,2,1081.57,0.1,Suisse,Web,3.04,4,1946.826
CMD03001,2024-11-19,Léa Durand,Maison,Lampadaire,3,786.49,0.05,Maroc,Web,13.13,4,2241.4965
CMD03002,2024-11-09,Lucie Martin,Électronique,Ordinateur portable,5,1585.55,0.05,Allemagne,Web,13.21,5,7531.362499999999
CMD03003,2024-07-21,Nina Müller,Beauté,Parfum,2,1561.63,0.0,Espagne,Magasin,13.09,2,3123.26
CMD03004,2024-11-11,Youssef El Amrani,Électronique,Tablette,2,1368.68,0.1,Belgique,Magasin,1.65,3,2463.6240000000003
CMD03005,2024-03-02,Emma Rossi,Mode,Sac à main,4,1908.92,0.05,Espagne,Magasin,14.37,3,7253.896
CMD03006,2024-12-21,Léa Durand,Sport,Tapis de course,4,1318.41,0.3,France,Web,9.37,5,3691.548
CMD03007,2024-04-11,Paolo Bianchi,Maison,Lampadaire,2,1844.49,0.05,Allemagne,Web,8.59,1,3504.531
CMD03008,2024-07-21,Sarah Moreau,Mode,Chaussures,5,1340.49,0.0,Belgique,Web,8.16,1,6702.45
CMD03009,2024-10-27,Paolo Bianchi,Jouets,Peluche,2,1617.25,0.25,Maroc,Web,6.13,5,2425.875
CMD03010,2024-04-21,Paolo Bianchi,Maison,Machine à café,3,1070.32,0.05,Italie,Magasin,8.0,5,3050.412
CMD03011,2024-07-09,Sarah Moreau,Jouets,Puzzle,1,1790.1,0.05,France,Magasin,11.9,5,1700.5949999999998
CMD03012,2024-11-23,Paolo Bianchi,Beauté,Parfum,5,200.42,0.05,Suisse,Magasin,5.58,1,951.9949999999999
CMD03013,2024-04-03,Léa Durand,Beauté,Parfum,5,1400.16,0.0,Allemagne,Web,7.81,2,7000.8
CMD03014,2024-07-03,Léa Durand,Jouets,Jeu de société,2,1938.97,0.2,Suisse,App,2.41,2,3102.3520000000003
CMD03015,2024-06-25,Lucie Martin,Sport,Tapis de course,5,133.33,0.3,Italie,Magasin,2.82,2,466.65500000000003
CMD03016,2024-02-13,Paolo Bianchi,Mode,Sac à main,1,1191.41,0.2,Italie,Magasin,13.88,4,953.1280000000002
CMD03017,2024-03-04,Jean Dupont,Maison,Mixeur,3,873.12,0.2,France,App,13.53,3,2095.4880000000003
CMD03018,2024-11-21,Youssef El Amrani,Électronique,Casque audio,3,825.59,0.0,Belgique,Web,13.09,3,2476.77
CMD03019,2024-06-23,Youssef El Amrani,Mode,Jean,5,1223.29,0.0,Allemagne,Web,7.46,5,6116.45
CMD03020,2024-03-23,Ali Benali,Beauté,Crème visage,1,1769.55,0.25,Suisse,Web,8.52,5,1327.1625
CMD03021,2024-04-12,Sarah Moreau,Maison,Aspirateur,3,922.87,0.3,Belgique,Magasin,2.99,4,1938.027
CMD03022,2024-08-04,Lucie Martin,Mode,Jean,5,1738.25,0.05,Belgique,App,6.15,4,8256.6875
CMD03023,2024-03-17,Sarah Moreau,Jouets,Puzzle,1,537.65,0.3,Espagne,App,11.04,4,376.35499999999996
CMD03024,2024-01-02,Youssef El Amrani,Beauté,Rouge à lèvres,2,1938.25,0.2,Belgique,App,13.19,3,3101.2000000000003
CMD03025,2024-07-15,Nina Müller,Mode,Chaussures,1,1886.48,0.2,Italie,Web,8.07,3,1509.1840000000002
CMD03026,2024-10-05,Paolo Bianchi,Jouets,Puzzle,1,916.65,0.2,Belgique,App,10.72,4,733.32
CMD03027,2024-03-27,Sarah Moreau,Sport,Vélo,3,1086.31,0.2,Italie,App,4.35,2,2607.1440000000002
CMD03028,2024-05-25,Jean Dupont,Maison,Aspirateur,1,386.53,0.1,Italie,App,14.11,4,347.877
CMD03029,2024-03-26,Léa Durand,Maison,Lampadaire,5,85.41,0.3,Espagne,App,12.42,5,298.93499999999995
CMD03030,2024-07-06,Carlos Gomez,Jouets,Lego,4,205.07,0.1,Belgique,Web,7.52,2,738.252
CMD03031,2024-06-04,Emma Rossi,Maison,Mixeur,5,892.14,0.15,Allemagne,Magasin,4.4,2,3791.595
CMD03032,2024-02-18,Sarah Moreau,Mode,Montre,4,677.14,0.15,France,App,12.25,5,2302.276
CMD03033,2024-05-29,Emma Rossi,Mode,Jean,4,430.83,0.05,Italie,Magasin,7.62,2,1637.1539999999998
CMD03034,2024-04-28,Carlos Gomez,Électronique,Ordinateur portable,1,1609.47,0.0,Italie,Web,6.76,5,1609.47
CMD03035,2024-07-13,Paolo Bianchi,Jouets,Voiture téléguidée,4,1406.18,0.25,France,Magasin,7.69,2,4218.54
CMD03036,2024-02-21,Nina Müller,Beauté,Rouge à lèvres,3,1133.16,0.1,Espagne,Web,3.36,1,3059.5320000000006
CMD03037,2024-07-13,Ali Benali,Beauté,Rouge à lèvres,5,1598.36,0.25,Allemagne,Web,13.38,5,5993.849999999999
CMD03038,2024-02-10,Carlos Gomez,Sport,Raquette,3,1191.45,0.1,Suisse,Magasin,10.72,2,3216.9150000000004
CMD03039,2024-12-13,Paolo Bianchi,Beauté,Parfum,3,1725.04,0.0,Allemagne,App,3.14,1,5175.12
CMD03040,2024-12-14,Ali Benali,Mode,Jean,1,576.28,0.25,Belgique,App,4.77,5,432.21
CMD03041,2024-03-11,Carlos Gomez,Sport,Raquette,2,1466.62,0.15,Italie,Web,13.85,1,2493.254
CMD03042,2024-10-08,Ali Benali,Sport,Ballon,3,1529.04,0.3,Suisse,Magasin,2.91,5,3210.984
CMD03043,2024-10-11,Emma Rossi,Beauté,Crème visage,1,237.5,0.3,Maroc,App,11.61,3,166.25
CMD03044,2024-04-29,Léa Durand,Mode,Jean,4,832.31,0.05,Italie,Magasin,10.29,1,3162.778
CMD03045,2024-11-30,Youssef El Amrani,Beauté,Sérum,1,408.53,0.15,Belgique,App,1.11,2,347.2505
CMD03046,2024-11-29,Lucie Martin,Jouets,Lego,2,880.35,0.15,Allemagne,Web,14.2,1,1496.595
CMD03047,2024-07-20,Paolo Bianchi,Beauté,Parfum,5,157.37,0.15,Belgique,Magasin,11.86,3,668.8225
CMD03048,2024-11-11,Lucie Martin,Électronique,Smartphone,2,328.66,0.2,Maroc,App,13.79,4,525.8560000000001
CMD03049,2024-02-03,Youssef El Amrani,Sport,Ballon,4,329.43,0.15,Allemagne,Web,2.85,2,1120.062
CMD03050,2024-12-11,Léa Durand,Électronique,Ordinateur portable,1,1018.04,0.25,Espagne,Web,8.26,4,763.53
CMD03051,2024-11-04,Sarah Moreau,Maison,Machine à café,2,1213.96,0.05,Allemagne,Magasin,11.73,1,2306.524
CMD03052,2024-08-03,Ali Benali,Beauté,Shampoing,1,733.93,0.2,France,Web,7.64,4,587.144
CMD03053,2024-07-20,Carlos Gomez,Mode,Veste,5,140.7,0.3,Italie,App,7.67,5,492.45
CMD03054,2024-05-21,Nina Müller,Maison,Lampadaire,4,871.08,0.25,Suisse,App,8.73,2,2613.2400000000002
CMD03055,2024-10-03,Léa Durand,Maison,Ventilateur,2,1853.89,0.1,Espagne,Web,14.15,4,3337.0020000000004
CMD03056,2024-04-21,Paolo Bianchi,Électronique,TV 4K,5,740.07,0.15,Allemagne,Magasin,3.62,1,3145.2975
CMD03057,2024-07-04,Lucie Martin,Beauté,Rouge à lèvres,4,1996.56,0.0,Espagne,Web,7.67,5,7986.24
CMD03058,2024-11-14,Youssef El Amrani,Électronique,Tablette,5,842.8,0.25,France,Web,2.25,5,3160.5
CMD03059,2024-12-23,Carlos Gomez,Sport,Vélo,5,1746.1,0.3,Italie,App,13.34,3,6111.349999999999
CMD03060,2024-06-17,Jean Dupont,Jouets,Voiture téléguidée,4,782.9,0.15,Suisse,Web,8.05,3,2661.8599999999997
CMD03061,2024-05-01,Carlos Gomez,Beauté,Shampoing,5,1554.47,0.3,Italie,Web,12.94,1,5440.6449999999995
CMD03062,2024-03-04,Léa Durand,Beauté,Sérum,5,508.29,0.3,Suisse,Magasin,7.39,5,1779.015
CMD03063,2024-01-13,Carlos Gomez,Électronique,Ordinateur portable,2,1776.44,0.05,Espagne,Magasin,8.17,5,3375.236
CMD03064,2024-03-16,Lucie Martin,Mode,Montre,1,1484.8,0.3,Belgique,Web,6.83,3,1039.36
CMD03065,2024-05-10,Nina Müller,Jouets,Voiture téléguidée,1,1588.76,0.2,France,Web,13.33,1,1271.008
CMD03066,2024-08-06,Youssef El Amrani,Sport,Raquette,4,482.56,0.25,Suisse,Magasin,8.2,5,1447.68
CMD03067,2024-10-04,Paolo Bianchi,Jouets,Jeu de société,3,98.36,0.05,Italie,Magasin,10.24,4,280.32599999999996
CMD03068,2024-03-27,Youssef El Amrani,Beauté,Crème visage,5,403.97,0.15,France,App,1.25,3,1716.8725000000002
CMD03069,2024-02-02,Nina Müller,Mode,Sac à main,3,520.69,0.25,Belgique,Magasin,7.56,5,1171.5525000000002
CMD03070,2024-04-29,Carlos Gomez,Jouets,Puzzle,3,351.15,0.1,Allemagne,App,3.98,4,948.1049999999999
CMD03071,2024-02-10,Jean Dupont,Maison,Mixeur,1,1424.27,0.0,Allemagne,Web,10.6,1,1424.27
CMD03072,2024-02-09,Paolo Bianchi,Jouets,Jeu de société,5,370.7,0.05,Allemagne,Web,11.6,4,1760.8249999999998
CMD03073,2024-08-22,Carlos Gomez,Beauté,Shampoing,1,615.37,0.25,Espagne,App,9.69,2,461.52750000000003
CMD03074,2024-07-14,Emma Rossi,Maison,Lampadaire,5,1294.43,0.2,Maroc,App,10.16,3,5177.720000000001
CMD03075,2024-06-09,Jean Dupont,Mode,Sac à main,2,1222.07,0.1,France,App,3.47,1,2199.726
CMD03076,2024-09-29,Jean Dupont,Maison,Ventilateur,1,835.55,0.05,Espagne,Magasin,4.54,3,793.7724999999999
CMD03077,2024-12-24,Nina Müller,Maison,Mixeur,2,1286.96,0.25,Espagne,App,10.34,1,1930.44
CMD03078,2024-08-30,Lucie Martin,Sport,Chaussures de sport,2,896.36,0.15,Belgique,App,11.49,4,1523.812
CMD03079,2024-03-08,Paolo Bianchi,Maison,Ventilateur,4,177.14,0.25,Suisse,Magasin,11.14,2,531.42
CMD03080,2024-01-01,Carlos Gomez,Sport,Vélo,3,907.82,0.3,Belgique,Web,3.54,1,1906.4219999999998
CMD03081,2024-12-09,Jean Dupont,Jouets,Voiture téléguidée,3,733.68,0.2,Suisse,Web,3.6,2,1760.832
CMD03082,2024-07-14,Lucie Martin,Sport,Tapis de course,2,1509.06,0.0,Maroc,Web,9.27,1,3018.12
CMD03083,2024-09-26,Lucie Martin,Électronique,TV 4K,4,458.75,0.15,Espagne,Magasin,0.42,2,1559.75
CMD03084,2024-02-10,Léa Durand,Sport,Ballon,4,368.79,0.05,Maroc,Magasin,1.15,5,1401.402
CMD03085,2024-11-19,Sarah Moreau,Électronique,Smartphone,1,945.08,0.15,France,Magasin,1.79,4,803.318
CMD03086,2024-02-25,Sarah Moreau,Électronique,Smartphone,4,279.13,0.05,Allemagne,Web,8.55,2,1060.694
CMD03087,2024-03-28,Youssef El Amrani,Sport,Tapis de course,3,161.91,0.05,Maroc,Magasin,6.0,5,461.4435
CMD03088,2024-08-18,Ali Benali,Sport,Raquette,3,613.93,0.2,France,Magasin,10.04,3,1473.432
CMD03089,2024-10-11,Jean Dupont,Mode,Jean,5,380.95,0.05,Belgique,App,12.18,2,1809.5124999999998
CMD03090,2024-07-27,Lucie Martin,Sport,Vélo,2,264.75,0.3,Allemagne,Web,8.75,3,370.65
CMD03091,2024-02-23,Youssef El Amrani,Mode,Montre,3,943.2,0.05,Maroc,App,3.25,4,2688.1200000000003
CMD03092,2024-11-28,Sarah Moreau,Sport,Raquette,5,1729.59,0.05,Allemagne,App,0.86,5,8215.552499999998
CMD03093,2024-06-28,Emma Rossi,Électronique,Smartphone,2,80.99,0.15,Suisse,Web,6.62,1,137.683
CMD03094,2024-05-15,Carlos Gomez,Électronique,Smartphone,2,1902.31,0.3,France,Magasin,12.87,1,2663.234
CMD03095,2024-04-20,Paolo Bianchi,Beauté,Sérum,2,67.7,0.05,Allemagne,App,9.77,5,128.63
CMD03096,2024-12-29,Youssef El Amrani,Électronique,Tablette,3,546.0,0.1,Allemagne,Web,11.85,5,1474.2
CMD03097,2024-01-12,Lucie Martin,Maison,Ventilateur,1,1845.86,0.1,Allemagne,Web,10.33,1,1661.274
CMD03098,2024-09-09,Ali Benali,Mode,Chaussures,2,753.31,0.2,Allemagne,Magasin,10.57,2,1205.296
CMD03099,2024-09-29,Léa Durand,Jouets,Jeu de société,2,1488.33,0.0,Italie,Magasin,10.21,1,2976.66
CMD03100,2024-12-01,Nina Müller,Électronique,Smartphone,1,867.9,0.2,Allemagne,App,5.0,5,694.32
CMD03101,2024-11-19,Emma Rossi,Électronique,TV 4K,2,260.17,0.1,France,Web,2.38,5,468.30600000000004
CMD03102,2024-11-19,Léa Durand,Mode,Jean,3,1168.07,0.25,Espagne,Web,5.25,4,2628.1575000000003
CMD03103,2024-08-11,Carlos Gomez,Maison,Machine à café,2,1431.49,0.1,Suisse,Web,4.34,4,2576.6820000000002
CMD03104,2024-08-20,Nina Müller,Mode,Montre,1,359.96,0.1,Allemagne,Magasin,7.82,2,323.964
CMD03105,2024-04-12,Emma Rossi,Mode,Chaussures,1,1350.3,0.3,Italie,App,2.34,2,945.2099999999999
CMD03106,2024-09-23,Youssef El Amrani,Sport,Tapis de course,1,1108.05,0.3,Allemagne,App,3.05,4,775.6349999999999
CMD03107,2024-02-05,Youssef El Amrani,Jouets,Lego,5,1572.13,0.1,Espagne,App,12.27,5,7074.585000000001
CMD03108,2024-06-12,Paolo Bianchi,Beauté,Rouge à lèvres,4,44.02,0.1,Belgique,Web,2.88,3,158.472
CMD03109,2024-03-29,Ali Benali,Électronique,Smartphone,5,1234.5,0.3,Espagne,App,11.45,3,4320.75
CMD03110,2024-08-28,Youssef El Amrani,Mode,Montre,1,248.26,0.1,Allemagne,Web,8.03,3,223.434
CMD03111,2024-01-31,Jean Dupont,Jouets,Puzzle,5,573.32,0.25,Allemagne,Magasin,8.09,2,2149.9500000000003
CMD03112,2024-11-30,Léa Durand,Jouets,Puzzle,4,535.88,0.15,Allemagne,Web,12.99,1,1821.992
CMD03113,2024-10-17,Jean Dupont,Électronique,TV 4K,1,1918.8,0.15,Suisse,Magasin,0.72,5,1630.98
CMD03114,2024-01-08,Sarah Moreau,Mode,Chaussures,3,1243.13,0.2,France,Web,5.84,4,2983.5120000000006
CMD03115,2024-02-22,Nina Müller,Électronique,TV 4K,2,1923.87,0.2,Italie,Web,8.66,5,3078.192
CMD03116,2024-04-30,Lucie Martin,Électronique,Tablette,5,837.71,0.25,Espagne,App,7.1,5,3141.4125000000004
CMD03117,2024-11-04,Sarah Moreau,Maison,Lampadaire,2,1905.96,0.1,France,Web,4.07,3,3430.728
CMD03118,2024-08-06,Jean Dupont,Beauté,Sérum,5,1518.11,0.2,Maroc,App,14.5,2,6072.44
CMD03119,2024-03-02,Jean Dupont,Maison,Ventilateur,3,1872.15,0.05,France,App,9.63,5,5335.6275000000005
CMD03120,2024-02-13,Lucie Martin,Sport,Chaussures de sport,4,1151.91,0.05,Suisse,App,14.05,1,4377.258
CMD03121,2024-12-23,Carlos Gomez,Électronique,Ordinateur portable,1,373.37,0.25,Maroc,App,11.08,3,280.02750000000003
CMD03122,2024-05-31,Lucie Martin,Jouets,Jeu de société,2,797.89,0.25,Suisse,Magasin,5.43,2,1196.835
CMD03123,2024-01-10,Sarah Moreau,Mode,Chaussures,1,820.1,0.3,Italie,Web,5.35,1,574.0699999999999
CMD03124,2024-10-15,Carlos Gomez,Mode,Jean,5,1872.93,0.3,Allemagne,Web,5.63,3,6555.254999999999
CMD03125,2024-11-24,Nina Müller,Beauté,Sérum,2,183.58,0.25,Allemagne,Web,10.44,1,275.37
CMD03126,2024-07-20,Youssef El Amrani,Maison,Machine à café,1,1299.96,0.25,Italie,Magasin,10.46,3,974.97
CMD03127,2024-04-20,Carlos Gomez,Maison,Mixeur,4,1386.57,0.15,Suisse,Web,3.28,5,4714.338
CMD03128,2024-08-27,Emma Rossi,Maison,Machine à café,3,1979.2,0.15,Belgique,App,3.42,1,5046.96
CMD03129,2024-08-12,Paolo Bianchi,Maison,Lampadaire,2,874.33,0.05,Espagne,Magasin,1.02,5,1661.227
CMD03130,2024-04-22,Carlos Gomez,Jouets,Puzzle,3,332.94,0.1,Italie,Magasin,4.18,4,898.938
CMD03131,2024-10-07,Léa Durand,Électronique,Smartphone,4,53.06,0.0,France,App,5.71,3,212.24
CMD03132,2024-08-10,Youssef El Amrani,Mode,Montre,4,1567.64,0.15,Espagne,App,5.55,4,5329.976000000001
CMD03133,2024-05-19,Emma Rossi,Électronique,Smartphone,3,461.79,0.25,Maroc,Magasin,0.3,1,1039.0275000000001
CMD03134,2024-02-02,Emma Rossi,Électronique,Tablette,1,561.21,0.3,Allemagne,App,0.86,1,392.847
CMD03135,2024-08-03,Sarah Moreau,Beauté,Shampoing,1,937.57,0.05,Maroc,App,12.52,3,890.6915
CMD03136,2024-05-21,Paolo Bianchi,Électronique,Smartphone,5,162.44,0.05,Suisse,Magasin,5.9,4,771.59
CMD03137,2024-05-26,Léa Durand,Sport,Raquette,5,1669.28,0.3,Belgique,Magasin,2.51,2,5842.48
CMD03138,2024-04-15,Ali Benali,Maison,Lampadaire,2,906.83,0.05,Allemagne,Magasin,7.33,5,1722.977
CMD03139,2024-04-17,Emma Rossi,Mode,Veste,4,1345.66,0.25,Allemagne,Web,11.48,1,4036.9800000000005
CMD03140,2024-11-08,Emma Rossi,Mode,Montre,2,1030.73,0.3,Espagne,Web,13.31,4,1443.022
CMD03141,2024-08-25,Léa Durand,Mode,Jean,1,1687.79,0.25,Belgique,Magasin,3.97,5,1265.8425
CMD03142,2024-07-25,Lucie Martin,Mode,Chaussures,3,809.27,0.2,Belgique,App,7.1,5,1942.248
CMD03143,2024-06-12,Sarah Moreau,Jouets,Peluche,1,801.07,0.1,Belgique,Web,10.8,3,720.9630000000001
CMD03144,2024-09-11,Sarah Moreau,Maison,Aspirateur,4,1389.79,0.0,Maroc,Web,4.83,1,5559.16
CMD03145,2024-11-27,Ali Benali,Jouets,Puzzle,1,1884.22,0.1,Allemagne,Magasin,12.44,5,1695.798
CMD03146,2024-10-22,Lucie Martin,Jouets,Lego,5,1267.46,0.0,Allemagne,App,12.39,5,6337.3
CMD03147,2024-04-05,Nina Müller,Électronique,Tablette,2,1110.46,0.15,Italie,Magasin,6.41,2,1887.782
CMD03148,2024-10-15,Paolo Bianchi,Mode,Veste,1,1063.67,0.25,France,Web,3.25,3,797.7525
CMD03149,2024-06-09,Jean Dupont,Mode,Montre,2,1691.13,0.05,Italie,Web,9.79,4,3213.147
CMD03150,2024-09-02,Ali Benali,Maison,Lampadaire,2,1470.42,0.05,Maroc,Web,2.66,3,2793.7980000000002
CMD03151,2024-09-15,Sarah Moreau,Électronique,Tablette,1,109.31,0.3,Italie,App,4.61,3,76.517
CMD03152,2024-08-17,Paolo Bianchi,Jouets,Jeu de société,4,806.89,0.05,Suisse,App,5.34,2,3066.182
CMD03153,2024-08-13,Carlos Gomez,Sport,Ballon,3,1256.47,0.25,Italie,Web,10.64,4,2827.0575
CMD03154,2024-10-31,Ali Benali,Jouets,Jeu de société,3,1226.75,0.15,Belgique,Web,12.97,1,3128.2125
CMD03155,2024-03-12,Nina Müller,Maison,Ventilateur,3,1761.79,0.2,France,Web,10.87,1,4228.296
CMD03156,2024-11-03,Ali Benali,Jouets,Lego,1,737.14,0.1,Espagne,Magasin,0.52,1,663.426
CMD03157,2024-12-19,Sarah Moreau,Électronique,TV 4K,4,1389.99,0.2,Espagne,Web,6.86,1,4447.968
CMD03158,2024-06-08,Léa Durand,Beauté,Rouge à lèvres,3,629.72,0.05,Italie,Web,0.17,3,1794.702
CMD03159,2024-11-23,Youssef El Amrani,Jouets,Lego,2,990.72,0.05,Maroc,Web,7.51,2,1882.368
CMD03160,2024-07-11,Lucie Martin,Maison,Machine à café,1,463.96,0.2,France,App,8.22,4,371.168
CMD03161,2024-07-01,Emma Rossi,Beauté,Shampoing,4,594.67,0.3,Espagne,App,11.26,2,1665.0759999999998
CMD03162,2024-09-22,Lucie Martin,Jouets,Peluche,2,1225.84,0.3,Italie,App,11.86,5,1716.1759999999997
CMD03163,2024-08-13,Youssef El Amrani,Électronique,TV 4K,2,1231.28,0.3,Belgique,App,7.9,1,1723.792
CMD03164,2024-01-12,Ali Benali,Sport,Raquette,3,1474.53,0.15,Italie,Magasin,5.81,5,3760.0515
CMD03165,2024-06-30,Emma Rossi,Mode,Jean,2,187.67,0.05,Espagne,Web,9.21,1,356.573
CMD03166,2024-11-14,Youssef El Amrani,Mode,Jean,2,24.28,0.3,Allemagne,Web,12.8,2,33.992
CMD03167,2024-02-21,Youssef El Amrani,Beauté,Rouge à lèvres,3,1085.25,0.2,Italie,App,2.86,1,2604.6000000000004
CMD03168,2024-09-11,Ali Benali,Sport,Ballon,4,1244.73,0.2,Belgique,App,12.15,5,3983.1360000000004
CMD03169,2024-03-07,Carlos Gomez,Mode,Jean,5,125.55,0.3,Belgique,Magasin,13.34,1,439.42499999999995
CMD03170,2024-11-24,Nina Müller,Mode,Veste,2,735.83,0.05,Maroc,App,3.47,3,1398.077
CMD03171,2024-04-22,Sarah Moreau,Maison,Aspirateur,1,719.19,0.3,Espagne,Magasin,10.87,3,503.433
CMD03172,2024-02-19,Jean Dupont,Maison,Aspirateur,4,123.33,0.0,France,Magasin,12.22,5,493.32
CMD03173,2024-12-03,Ali Benali,Mode,Sac à main,3,22.91,0.15,Espagne,Web,10.62,5,58.420500000000004
CMD03174,2024-05-03,Sarah Moreau,Jouets,Puzzle,3,1582.21,0.2,Suisse,Magasin,11.96,3,3797.304
CMD03175,2024-10-18,Sarah Moreau,Beauté,Shampoing,4,1579.66,0.15,Maroc,Web,1.4,2,5370.844
CMD03176,2024-02-15,Emma Rossi,Sport,Ballon,5,1311.35,0.25,Espagne,Magasin,14.88,2,4917.5625
CMD03177,2024-06-05,Nina Müller,Beauté,Crème visage,5,1198.23,0.15,Maroc,App,11.16,3,5092.4775
CMD03178,2024-11-21,Nina Müller,Sport,Vélo,1,1290.83,0.3,Suisse,Web,0.34,2,903.5809999999999
CMD03179,2024-02-12,Sarah Moreau,Sport,Raquette,5,1535.68,0.3,Italie,Magasin,0.94,1,5374.88
CMD03180,2024-07-06,Léa Durand,Jouets,Jeu de société,5,597.5,0.2,Espagne,Web,13.8,4,2390.0
CMD03181,2024-02-15,Léa Durand,Électronique,Tablette,2,1598.11,0.25,Suisse,Magasin,13.93,4,2397.165
CMD03182,2024-06-14,Nina Müller,Mode,Veste,2,1034.81,0.0,Maroc,Magasin,14.32,5,2069.62
CMD03183,2024-11-27,Emma Rossi,Beauté,Crème visage,5,893.03,0.2,Italie,Magasin,2.5,1,3572.12
CMD03184,2024-10-24,Carlos Gomez,Beauté,Crème visage,3,1323.74,0.25,Maroc,Web,7.49,2,2978.415
CMD03185,2024-11-05,Sarah Moreau,Électronique,TV 4K,1,802.53,0.2,Espagne,Web,9.51,5,642.024
CMD03186,2024-01-10,Youssef El Amrani,Maison,Aspirateur,4,1012.6,0.05,Espagne,Web,5.95,1,3847.88
CMD03187,2024-06-17,Carlos Gomez,Jouets,Voiture téléguidée,4,1317.02,0.1,Maroc,Web,5.71,5,4741.272
CMD03188,2024-05-09,Paolo Bianchi,Beauté,Sérum,2,856.58,0.1,Italie,Web,1.94,1,1541.844
CMD03189,2024-05-20,Léa Durand,Beauté,Shampoing,3,411.04,0.25,Belgique,Web,12.06,3,924.8400000000001
CMD03190,2024-02-26,Paolo Bianchi,Mode,Chaussures,2,428.01,0.05,Belgique,Web,10.29,1,813.2189999999999
CMD03191,2024-12-12,Youssef El Amrani,Jouets,Puzzle,2,1145.19,0.2,Suisse,Magasin,13.07,1,1832.304
CMD03192,2024-04-01,Jean Dupont,Mode,Veste,5,929.61,0.05,Espagne,Magasin,6.53,2,4415.6475
CMD03193,2024-04-21,Lucie Martin,Sport,Vélo,4,1854.31,0.1,Allemagne,Magasin,10.97,5,6675.516
CMD03194,2024-12-23,Emma Rossi,Beauté,Rouge à lèvres,4,1439.4,0.05,Allemagne,Magasin,13.14,4,5469.72
CMD03195,2024-10-19,Jean Dupont,Maison,Machine à café,5,862.42,0.0,Allemagne,Web,1.69,3,4312.099999999999
CMD03196,2024-12-23,Youssef El Amrani,Jouets,Lego,5,820.42,0.15,Maroc,App,3.8,4,3486.7849999999994
CMD03197,2024-07-06,Nina Müller,Sport,Tapis de course,3,1670.56,0.3,Italie,Web,13.49,4,3508.176
CMD03198,2024-07-28,Nina Müller,Électronique,Tablette,2,837.34,0.0,Suisse,App,14.09,1,1674.68
CMD03199,2024-09-20,Paolo Bianchi,Électronique,Ordinateur portable,3,550.82,0.0,Belgique,Web,0.39,5,1652.46
CMD03200,2024-12-29,Lucie Martin,Maison,Mixeur,3,1460.92,0.1,France,Magasin,0.63,4,3944.4840000000004
CMD03201,2024-06-24,Sarah Moreau,Jouets,Lego,5,727.8,0.2,Italie,Web,4.38,2,2911.2000000000003
CMD03202,2024-01-10,Lucie Martin,Mode,Montre,4,1637.01,0.25,Suisse,App,2.16,1,4911.03
CMD03203,2024-01-09,Sarah Moreau,Beauté,Rouge à lèvres,3,1871.99,0.15,Allemagne,App,10.28,1,4773.5745
CMD03204,2024-09-22,Lucie Martin,Jouets,Lego,5,1628.04,0.1,Espagne,App,4.53,2,7326.18
CMD03205,2024-05-13,Jean Dupont,Électronique,Tablette,5,16.71,0.1,Belgique,Web,8.86,3,75.19500000000001
CMD03206,2024-12-02,Jean Dupont,Sport,Tapis de course,5,1860.75,0.0,Suisse,App,9.22,1,9303.75
CMD03207,2024-10-30,Léa Durand,Maison,Machine à café,3,545.77,0.25,Maroc,App,4.36,3,1227.9825
CMD03208,2024-04-29,Nina Müller,Maison,Machine à café,2,1418.0,0.3,Suisse,App,0.18,5,1985.1999999999998
CMD03209,2024-09-18,Sarah Moreau,Sport,Raquette,1,1878.03,0.25,Allemagne,Magasin,14.08,1,1408.5225
CMD03210,2024-03-13,Paolo Bianchi,Jouets,Voiture téléguidée,3,227.3,0.1,Suisse,Magasin,8.25,5,613.7100000000002
CMD03211,2024-03-01,Carlos Gomez,Sport,Ballon,5,1588.29,0.15,France,App,0.0,4,6750.2325
CMD03212,2024-04-03,Nina Müller,Maison,Ventilateur,1,1518.05,0.05,Suisse,Web,11.07,2,1442.1474999999998
CMD03213,2024-04-14,Paolo Bianchi,Électronique,TV 4K,3,1537.34,0.0,Allemagne,Web,8.07,3,4612.0199999999995
CMD03214,2024-10-08,Nina Müller,Électronique,TV 4K,4,1448.84,0.3,France,Web,0.73,4,4056.7519999999995
CMD03215,2024-04-23,Ali Benali,Maison,Ventilateur,2,1570.75,0.3,France,App,5.64,1,2199.0499999999997
CMD03216,2024-12-16,Carlos Gomez,Sport,Chaussures de sport,5,521.59,0.05,Allemagne,App,11.26,2,2477.5525000000002
CMD03217,2024-01-27,Sarah Moreau,Mode,Sac à main,2,1084.6,0.3,Suisse,Web,10.0,5,1518.4399999999998
CMD03218,2024-02-26,Youssef El Amrani,Sport,Vélo,5,1675.28,0.1,Espagne,App,1.43,1,7538.76
CMD03219,2024-07-06,Youssef El Amrani,Maison,Ventilateur,4,1239.77,0.1,Belgique,App,14.44,1,4463.1720000000005
CMD03220,2024-06-18,Paolo Bianchi,Électronique,Smartphone,4,913.92,0.25,Italie,Web,0.24,1,2741.7599999999998
CMD03221,2024-01-12,Youssef El Amrani,Maison,Mixeur,1,137.36,0.25,Belgique,App,13.45,3,103.02000000000001
CMD03222,2024-03-19,Jean Dupont,Jouets,Jeu de société,5,1106.02,0.15,Maroc,App,1.25,2,4700.585
CMD03223,2024-05-10,Emma Rossi,Électronique,Ordinateur portable,2,460.66,0.3,France,App,13.66,1,644.924
CMD03224,2024-02-19,Léa Durand,Mode,Chaussures,2,473.4,0.3,Belgique,App,0.5,5,662.7599999999999
CMD03225,2024-05-16,Nina Müller,Mode,Chaussures,2,513.14,0.0,France,Web,5.9,4,1026.28
CMD03226,2024-07-03,Léa Durand,Mode,Chaussures,3,675.55,0.05,Maroc,Magasin,3.84,2,1925.3174999999999
CMD03227,2024-01-02,Carlos Gomez,Sport,Tapis de course,4,1870.82,0.0,Suisse,Magasin,2.36,3,7483.28
CMD03228,2024-12-26,Léa Durand,Électronique,Ordinateur portable,3,497.07,0.15,Maroc,App,7.41,2,1267.5285
CMD03229,2024-07-09,Nina Müller,Maison,Ventilateur,3,875.57,0.25,Espagne,Web,10.44,4,1970.0325
CMD03230,2024-04-20,Sarah Moreau,Jouets,Lego,1,629.49,0.15,Espagne,Magasin,10.99,5,535.0665
CMD03231,2024-02-23,Emma Rossi,Mode,Jean,4,1799.56,0.0,Belgique,App,10.2,2,7198.24
CMD03232,2024-12-09,Ali Benali,Mode,Sac à main,1,139.1,0.1,Maroc,Magasin,3.08,1,125.19
CMD03233,2024-02-23,Lucie Martin,Électronique,Smartphone,4,1153.54,0.2,Belgique,Magasin,12.21,4,3691.328
CMD03234,2024-05-11,Sarah Moreau,Mode,Sac à main,4,1523.69,0.25,Suisse,App,1.09,5,4571.07
CMD03235,2024-03-07,Jean Dupont,Maison,Mixeur,2,1001.32,0.2,Italie,Web,1.91,5,1602.112
CMD03236,2024-06-27,Emma Rossi,Mode,Sac à main,3,701.22,0.3,Belgique,Web,14.12,3,1472.562
CMD03237,2024-08-20,Léa Durand,Sport,Raquette,4,442.16,0.2,Belgique,Magasin,4.85,5,1414.9120000000003
CMD03238,2024-07-04,Youssef El Amrani,Maison,Mixeur,3,92.35,0.1,Italie,Web,11.6,1,249.34499999999997
CMD03239,2024-10-13,Jean Dupont,Maison,Mixeur,5,361.96,0.05,Espagne,Magasin,6.15,1,1719.31
CMD03240,2024-10-26,Paolo Bianchi,Beauté,Shampoing,4,286.13,0.05,Allemagne,App,12.76,5,1087.2939999999999
CMD03241,2024-12-05,Youssef El Amrani,Électronique,Tablette,3,1873.55,0.1,France,App,14.78,1,5058.585
CMD03242,2024-04-15,Léa Durand,Maison,Lampadaire,4,162.97,0.15,Espagne,App,7.59,5,554.098
CMD03243,2024-02-23,Paolo Bianchi,Jouets,Voiture téléguidée,3,658.28,0.25,Belgique,Web,6.88,3,1481.1299999999999
CMD03244,2024-05-15,Ali Benali,Beauté,Parfum,2,655.95,0.05,France,Magasin,2.52,2,1246.305
CMD03245,2024-12-24,Carlos Gomez,Beauté,Shampoing,1,1261.05,0.15,Maroc,Web,0.5,1,1071.8925
CMD03246,2024-09-25,Youssef El Amrani,Électronique,Tablette,4,582.99,0.15,Allemagne,Magasin,11.25,1,1982.166
CMD03247,2024-02-06,Lucie Martin,Électronique,Ordinateur portable,5,839.03,0.3,Maroc,Magasin,7.68,5,2936.6049999999996
CMD03248,2024-05-04,Nina Müller,Jouets,Jeu de société,3,1005.53,0.25,Suisse,Magasin,7.29,5,2262.4425
CMD03249,2024-09-12,Léa Durand,Électronique,Casque audio,5,801.39,0.05,Espagne,Web,1.87,4,3806.6024999999995
CMD03250,2024-05-25,Sarah Moreau,Mode,Veste,1,284.47,0.05,Suisse,Web,3.49,4,270.2465
CMD03251,2024-11-22,Sarah Moreau,Mode,Sac à main,4,399.69,0.2,Allemagne,App,14.01,2,1279.008
CMD03252,2024-06-12,Carlos Gomez,Mode,Montre,1,494.87,0.05,France,Magasin,14.0,4,470.12649999999996
CMD03253,2024-01-23,Sarah Moreau,Jouets,Jeu de société,1,1173.14,0.15,Suisse,App,6.12,5,997.1690000000001
CMD03254,2024-06-27,Carlos Gomez,Électronique,Ordinateur portable,5,1242.13,0.25,Belgique,Web,13.35,5,4657.9875
CMD03255,2024-12-30,Lucie Martin,Mode,Chaussures,4,833.24,0.2,Allemagne,App,0.22,5,2666.3680000000004
CMD03256,2024-04-05,Sarah Moreau,Beauté,Sérum,1,1724.33,0.3,Maroc,Magasin,14.84,5,1207.031
CMD03257,2024-03-05,Lucie Martin,Sport,Ballon,3,660.49,0.05,France,Magasin,2.15,1,1882.3964999999998
CMD03258,2024-01-28,Sarah Moreau,Électronique,Tablette,2,748.14,0.15,Espagne,App,8.49,2,1271.838
CMD03259,2024-02-07,Sarah Moreau,Mode,Montre,3,554.86,0.2,Belgique,Magasin,1.68,2,1331.664
CMD03260,2024-12-24,Lucie Martin,Mode,Veste,2,58.75,0.25,Italie,App,7.37,5,88.125
CMD03261,2024-04-30,Sarah Moreau,Mode,Sac à main,5,240.45,0.2,Belgique,Web,4.22,4,961.8000000000001
CMD03262,2024-04-23,Ali Benali,Maison,Lampadaire,3,1622.5,0.25,Allemagne,App,3.18,4,3650.625
CMD03263,2024-10-24,Youssef El Amrani,Beauté,Rouge à lèvres,4,128.49,0.05,Suisse,Magasin,10.75,2,488.262
CMD03264,2024-08-02,Paolo Bianchi,Beauté,Shampoing,2,537.96,0.2,Belgique,Web,6.65,4,860.7360000000001
CMD03265,2024-01-16,Paolo Bianchi,Mode,Jean,1,980.26,0.1,Italie,App,9.0,2,882.234
CMD03266,2024-02-06,Youssef El Amrani,Sport,Raquette,4,780.39,0.25,Italie,App,7.67,2,2341.17
CMD03267,2024-10-20,Ali Benali,Beauté,Sérum,5,1671.6,0.25,Italie,Magasin,9.23,1,6268.5
CMD03268,2024-03-17,Ali Benali,Sport,Tapis de course,1,1741.58,0.0,Espagne,App,14.35,5,1741.58
CMD03269,2024-02-16,Lucie Martin,Mode,Montre,5,1490.93,0.25,Italie,Web,7.81,1,5590.9875
CMD03270,2024-08-11,Ali Benali,Électronique,Tablette,5,1930.0,0.25,Belgique,Magasin,14.2,2,7237.5
CMD03271,2024-08-15,Jean Dupont,Mode,Chaussures,3,1141.01,0.0,Suisse,App,11.18,3,3423.0299999999997
CMD03272,2024-11-15,Léa Durand,Maison,Ventilateur,1,1920.46,0.15,France,Web,7.08,5,1632.391
CMD03273,2024-12-15,Emma Rossi,Jouets,Lego,5,397.79,0.3,Italie,Magasin,0.92,2,1392.2649999999999
CMD03274,2024-09-02,Paolo Bianchi,Mode,Chaussures,1,1220.55,0.0,France,Web,5.87,5,1220.55
CMD03275,2024-03-17,Carlos Gomez,Sport,Chaussures de sport,1,1094.11,0.2,Suisse,App,12.49,5,875.288
CMD03276,2024-03-07,Sarah Moreau,Électronique,Tablette,2,1395.79,0.05,Allemagne,App,8.57,1,2652.0009999999997
CMD03277,2024-04-21,Ali Benali,Jouets,Puzzle,2,1322.81,0.3,France,App,11.19,3,1851.9339999999997
CMD03278,2024-10-30,Jean Dupont,Beauté,Rouge à lèvres,5,502.28,0.05,Suisse,Magasin,3.15,4,2385.8299999999995
CMD03279,2024-08-07,Youssef El Amrani,Électronique,Tablette,1,1646.66,0.15,Suisse,App,12.15,2,1399.661
CMD03280,2024-03-29,Ali Benali,Électronique,Smartphone,2,308.54,0.2,Suisse,Web,0.53,5,493.66400000000004
CMD03281,2024-12-03,Ali Benali,Jouets,Voiture téléguidée,3,1393.95,0.1,Allemagne,Web,8.5,4,3763.6650000000004
CMD03282,2024-01-01,Youssef El Amrani,Électronique,Casque audio,2,1056.01,0.05,Italie,Magasin,11.36,1,2006.4189999999999
CMD03283,2024-02-19,Emma Rossi,Mode,Sac à main,3,56.41,0.15,Maroc,App,14.95,2,143.8455
CMD03284,2024-02-11,Sarah Moreau,Jouets,Jeu de société,4,1642.79,0.0,France,Magasin,12.6,2,6571.16
CMD03285,2024-07-16,Jean Dupont,Électronique,Tablette,2,116.22,0.0,Suisse,Magasin,9.43,2,232.44
CMD03286,2024-02-17,Nina Müller,Jouets,Voiture téléguidée,4,135.7,0.15,Allemagne,Magasin,3.25,4,461.37999999999994
CMD03287,2024-10-20,Léa Durand,Beauté,Shampoing,2,1765.35,0.2,Suisse,App,2.64,3,2824.56
CMD03288,2024-01-10,Lucie Martin,Maison,Ventilateur,1,1559.15,0.05,Espagne,Magasin,5.44,4,1481.1925
CMD03289,2024-10-11,Ali Benali,Jouets,Voiture téléguidée,3,494.46,0.0,Italie,Web,14.82,5,1483.3799999999999
CMD03290,2024-02-11,Ali Benali,Mode,Jean,2,1743.32,0.2,Maroc,App,9.19,4,2789.312
CMD03291,2024-10-09,Nina Müller,Mode,Jean,3,661.28,0.1,France,Web,14.7,5,1785.456
CMD03292,2024-04-02,Paolo Bianchi,Jouets,Jeu de société,3,313.02,0.1,Maroc,Web,12.79,4,845.154
CMD03293,2024-02-20,Emma Rossi,Beauté,Sérum,1,345.14,0.2,Suisse,Web,4.92,2,276.112
CMD03294,2024-03-29,Ali Benali,Beauté,Rouge à lèvres,3,801.94,0.3,Allemagne,Magasin,0.92,4,1684.074
CMD03295,2024-03-27,Lucie Martin,Maison,Lampadaire,4,1768.96,0.15,France,App,13.94,1,6014.464
CMD03296,2024-09-12,Jean Dupont,Beauté,Rouge à lèvres,1,475.78,0.15,Belgique,App,12.15,3,404.41299999999995
CMD03297,2024-02-23,Emma Rossi,Jouets,Jeu de société,4,1018.36,0.15,Italie,Web,8.3,1,3462.424
CMD03298,2024-04-22,Carlos Gomez,Maison,Machine à café,1,1817.96,0.05,Belgique,App,2.39,3,1727.062
CMD03299,2024-06-07,Jean Dupont,Électronique,TV 4K,5,123.34,0.25,Italie,App,1.67,3,462.52500000000003
CMD03300,2024-04-05,Paolo Bianchi,Mode,Chaussures,2,1889.97,0.25,Espagne,App,14.46,2,2834.955
CMD03301,2024-04-30,Emma Rossi,Beauté,Shampoing,3,1929.51,0.25,Allemagne,Web,12.75,1,4341.3975
CMD03302,2024-02-06,Ali Benali,Jouets,Puzzle,3,1775.94,0.0,Belgique,Web,2.35,2,5327.82
CMD03303,2024-09-17,Emma Rossi,Mode,Sac à main,2,1414.32,0.3,Maroc,Magasin,6.59,3,1980.0479999999998
CMD03304,2024-12-17,Youssef El Amrani,Sport,Raquette,5,512.89,0.0,Suisse,Web,8.13,4,2564.45
CMD03305,2024-07-12,Léa Durand,Électronique,Ordinateur portable,4,782.48,0.05,Maroc,Web,12.32,3,2973.424
CMD03306,2024-10-03,Jean Dupont,Sport,Raquette,5,1975.67,0.05,Espagne,Magasin,12.02,5,9384.4325
CMD03307,2024-08-07,Jean Dupont,Mode,Chaussures,5,541.7,0.25,France,Web,14.14,1,2031.375
CMD03308,2024-06-28,Jean Dupont,Maison,Mixeur,4,1973.85,0.0,Suisse,Magasin,2.36,3,7895.4
CMD03309,2024-02-06,Sarah Moreau,Jouets,Lego,2,904.83,0.25,Belgique,Magasin,13.26,4,1357.2450000000001
CMD03310,2024-02-12,Carlos Gomez,Maison,Ventilateur,5,631.34,0.05,France,Web,10.07,2,2998.8650000000002
CMD03311,2024-01-02,Jean Dupont,Électronique,Casque audio,5,101.09,0.2,Suisse,Magasin,14.85,4,404.36000000000007
CMD03312,2024-05-04,Ali Benali,Sport,Vélo,3,1551.98,0.0,Espagne,Magasin,0.84,1,4655.9400000000005
CMD03313,2024-10-22,Nina Müller,Sport,Raquette,2,460.3,0.25,Suisse,Web,8.38,2,690.45
CMD03314,2024-02-10,Paolo Bianchi,Mode,Sac à main,5,534.41,0.1,Belgique,Web,10.34,1,2404.845
CMD03315,2024-11-14,Lucie Martin,Électronique,Casque audio,5,1095.18,0.25,Italie,Magasin,7.47,4,4106.925
CMD03316,2024-07-31,Sarah Moreau,Électronique,Smartphone,4,255.58,0.25,Allemagne,App,14.71,5,766.74
CMD03317,2024-08-05,Léa Durand,Maison,Aspirateur,1,656.52,0.25,Suisse,Magasin,5.14,2,492.39
CMD03318,2024-05-29,Youssef El Amrani,Jouets,Lego,3,948.32,0.1,France,App,12.34,2,2560.464
CMD03319,2024-11-03,Sarah Moreau,Jouets,Voiture téléguidée,4,1441.78,0.3,Italie,Magasin,12.4,1,4036.9839999999995
CMD03320,2024-05-12,Youssef El Amrani,Maison,Lampadaire,4,226.53,0.05,Italie,App,9.58,4,860.814
CMD03321,2024-01-05,Léa Durand,Sport,Ballon,3,1007.03,0.3,France,Magasin,0.9,1,2114.763
CMD03322,2024-02-20,Nina Müller,Électronique,Tablette,5,1089.71,0.25,Maroc,Magasin,5.62,1,4086.4125000000004
CMD03323,2024-06-18,Léa Durand,Beauté,Parfum,5,641.76,0.05,Suisse,Magasin,5.08,5,3048.36
CMD03324,2024-12-22,Lucie Martin,Maison,Machine à café,1,479.44,0.0,France,App,10.4,1,479.44
CMD03325,2024-01-17,Emma Rossi,Électronique,Smartphone,3,1500.18,0.1,Maroc,Web,6.59,4,4050.486
CMD03326,2024-04-13,Lucie Martin,Mode,Veste,2,1566.57,0.25,Maroc,Magasin,8.47,3,2349.855
CMD03327,2024-01-13,Jean Dupont,Mode,Veste,5,681.57,0.25,France,Web,5.2,1,2555.8875000000003
CMD03328,2024-08-09,Paolo Bianchi,Beauté,Crème visage,2,174.64,0.2,Italie,Magasin,7.98,5,279.424
CMD03329,2024-06-16,Paolo Bianchi,Beauté,Crème visage,4,1433.57,0.3,Italie,App,6.96,2,4013.9959999999996
CMD03330,2024-03-15,Jean Dupont,Électronique,Tablette,5,1609.37,0.05,Maroc,App,9.34,4,7644.507499999999
CMD03331,2024-12-17,Carlos Gomez,Sport,Ballon,1,279.73,0.05,Belgique,Web,2.94,5,265.7435
CMD03332,2024-02-12,Carlos Gomez,Mode,Montre,4,469.88,0.0,Belgique,Magasin,1.46,1,1879.52
CMD03333,2024-05-04,Ali Benali,Jouets,Voiture téléguidée,3,1350.69,0.3,France,Web,6.23,2,2836.449
CMD03334,2024-11-09,Léa Durand,Beauté,Rouge à lèvres,4,10.35,0.0,France,App,9.52,3,41.4
CMD03335,2024-03-02,Youssef El Amrani,Maison,Lampadaire,2,836.24,0.3,Italie,App,12.92,3,1170.7359999999999
CMD03336,2024-09-08,Lucie Martin,Sport,Raquette,5,650.75,0.05,France,Web,10.94,2,3091.0625
CMD03337,2024-05-15,Jean Dupont,Maison,Ventilateur,4,1595.4,0.1,Espagne,Web,14.38,1,5743.4400000000005
CMD03338,2024-04-19,Nina Müller,Mode,Chaussures,2,753.36,0.25,Allemagne,Web,2.96,4,1130.04
CMD03339,2024-05-08,Jean Dupont,Beauté,Rouge à lèvres,5,1875.56,0.05,Suisse,App,4.42,2,8908.909999999998
CMD03340,2024-03-06,Youssef El Amrani,Maison,Mixeur,4,1855.95,0.0,Belgique,Web,9.02,4,7423.8
CMD03341,2024-03-02,Youssef El Amrani,Maison,Aspirateur,5,745.71,0.25,Allemagne,Magasin,0.17,4,2796.4125000000004
CMD03342,2024-03-05,Léa Durand,Jouets,Peluche,2,1049.36,0.05,Maroc,App,11.25,4,1993.7839999999997
CMD03343,2024-05-31,Carlos Gomez,Jouets,Peluche,2,1334.67,0.2,Italie,App,13.36,4,2135.472
CMD03344,2024-09-11,Ali Benali,Électronique,Casque audio,4,1832.94,0.05,Maroc,App,8.75,2,6965.172
CMD03345,2024-02-15,Léa Durand,Maison,Aspirateur,4,528.37,0.15,Italie,Web,5.38,2,1796.4579999999999
CMD03346,2024-02-21,Carlos Gomez,Sport,Chaussures de sport,3,786.68,0.0,Maroc,Web,13.08,3,2360.04
CMD03347,2024-06-02,Ali Benali,Beauté,Rouge à lèvres,1,1180.3,0.1,Espagne,Web,6.2,5,1062.27
CMD03348,2024-05-12,Jean Dupont,Maison,Ventilateur,5,411.86,0.0,Belgique,Web,11.45,1,2059.3
CMD03349,2024-11-20,Ali Benali,Beauté,Rouge à lèvres,2,1898.39,0.05,Italie,App,1.83,4,3606.941
CMD03350,2024-03-08,Sarah Moreau,Mode,Chaussures,3,1051.46,0.15,Belgique,Magasin,3.08,4,2681.223
CMD03351,2024-01-31,Youssef El Amrani,Sport,Raquette,3,696.86,0.1,Allemagne,Web,8.85,2,1881.522
CMD03352,2024-12-15,Emma Rossi,Électronique,Casque audio,5,955.63,0.2,Italie,Magasin,6.2,4,3822.52
CMD03353,2024-01-22,Emma Rossi,Beauté,Rouge à lèvres,5,1818.1,0.3,Espagne,App,14.26,4,6363.349999999999
CMD03354,2024-08-19,Emma Rossi,Maison,Mixeur,5,682.8,0.1,Allemagne,Magasin,13.02,3,3072.6
CMD03355,2024-07-04,Sarah Moreau,Mode,Jean,5,406.49,0.0,Belgique,App,13.5,5,2032.45
CMD03356,2024-10-20,Jean Dupont,Maison,Mixeur,2,1219.74,0.2,France,App,8.46,5,1951.584
CMD03357,2024-01-31,Emma Rossi,Beauté,Rouge à lèvres,1,1912.98,0.15,Espagne,Web,10.93,1,1626.033
CMD03358,2024-11-24,Youssef El Amrani,Jouets,Peluche,1,497.74,0.05,Allemagne,Web,1.17,4,472.853
CMD03359,2024-02-26,Youssef El Amrani,Beauté,Sérum,3,137.28,0.2,Suisse,App,6.66,4,329.47200000000004
CMD03360,2024-07-23,Nina Müller,Jouets,Voiture téléguidée,1,1568.3,0.05,Espagne,Web,12.09,4,1489.885
CMD03361,2024-03-26,Ali Benali,Électronique,Casque audio,5,1325.7,0.05,Suisse,App,10.88,4,6297.075
CMD03362,2024-03-29,Youssef El Amrani,Maison,Machine à café,5,795.76,0.15,Italie,App,7.5,2,3381.98
CMD03363,2024-09-18,Sarah Moreau,Jouets,Peluche,5,195.45,0.2,Allemagne,App,1.03,4,781.8000000000001
CMD03364,2024-02-24,Nina Müller,Électronique,TV 4K,4,1814.27,0.1,Maroc,Web,12.7,2,6531.372
CMD03365,2024-04-25,Sarah Moreau,Maison,Aspirateur,4,1439.88,0.1,Suisse,App,14.83,2,5183.568
CMD03366,2024-09-15,Léa Durand,Électronique,Smartphone,2,499.15,0.1,Espagne,App,2.25,5,898.47
CMD03367,2024-12-22,Jean Dupont,Beauté,Shampoing,5,767.71,0.15,France,Magasin,3.37,3,3262.7675
CMD03368,2024-03-28,Lucie Martin,Jouets,Lego,4,1053.84,0.3,Maroc,App,11.24,2,2950.7519999999995
CMD03369,2024-07-05,Sarah Moreau,Électronique,Tablette,2,42.59,0.3,France,Web,1.23,3,59.626
CMD03370,2024-12-14,Sarah Moreau,Mode,Jean,2,1853.7,0.15,Espagne,Magasin,11.85,3,3151.29
CMD03371,2024-07-05,Paolo Bianchi,Sport,Ballon,4,770.69,0.1,Belgique,Magasin,14.49,4,2774.4840000000004
CMD03372,2024-04-04,Lucie Martin,Jouets,Puzzle,4,432.52,0.3,Maroc,Magasin,0.46,2,1211.0559999999998
CMD03373,2024-11-08,Youssef El Amrani,Beauté,Parfum,1,203.14,0.2,Suisse,App,9.76,5,162.512
CMD03374,2024-04-26,Carlos Gomez,Jouets,Puzzle,2,1774.01,0.05,Italie,App,7.06,4,3370.6189999999997
CMD03375,2024-04-23,Nina Müller,Sport,Raquette,5,485.66,0.15,Maroc,Magasin,8.17,3,2064.0550000000003
CMD03376,2024-09-30,Ali Benali,Maison,Ventilateur,1,437.64,0.3,Suisse,App,8.29,4,306.34799999999996
CMD03377,2024-09-06,Lucie Martin,Mode,Veste,3,1249.52,0.3,France,Magasin,7.21,1,2623.9919999999997
CMD03378,2024-03-11,Emma Rossi,Sport,Vélo,5,363.63,0.2,Italie,Magasin,4.81,4,1454.5200000000002
CMD03379,2024-04-21,Jean Dupont,Jouets,Puzzle,4,1113.37,0.2,Belgique,App,7.83,3,3562.7839999999997
CMD03380,2024-09-02,Ali Benali,Maison,Machine à café,3,1769.38,0.15,France,Magasin,9.47,3,4511.919
CMD03381,2024-03-23,Emma Rossi,Beauté,Rouge à lèvres,2,824.59,0.05,Suisse,App,0.26,2,1566.721
CMD03382,2024-10-12,Ali Benali,Mode,Montre,4,62.31,0.3,France,Web,3.63,4,174.468
CMD03383,2024-11-01,Youssef El Amrani,Sport,Tapis de course,4,1038.19,0.2,Allemagne,Magasin,12.72,5,3322.2080000000005
CMD03384,2024-05-12,Nina Müller,Sport,Tapis de course,1,1052.26,0.3,Italie,App,5.75,1,736.582
CMD03385,2024-05-29,Lucie Martin,Maison,Ventilateur,3,158.48,0.0,Maroc,App,0.04,4,475.43999999999994
CMD03386,2024-05-22,Nina Müller,Beauté,Crème visage,2,10.5,0.1,Maroc,Magasin,1.57,2,18.900000000000002
CMD03387,2024-05-21,Lucie Martin,Maison,Ventilateur,1,1817.81,0.1,Espagne,Web,9.12,3,1636.029
CMD03388,2024-05-13,Carlos Gomez,Mode,Jean,2,1993.66,0.25,France,Magasin,14.3,2,2990.4900000000002
CMD03389,2024-10-23,Carlos Gomez,Sport,Vélo,1,220.23,0.05,France,App,4.54,5,209.21849999999998
CMD03390,2024-08-28,Ali Benali,Sport,Tapis de course,1,1053.23,0.25,Italie,App,12.44,2,789.9225
CMD03391,2024-07-01,Carlos Gomez,Électronique,Tablette,1,202.45,0.25,Italie,Magasin,2.44,1,151.83749999999998
CMD03392,2024-06-03,Nina Müller,Maison,Ventilateur,1,1283.01,0.15,Maroc,Magasin,12.08,5,1090.5584999999999
CMD03393,2024-08-24,Sarah Moreau,Maison,Machine à café,1,1048.78,0.1,France,Web,0.79,3,943.902
CMD03394,2024-03-20,Emma Rossi,Électronique,TV 4K,3,1412.99,0.2,France,App,11.61,3,3391.1760000000004
CMD03395,2024-07-20,Léa Durand,Électronique,Tablette,2,1107.84,0.0,France,Web,3.17,4,2215.68
CMD03396,2024-05-03,Ali Benali,Maison,Aspirateur,1,833.56,0.15,Allemagne,App,0.71,2,708.526
CMD03397,2024-01-31,Léa Durand,Jouets,Voiture téléguidée,5,1147.9,0.05,Maroc,Magasin,10.11,1,5452.525
CMD03398,2024-02-09,Paolo Bianchi,Sport,Vélo,5,1631.39,0.1,Espagne,Web,2.25,3,7341.255000000001
CMD03399,2024-02-26,Youssef El Amrani,Maison,Aspirateur,1,988.67,0.0,Espagne,App,12.95,4,988.67
CMD03400,2024-10-18,Carlos Gomez,Jouets,Puzzle,2,1216.19,0.3,Belgique,Web,0.33,5,1702.666
CMD03401,2024-03-29,Youssef El Amrani,Maison,Aspirateur,1,293.86,0.15,Italie,Web,5.23,3,249.781
CMD03402,2024-07-03,Lucie Martin,Sport,Chaussures de sport,4,1692.22,0.05,Suisse,App,9.3,3,6430.436
CMD03403,2024-02-24,Léa Durand,Sport,Ballon,4,439.23,0.2,Maroc,App,3.8,1,1405.536
CMD03404,2024-03-06,Ali Benali,Mode,Veste,5,51.33,0.2,France,Magasin,7.52,5,205.32
CMD03405,2024-08-15,Léa Durand,Jouets,Voiture téléguidée,2,348.91,0.0,Italie,App,0.09,1,697.82
CMD03406,2024-11-02,Paolo Bianchi,Mode,Jean,3,70.33,0.1,Maroc,Web,2.18,2,189.89100000000002
CMD03407,2024-05-30,Ali Benali,Sport,Chaussures de sport,3,1050.18,0.05,Belgique,App,9.41,2,2993.013
CMD03408,2024-07-25,Jean Dupont,Maison,Ventilateur,4,1178.89,0.0,France,Magasin,10.53,1,4715.56
CMD03409,2024-05-23,Ali Benali,Beauté,Shampoing,4,1232.62,0.3,Italie,App,9.27,2,3451.3359999999993
CMD03410,2024-03-04,Nina Müller,Mode,Jean,2,350.57,0.3,Maroc,App,13.96,3,490.79799999999994
CMD03411,2024-11-26,Nina Müller,Sport,Vélo,4,1440.45,0.15,Allemagne,App,4.03,5,4897.53
CMD03412,2024-08-13,Jean Dupont,Électronique,Casque audio,3,1158.63,0.3,Maroc,Web,5.54,1,2433.123
CMD03413,2024-01-08,Sarah Moreau,Électronique,TV 4K,2,639.91,0.05,Suisse,Magasin,3.52,3,1215.829
CMD03414,2024-09-26,Paolo Bianchi,Beauté,Crème visage,3,1330.98,0.0,Maroc,App,0.87,1,3992.94
CMD03415,2024-01-19,Emma Rossi,Sport,Ballon,1,120.54,0.0,Espagne,App,7.71,1,120.54
CMD03416,2024-12-25,Emma Rossi,Maison,Aspirateur,1,1448.77,0.25,France,Web,14.6,2,1086.5774999999999
CMD03417,2024-12-20,Emma Rossi,Jouets,Puzzle,5,1462.72,0.1,Espagne,App,7.4,4,6582.240000000001
CMD03418,2024-12-17,Jean Dupont,Mode,Veste,1,1854.87,0.3,Suisse,App,3.99,3,1298.4089999999999
CMD03419,2024-07-06,Léa Durand,Jouets,Jeu de société,3,635.19,0.05,Maroc,Magasin,3.49,2,1810.2915
CMD03420,2024-04-07,Carlos Gomez,Jouets,Puzzle,5,1630.7,0.25,Belgique,Web,7.15,4,6115.125
CMD03421,2024-08-08,Emma Rossi,Maison,Lampadaire,4,1070.83,0.15,Espagne,App,10.45,4,3640.8219999999997
CMD03422,2024-09-09,Sarah Moreau,Maison,Machine à café,5,1280.33,0.3,Allemagne,App,3.44,4,4481.155
CMD03423,2024-12-08,Lucie Martin,Mode,Veste,5,409.32,0.3,France,App,8.06,2,1432.62
CMD03424,2024-07-21,Paolo Bianchi,Beauté,Shampoing,3,402.71,0.15,Suisse,Web,13.64,1,1026.9105
CMD03425,2024-06-21,Carlos Gomez,Électronique,TV 4K,2,1686.52,0.15,Belgique,App,13.12,3,2867.084
CMD03426,2024-10-05,Nina Müller,Électronique,Ordinateur portable,3,751.78,0.1,Espagne,App,7.1,5,2029.8060000000003
CMD03427,2024-04-20,Lucie Martin,Maison,Machine à café,5,1945.45,0.3,Espagne,Web,7.79,1,6809.075
CMD03428,2024-03-17,Léa Durand,Jouets,Puzzle,5,1061.41,0.3,Suisse,App,11.32,2,3714.935
CMD03429,2024-02-28,Léa Durand,Électronique,Tablette,2,1362.89,0.2,Suisse,Web,8.47,2,2180.6240000000003
CMD03430,2024-10-21,Lucie Martin,Sport,Chaussures de sport,4,1423.74,0.0,Italie,Web,10.88,2,5694.96
CMD03431,2024-04-30,Lucie Martin,Mode,Jean,3,1299.75,0.05,Allemagne,Web,6.19,4,3704.2875
CMD03432,2024-05-25,Ali Benali,Électronique,Smartphone,3,733.97,0.0,Italie,Web,1.1,3,2201.91
CMD03433,2024-06-11,Nina Müller,Jouets,Puzzle,4,589.7,0.25,Espagne,Web,5.44,1,1769.1000000000001
CMD03434,2024-03-14,Paolo Bianchi,Électronique,Casque audio,1,1911.39,0.3,France,App,10.25,5,1337.973
CMD03435,2024-04-27,Youssef El Amrani,Maison,Mixeur,2,678.57,0.2,Suisse,Web,4.22,4,1085.7120000000002
CMD03436,2024-02-15,Lucie Martin,Maison,Lampadaire,2,1173.47,0.0,Espagne,Magasin,12.42,4,2346.94
CMD03437,2024-09-15,Youssef El Amrani,Jouets,Voiture téléguidée,4,1078.45,0.15,Belgique,Magasin,6.59,1,3666.73
CMD03438,2024-02-27,Léa Durand,Électronique,Casque audio,3,1108.1,0.25,Allemagne,App,10.23,5,2493.225
CMD03439,2024-01-17,Youssef El Amrani,Maison,Ventilateur,5,752.13,0.0,Maroc,Web,9.71,3,3760.65
CMD03440,2024-01-12,Paolo Bianchi,Sport,Ballon,4,1048.53,0.25,Allemagne,Magasin,6.15,5,3145.59
CMD03441,2024-10-30,Sarah Moreau,Maison,Aspirateur,4,1372.86,0.05,Italie,App,7.66,5,5216.8679999999995
CMD03442,2024-07-25,Sarah Moreau,Maison,Mixeur,4,72.36,0.15,Espagne,Magasin,1.02,2,246.024
CMD03443,2024-02-10,Lucie Martin,Mode,Jean,4,1798.77,0.1,Belgique,Web,12.58,4,6475.572
CMD03444,2024-05-16,Emma Rossi,Jouets,Voiture téléguidée,1,1195.43,0.15,Espagne,App,10.08,4,1016.1155
CMD03445,2024-01-28,Léa Durand,Électronique,TV 4K,2,1484.22,0.2,Suisse,Magasin,12.76,5,2374.752
CMD03446,2024-08-14,Nina Müller,Électronique,Ordinateur portable,5,1614.73,0.25,Allemagne,Magasin,7.95,1,6055.237499999999
CMD03447,2024-01-14,Emma Rossi,Jouets,Lego,1,44.07,0.0,Italie,Web,12.48,1,44.07
CMD03448,2024-11-21,Ali Benali,Beauté,Rouge à lèvres,1,244.79,0.0,Italie,Magasin,12.41,2,244.79
CMD03449,2024-02-25,Carlos Gomez,Sport,Vélo,1,631.06,0.25,Italie,App,6.47,1,473.29499999999996
CMD03450,2024-05-30,Paolo Bianchi,Maison,Machine à café,3,1436.86,0.3,Italie,Web,3.21,3,3017.406
CMD03451,2024-12-05,Sarah Moreau,Sport,Chaussures de sport,4,41.73,0.1,Suisse,Magasin,8.41,3,150.22799999999998
CMD03452,2024-02-16,Nina Müller,Beauté,Shampoing,4,191.83,0.05,Maroc,Web,5.83,1,728.9540000000001
CMD03453,2024-02-18,Sarah Moreau,Mode,Veste,4,1975.55,0.1,Suisse,Magasin,11.16,3,7111.98
CMD03454,2024-10-08,Jean Dupont,Jouets,Jeu de société,3,553.74,0.15,Italie,Magasin,14.59,2,1412.037
CMD03455,2024-01-31,Paolo Bianchi,Sport,Ballon,4,689.26,0.3,France,Magasin,7.84,2,1929.9279999999999
CMD03456,2024-10-31,Emma Rossi,Mode,Chaussures,1,1411.2,0.1,Allemagne,Magasin,8.77,2,1270.0800000000002
CMD03457,2024-06-21,Emma Rossi,Jouets,Jeu de société,5,1726.55,0.2,Allemagne,Web,5.51,3,6906.200000000001
CMD03458,2024-08-14,Carlos Gomez,Sport,Raquette,2,1956.52,0.0,Maroc,Magasin,14.5,5,3913.04
CMD03459,2024-05-31,Nina Müller,Sport,Raquette,5,1796.25,0.3,Italie,Web,8.57,4,6286.875
CMD03460,2024-05-07,Emma Rossi,Maison,Aspirateur,3,88.0,0.05,France,Web,7.32,2,250.79999999999998
CMD03461,2024-06-18,Nina Müller,Mode,Sac à main,5,1915.74,0.25,Maroc,App,9.31,3,7184.025000000001
CMD03462,2024-10-08,Ali Benali,Maison,Machine à café,2,1456.75,0.05,Italie,App,7.62,3,2767.825
CMD03463,2024-07-19,Sarah Moreau,Mode,Jean,3,479.54,0.1,Maroc,Magasin,5.13,3,1294.758
CMD03464,2024-03-13,Nina Müller,Électronique,Smartphone,4,1488.54,0.3,France,Magasin,2.5,4,4167.911999999999
CMD03465,2024-03-08,Youssef El Amrani,Maison,Ventilateur,2,525.37,0.2,Allemagne,App,9.37,5,840.5920000000001
CMD03466,2024-09-03,Carlos Gomez,Jouets,Peluche,2,1896.44,0.05,Maroc,Magasin,2.8,3,3603.236
CMD03467,2024-03-25,Carlos Gomez,Sport,Vélo,1,1926.04,0.3,Maroc,Web,14.37,4,1348.2279999999998
CMD03468,2024-08-23,Léa Durand,Beauté,Rouge à lèvres,2,1944.72,0.3,Espagne,Web,4.09,2,2722.6079999999997
CMD03469,2024-01-30,Nina Müller,Électronique,Casque audio,3,412.15,0.25,Maroc,App,1.19,5,927.3374999999999
CMD03470,2024-02-24,Sarah Moreau,Jouets,Jeu de société,4,1534.69,0.3,Belgique,App,6.73,2,4297.132
CMD03471,2024-01-03,Carlos Gomez,Beauté,Rouge à lèvres,2,1373.96,0.15,Belgique,Magasin,3.55,3,2335.732
CMD03472,2024-03-17,Nina Müller,Jouets,Jeu de société,2,1875.31,0.1,Espagne,Web,0.6,1,3375.558
CMD03473,2024-07-04,Nina Müller,Jouets,Peluche,3,644.52,0.05,Suisse,Web,2.95,4,1836.8819999999998
CMD03474,2024-12-23,Emma Rossi,Sport,Ballon,2,1702.95,0.25,Belgique,Web,12.16,2,2554.425
CMD03475,2024-10-17,Jean Dupont,Jouets,Voiture téléguidée,5,1781.03,0.0,Italie,App,3.69,1,8905.15
CMD03476,2024-03-20,Emma Rossi,Sport,Tapis de course,4,1101.18,0.2,Italie,Magasin,1.33,4,3523.7760000000003
CMD03477,2024-02-19,Carlos Gomez,Beauté,Shampoing,2,1325.77,0.15,Maroc,Magasin,3.19,3,2253.8089999999997
CMD03478,2024-01-31,Léa Durand,Mode,Jean,1,904.18,0.3,Italie,Magasin,0.53,4,632.9259999999999
CMD03479,2024-07-03,Lucie Martin,Jouets,Voiture téléguidée,2,768.48,0.0,Espagne,App,4.51,3,1536.96
CMD03480,2024-11-30,Carlos Gomez,Mode,Jean,3,202.43,0.3,Suisse,App,1.74,2,425.10299999999995
CMD03481,2024-08-13,Carlos Gomez,Électronique,Ordinateur portable,4,1497.58,0.3,Belgique,Magasin,11.01,1,4193.223999999999
CMD03482,2024-06-29,Ali Benali,Électronique,Tablette,4,671.87,0.0,Maroc,Magasin,4.76,5,2687.48
CMD03483,2024-05-14,Ali Benali,Électronique,Ordinateur portable,4,1225.57,0.3,Espagne,Web,4.87,2,3431.5959999999995
CMD03484,2024-12-07,Léa Durand,Sport,Vélo,4,612.42,0.15,France,Magasin,12.72,1,2082.2279999999996
CMD03485,2024-12-26,Emma Rossi,Jouets,Puzzle,2,1090.46,0.25,Allemagne,Magasin,14.66,2,1635.69
CMD03486,2024-09-02,Sarah Moreau,Beauté,Shampoing,2,766.88,0.25,Suisse,Magasin,3.23,5,1150.32
CMD03487,2024-09-04,Youssef El Amrani,Électronique,Tablette,4,1393.91,0.2,Italie,Magasin,8.56,1,4460.512000000001
CMD03488,2024-12-17,Sarah Moreau,Maison,Ventilateur,4,1297.95,0.25,Suisse,Magasin,3.06,1,3893.8500000000004
CMD03489,2024-06-16,Lucie Martin,Maison,Lampadaire,1,178.22,0.0,Belgique,Magasin,0.34,2,178.22
CMD03490,2024-02-17,Carlos Gomez,Électronique,Ordinateur portable,5,456.18,0.0,Italie,App,6.56,4,2280.9
CMD03491,2024-07-07,Nina Müller,Maison,Mixeur,2,1626.78,0.3,Espagne,Web,8.67,1,2277.4919999999997
CMD03492,2024-03-02,Lucie Martin,Électronique,TV 4K,4,10.84,0.1,France,Magasin,8.32,1,39.024
CMD03493,2024-11-27,Léa Durand,Jouets,Jeu de société,1,1675.11,0.2,Belgique,Magasin,3.55,5,1340.088
CMD03494,2024-10-24,Jean Dupont,Jouets,Voiture téléguidée,5,1084.15,0.2,Italie,App,13.74,1,4336.6
CMD03495,2024-11-19,Nina Müller,Électronique,Casque audio,5,1242.04,0.25,France,App,10.15,1,4657.65
CMD03496,2024-05-26,Ali Benali,Jouets,Jeu de société,1,1063.06,0.2,Maroc,Magasin,0.67,5,850.448
CMD03497,2024-11-24,Lucie Martin,Électronique,Smartphone,4,586.89,0.05,Allemagne,App,12.92,2,2230.182
CMD03498,2024-04-29,Ali Benali,Maison,Machine à café,5,1004.83,0.2,Italie,Web,0.54,1,4019.3200000000006
CMD03499,2024-12-15,Carlos Gomez,Sport,Raquette,5,1269.09,0.1,Maroc,App,3.8,4,5710.905
CMD03500,2024-06-18,Ali Benali,Beauté,Sérum,3,87.24,0.15,Maroc,Magasin,10.96,2,222.46199999999996
CMD03501,2024-05-26,Carlos Gomez,Jouets,Voiture téléguidée,3,993.03,0.05,Maroc,Magasin,13.53,1,2830.1355
CMD03502,2024-11-18,Carlos Gomez,Beauté,Rouge à lèvres,4,509.44,0.25,Belgique,Web,4.36,3,1528.32
CMD03503,2024-09-08,Paolo Bianchi,Mode,Veste,5,453.39,0.15,Allemagne,Magasin,12.01,2,1926.9074999999998
CMD03504,2024-12-09,Paolo Bianchi,Maison,Machine à café,3,668.17,0.15,France,Web,12.12,5,1703.8334999999997
CMD03505,2024-07-07,Léa Durand,Jouets,Peluche,1,422.55,0.2,France,Web,14.28,1,338.04
CMD03506,2024-11-21,Ali Benali,Beauté,Shampoing,5,1444.79,0.1,Espagne,Magasin,13.59,4,6501.555
CMD03507,2024-12-23,Paolo Bianchi,Beauté,Shampoing,4,1343.08,0.2,Suisse,App,4.56,5,4297.856
CMD03508,2024-03-12,Sarah Moreau,Électronique,Tablette,3,916.9,0.3,Espagne,App,5.68,3,1925.4899999999998
CMD03509,2024-08-05,Carlos Gomez,Maison,Machine à café,5,1664.78,0.3,Maroc,Magasin,10.93,1,5826.73
CMD03510,2024-12-09,Léa Durand,Beauté,Sérum,5,1271.73,0.1,Italie,Web,14.47,1,5722.785
CMD03511,2024-04-10,Lucie Martin,Sport,Raquette,2,353.18,0.25,Espagne,Magasin,14.58,3,529.77
CMD03512,2024-11-28,Paolo Bianchi,Sport,Vélo,3,872.33,0.1,Suisse,App,0.06,5,2355.291
CMD03513,2024-05-07,Paolo Bianchi,Maison,Lampadaire,2,856.81,0.2,Allemagne,App,10.48,1,1370.896
CMD03514,2024-06-11,Lucie Martin,Mode,Chaussures,2,402.1,0.25,Belgique,App,6.92,4,603.1500000000001
CMD03515,2024-05-28,Nina Müller,Jouets,Voiture téléguidée,3,824.29,0.25,Belgique,Web,4.02,3,1854.6525
CMD03516,2024-01-16,Paolo Bianchi,Jouets,Peluche,1,711.44,0.3,Italie,Magasin,4.44,5,498.008
CMD03517,2024-05-25,Sarah Moreau,Sport,Raquette,2,61.85,0.0,Belgique,App,11.86,2,123.7
CMD03518,2024-06-13,Lucie Martin,Jouets,Peluche,1,1099.11,0.15,France,App,1.47,1,934.2434999999999
CMD03519,2024-07-22,Lucie Martin,Mode,Sac à main,5,1757.58,0.05,Espagne,Web,1.84,1,8348.505
CMD03520,2024-11-13,Carlos Gomez,Maison,Machine à café,3,484.46,0.05,Italie,Magasin,1.99,4,1380.7109999999998
CMD03521,2024-06-14,Jean Dupont,Beauté,Shampoing,2,485.33,0.3,Espagne,Web,0.46,1,679.462
CMD03522,2024-03-19,Carlos Gomez,Électronique,Smartphone,2,348.96,0.2,Allemagne,App,2.05,3,558.336
CMD03523,2024-09-28,Carlos Gomez,Mode,Montre,2,191.22,0.2,Maroc,Magasin,10.93,1,305.952
CMD03524,2024-04-23,Paolo Bianchi,Mode,Sac à main,3,345.43,0.25,Suisse,Web,6.06,3,777.2175
CMD03525,2024-04-08,Emma Rossi,Maison,Ventilateur,2,167.1,0.2,France,Magasin,2.32,2,267.36
CMD03526,2024-03-29,Léa Durand,Beauté,Crème visage,2,516.49,0.3,Allemagne,App,11.7,3,723.086
CMD03527,2024-08-11,Lucie Martin,Mode,Montre,2,473.5,0.05,Maroc,Web,8.92,2,899.65
CMD03528,2024-11-16,Youssef El Amrani,Maison,Mixeur,3,404.17,0.0,Belgique,Magasin,14.54,3,1212.51
CMD03529,2024-02-16,Léa Durand,Jouets,Jeu de société,4,1003.18,0.05,Allemagne,Magasin,5.8,5,3812.084
CMD03530,2024-04-13,Lucie Martin,Électronique,Ordinateur portable,3,591.77,0.0,Espagne,Web,5.13,3,1775.31
CMD03531,2024-01-15,Emma Rossi,Sport,Tapis de course,3,1687.45,0.0,Maroc,Magasin,5.44,3,5062.35
CMD03532,2024-03-16,Léa Durand,Maison,Aspirateur,5,1432.91,0.0,Maroc,Magasin,5.69,1,7164.55
CMD03533,2024-09-19,Jean Dupont,Beauté,Parfum,4,655.07,0.25,Maroc,App,6.91,4,1965.21
CMD03534,2024-06-07,Youssef El Amrani,Maison,Machine à café,2,1234.39,0.05,Suisse,App,3.65,4,2345.341
CMD03535,2024-04-22,Léa Durand,Maison,Aspirateur,5,1751.37,0.05,Espagne,Web,9.02,5,8319.007499999998
CMD03536,2024-10-24,Nina Müller,Maison,Machine à café,2,959.58,0.15,France,App,0.93,4,1631.286
CMD03537,2024-02-07,Youssef El Amrani,Mode,Sac à main,5,128.75,0.1,Maroc,Magasin,11.51,2,579.375
CMD03538,2024-11-27,Léa Durand,Sport,Chaussures de sport,1,796.16,0.2,Maroc,App,8.93,4,636.928
CMD03539,2024-04-17,Ali Benali,Maison,Machine à café,2,1023.71,0.25,France,Web,8.15,2,1535.565
CMD03540,2024-07-05,Emma Rossi,Mode,Sac à main,3,1400.03,0.2,Espagne,Magasin,5.78,3,3360.072
CMD03541,2024-02-25,Emma Rossi,Beauté,Parfum,3,242.66,0.05,Maroc,Web,7.56,1,691.581
CMD03542,2024-01-23,Nina Müller,Sport,Raquette,1,1574.48,0.05,France,App,7.36,4,1495.7559999999999
CMD03543,2024-11-02,Youssef El Amrani,Beauté,Shampoing,5,1811.22,0.15,Belgique,App,3.96,5,7697.685
CMD03544,2024-06-14,Nina Müller,Jouets,Puzzle,2,44.92,0.25,Maroc,App,10.99,3,67.38
CMD03545,2024-10-26,Lucie Martin,Mode,Chaussures,5,436.51,0.05,France,Web,6.67,1,2073.4225
CMD03546,2024-10-28,Ali Benali,Sport,Vélo,4,1397.68,0.0,Maroc,Magasin,7.4,2,5590.72
CMD03547,2024-01-13,Ali Benali,Jouets,Voiture téléguidée,4,1086.01,0.15,Belgique,Magasin,2.33,1,3692.4339999999997
CMD03548,2024-08-09,Lucie Martin,Beauté,Crème visage,2,1639.07,0.1,Maroc,App,9.57,2,2950.326
CMD03549,2024-12-14,Paolo Bianchi,Mode,Montre,5,390.45,0.1,Allemagne,Magasin,1.13,5,1757.025
CMD03550,2024-09-13,Emma Rossi,Jouets,Peluche,1,69.99,0.2,France,App,3.26,4,55.992
CMD03551,2024-10-16,Youssef El Amrani,Mode,Chaussures,3,24.19,0.3,Suisse,Magasin,12.53,2,50.799
CMD03552,2024-03-26,Youssef El Amrani,Maison,Ventilateur,1,724.75,0.2,Suisse,Magasin,14.49,4,579.8000000000001
CMD03553,2024-10-02,Paolo Bianchi,Mode,Sac à main,1,1006.98,0.3,France,Magasin,11.35,3,704.886
CMD03554,2024-01-27,Sarah Moreau,Beauté,Shampoing,4,957.21,0.0,Maroc,Magasin,3.53,1,3828.84
CMD03555,2024-05-09,Sarah Moreau,Maison,Ventilateur,2,1758.46,0.15,Espagne,Magasin,2.23,1,2989.382
CMD03556,2024-05-05,Léa Durand,Jouets,Voiture téléguidée,1,1280.86,0.15,Suisse,Magasin,14.71,1,1088.731
CMD03557,2024-07-07,Jean Dupont,Jouets,Jeu de société,2,140.9,0.1,Allemagne,Web,11.62,1,253.62
CMD03558,2024-09-20,Youssef El Amrani,Jouets,Lego,3,1767.28,0.15,France,App,7.07,4,4506.564
CMD03559,2024-04-17,Sarah Moreau,Jouets,Voiture téléguidée,5,763.98,0.1,Belgique,Web,3.45,1,3437.9100000000003
CMD03560,2024-03-14,Nina Müller,Beauté,Crème visage,3,1065.52,0.3,Italie,Magasin,14.78,4,2237.5919999999996
CMD03561,2024-01-09,Paolo Bianchi,Mode,Montre,2,1744.37,0.0,France,App,4.76,2,3488.74
CMD03562,2024-03-30,Nina Müller,Maison,Mixeur,5,1979.95,0.05,Allemagne,Web,11.36,2,9404.762499999999
CMD03563,2024-02-01,Léa Durand,Jouets,Voiture téléguidée,3,172.37,0.15,Italie,Magasin,12.09,3,439.5435
CMD03564,2024-05-19,Ali Benali,Beauté,Crème visage,3,1868.81,0.0,Suisse,Web,10.41,2,5606.43
CMD03565,2024-02-02,Ali Benali,Jouets,Peluche,1,968.05,0.05,Belgique,Web,11.71,4,919.6474999999999
CMD03566,2024-03-12,Ali Benali,Mode,Veste,5,22.94,0.15,Allemagne,Web,8.11,2,97.495
CMD03567,2024-06-22,Ali Benali,Électronique,Casque audio,2,1874.05,0.0,France,Magasin,5.87,5,3748.1
CMD03568,2024-07-30,Lucie Martin,Électronique,Smartphone,2,300.02,0.0,Suisse,Magasin,5.39,1,600.04
CMD03569,2024-05-22,Paolo Bianchi,Électronique,Smartphone,4,1425.9,0.3,Italie,Web,6.33,3,3992.52
CMD03570,2024-07-03,Nina Müller,Électronique,Ordinateur portable,5,214.6,0.25,Belgique,Web,13.28,3,804.75
CMD03571,2024-12-14,Carlos Gomez,Sport,Tapis de course,3,53.48,0.1,Allemagne,Magasin,4.67,4,144.39600000000002
CMD03572,2024-08-01,Youssef El Amrani,Beauté,Rouge à lèvres,5,1496.64,0.1,Maroc,App,13.38,4,6734.880000000001
CMD03573,2024-09-28,Paolo Bianchi,Beauté,Parfum,2,669.04,0.0,Espagne,App,4.52,4,1338.08
CMD03574,2024-06-12,Nina Müller,Maison,Aspirateur,1,1702.51,0.25,Suisse,Web,13.94,4,1276.8825
CMD03575,2024-01-23,Sarah Moreau,Électronique,Ordinateur portable,3,766.77,0.3,France,App,7.2,2,1610.2169999999999
CMD03576,2024-11-09,Nina Müller,Maison,Machine à café,3,1043.31,0.2,Suisse,Web,3.61,2,2503.944
CMD03577,2024-01-12,Youssef El Amrani,Sport,Vélo,1,1223.03,0.25,Maroc,App,8.73,4,917.2725
CMD03578,2024-08-31,Léa Durand,Mode,Jean,1,213.3,0.2,France,App,1.13,5,170.64000000000001
CMD03579,2024-10-31,Carlos Gomez,Beauté,Crème visage,5,1883.03,0.2,Allemagne,App,6.62,3,7532.12
CMD03580,2024-05-05,Carlos Gomez,Maison,Ventilateur,1,962.09,0.15,France,Magasin,10.5,2,817.7765
CMD03581,2024-12-19,Ali Benali,Mode,Chaussures,4,1678.58,0.3,Belgique,App,11.88,1,4700.023999999999
CMD03582,2024-02-29,Sarah Moreau,Jouets,Puzzle,3,1769.0,0.05,Italie,Magasin,11.84,1,5041.65
CMD03583,2024-08-19,Carlos Gomez,Maison,Ventilateur,1,1271.47,0.25,Suisse,Magasin,13.96,1,953.6025
CMD03584,2024-12-30,Lucie Martin,Électronique,Smartphone,1,1904.68,0.3,Espagne,App,5.42,4,1333.276
CMD03585,2024-05-12,Nina Müller,Maison,Mixeur,3,186.81,0.25,Italie,Web,10.71,1,420.32250000000005
CMD03586,2024-12-16,Paolo Bianchi,Jouets,Lego,5,421.84,0.1,France,App,8.19,2,1898.28
CMD03587,2024-10-08,Carlos Gomez,Beauté,Crème visage,2,1470.53,0.05,Suisse,Web,0.19,3,2794.0069999999996
CMD03588,2024-02-26,Lucie Martin,Sport,Ballon,5,316.38,0.25,Espagne,Magasin,14.4,1,1186.4250000000002
CMD03589,2024-01-03,Ali Benali,Électronique,Tablette,2,1111.44,0.1,France,Magasin,10.94,4,2000.592
CMD03590,2024-01-01,Youssef El Amrani,Électronique,Ordinateur portable,1,1564.02,0.1,Maroc,Magasin,13.46,1,1407.618
CMD03591,2024-07-20,Sarah Moreau,Électronique,TV 4K,4,258.1,0.05,Maroc,App,11.81,2,980.7800000000001
CMD03592,2024-04-08,Nina Müller,Beauté,Sérum,2,143.64,0.25,Suisse,App,8.54,2,215.45999999999998
CMD03593,2024-10-27,Youssef El Amrani,Sport,Chaussures de sport,2,220.18,0.2,Espagne,Magasin,10.99,5,352.288
CMD03594,2024-09-29,Carlos Gomez,Sport,Tapis de course,4,334.95,0.3,Belgique,Magasin,5.44,5,937.8599999999999
CMD03595,2024-03-08,Sarah Moreau,Sport,Raquette,1,1717.77,0.05,Allemagne,Web,2.38,1,1631.8815
CMD03596,2024-01-25,Léa Durand,Maison,Machine à café,5,1678.41,0.25,Maroc,App,12.73,3,6294.0375
CMD03597,2024-02-26,Léa Durand,Mode,Sac à main,1,301.54,0.05,Allemagne,Magasin,0.28,4,286.463
CMD03598,2024-10-09,Emma Rossi,Beauté,Shampoing,1,955.54,0.15,Belgique,App,8.7,3,812.209
CMD03599,2024-03-21,Emma Rossi,Maison,Mixeur,1,729.62,0.0,Suisse,App,7.42,2,729.62
CMD03600,2024-10-02,Sarah Moreau,Sport,Vélo,3,1662.61,0.25,France,App,8.46,2,3740.8725
CMD03601,2024-08-08,Paolo Bianchi,Beauté,Shampoing,2,75.5,0.05,Italie,Web,13.98,5,143.45
CMD03602,2024-02-27,Jean Dupont,Sport,Vélo,3,941.48,0.15,Suisse,App,14.28,4,2400.774
CMD03603,2024-06-13,Youssef El Amrani,Beauté,Sérum,5,346.31,0.2,Maroc,App,7.45,1,1385.24
CMD03604,2024-05-17,Emma Rossi,Mode,Sac à main,5,916.86,0.05,Suisse,Magasin,6.78,2,4355.085
CMD03605,2024-10-27,Léa Durand,Maison,Mixeur,4,1715.91,0.1,Belgique,Web,4.18,3,6177.276000000001
CMD03606,2024-05-03,Paolo Bianchi,Jouets,Lego,5,1917.01,0.15,Maroc,App,0.69,4,8147.2925
CMD03607,2024-05-07,Emma Rossi,Mode,Veste,3,701.68,0.3,Belgique,Magasin,12.08,1,1473.5279999999998
CMD03608,2024-12-29,Jean Dupont,Maison,Ventilateur,2,482.19,0.05,Italie,Magasin,14.83,4,916.161
CMD03609,2024-11-16,Paolo Bianchi,Sport,Chaussures de sport,2,406.46,0.1,Espagne,Web,6.72,1,731.6279999999999
CMD03610,2024-07-21,Ali Benali,Électronique,Smartphone,2,1303.85,0.2,Allemagne,Web,7.59,1,2086.16
CMD03611,2024-10-13,Paolo Bianchi,Beauté,Rouge à lèvres,5,1526.45,0.0,Suisse,App,8.14,1,7632.25
CMD03612,2024-11-21,Nina Müller,Électronique,Ordinateur portable,5,239.78,0.15,Maroc,Web,8.85,3,1019.065
CMD03613,2024-03-09,Léa Durand,Beauté,Shampoing,3,568.7,0.05,Suisse,Magasin,7.1,5,1620.795
CMD03614,2024-07-10,Paolo Bianchi,Jouets,Peluche,2,246.62,0.05,Maroc,Magasin,14.32,4,468.578
CMD03615,2024-12-01,Sarah Moreau,Mode,Chaussures,4,1707.29,0.2,Espagne,Web,2.74,5,5463.328
CMD03616,2024-06-02,Emma Rossi,Maison,Lampadaire,1,45.25,0.25,Espagne,Magasin,5.4,4,33.9375
CMD03617,2024-09-05,Nina Müller,Jouets,Voiture téléguidée,3,1313.67,0.3,Suisse,Web,2.28,2,2758.707
CMD03618,2024-09-15,Emma Rossi,Sport,Chaussures de sport,4,768.33,0.3,Suisse,Magasin,14.14,3,2151.324
CMD03619,2024-07-13,Carlos Gomez,Mode,Jean,5,1761.17,0.25,France,App,2.95,1,6604.387500000001
CMD03620,2024-10-07,Lucie Martin,Beauté,Sérum,2,585.21,0.15,Espagne,Web,4.42,5,994.8570000000001
CMD03621,2024-02-29,Emma Rossi,Mode,Sac à main,3,529.64,0.05,Suisse,Web,13.51,1,1509.474
CMD03622,2024-04-01,Nina Müller,Beauté,Sérum,2,877.3,0.2,Italie,Magasin,11.13,5,1403.68
CMD03623,2024-06-23,Léa Durand,Sport,Vélo,1,1087.44,0.2,Italie,App,2.38,5,869.9520000000001
CMD03624,2024-05-03,Sarah Moreau,Jouets,Puzzle,1,368.96,0.3,France,Magasin,6.02,5,258.272
CMD03625,2024-06-26,Youssef El Amrani,Jouets,Puzzle,4,1606.78,0.15,Italie,Magasin,6.16,4,5463.052
CMD03626,2024-08-23,Sarah Moreau,Maison,Ventilateur,3,715.71,0.15,Suisse,App,14.18,4,1825.0605
CMD03627,2024-05-24,Lucie Martin,Mode,Chaussures,4,594.89,0.2,Belgique,Web,4.57,5,1903.6480000000001
CMD03628,2024-12-01,Paolo Bianchi,Sport,Ballon,3,1452.49,0.25,France,Web,9.4,3,3268.1025
CMD03629,2024-09-22,Carlos Gomez,Beauté,Parfum,4,1285.06,0.2,Belgique,Web,12.45,4,4112.192
CMD03630,2024-07-31,Lucie Martin,Maison,Lampadaire,4,1562.35,0.25,Italie,Magasin,14.27,3,4687.049999999999
CMD03631,2024-11-06,Lucie Martin,Sport,Raquette,5,1659.2,0.1,Allemagne,Magasin,9.22,4,7466.400000000001
CMD03632,2024-05-08,Youssef El Amrani,Mode,Chaussures,1,1164.84,0.2,Italie,Magasin,11.14,3,931.872
CMD03633,2024-06-30,Emma Rossi,Sport,Vélo,1,863.85,0.05,Espagne,Web,8.46,4,820.6575
CMD03634,2024-04-02,Lucie Martin,Beauté,Rouge à lèvres,4,232.6,0.3,Belgique,App,2.61,1,651.28
CMD03635,2024-04-18,Sarah Moreau,Jouets,Lego,5,1942.42,0.25,Espagne,Magasin,2.63,3,7284.075000000001
CMD03636,2024-06-18,Youssef El Amrani,Maison,Mixeur,5,1835.91,0.1,Belgique,Magasin,11.59,3,8261.595000000001
CMD03637,2024-10-22,Carlos Gomez,Mode,Montre,2,539.31,0.25,Maroc,Web,7.37,1,808.9649999999999
CMD03638,2024-03-02,Nina Müller,Sport,Tapis de course,2,424.51,0.05,Maroc,Web,2.42,2,806.569
CMD03639,2024-06-27,Jean Dupont,Électronique,TV 4K,4,1817.07,0.0,Maroc,Web,0.97,5,7268.28
CMD03640,2024-10-28,Jean Dupont,Jouets,Peluche,5,669.02,0.2,Suisse,Magasin,7.07,4,2676.08
CMD03641,2024-12-29,Carlos Gomez,Jouets,Jeu de société,4,1632.66,0.0,France,Magasin,12.26,5,6530.64
CMD03642,2024-04-27,Ali Benali,Électronique,Casque audio,4,867.04,0.1,Italie,App,11.94,3,3121.344
CMD03643,2024-05-03,Léa Durand,Beauté,Rouge à lèvres,4,361.48,0.05,Espagne,Magasin,5.48,3,1373.624
CMD03644,2024-05-29,Lucie Martin,Sport,Vélo,5,948.57,0.1,Maroc,Web,3.51,1,4268.5650000000005
CMD03645,2024-07-28,Carlos Gomez,Électronique,TV 4K,1,1578.53,0.2,Belgique,Magasin,8.19,5,1262.824
CMD03646,2024-06-08,Youssef El Amrani,Jouets,Lego,2,1993.68,0.1,Allemagne,Web,14.86,3,3588.6240000000003
CMD03647,2024-08-31,Emma Rossi,Jouets,Voiture téléguidée,4,1256.25,0.0,France,App,12.63,1,5025.0
CMD03648,2024-08-25,Emma Rossi,Beauté,Sérum,2,1230.89,0.05,Maroc,Magasin,13.84,1,2338.6910000000003
CMD03649,2024-08-24,Léa Durand,Électronique,TV 4K,4,1884.04,0.3,Maroc,App,2.5,3,5275.312
CMD03650,2024-03-01,Nina Müller,Beauté,Crème visage,4,1586.51,0.15,Belgique,Web,13.3,5,5394.134
CMD03651,2024-05-09,Léa Durand,Maison,Mixeur,5,1033.23,0.2,France,App,10.12,1,4132.92
CMD03652,2024-11-13,Nina Müller,Électronique,Tablette,1,214.79,0.15,Suisse,Magasin,10.97,3,182.5715
CMD03653,2024-08-19,Sarah Moreau,Mode,Jean,2,918.64,0.15,Allemagne,Magasin,7.37,5,1561.6879999999999
CMD03654,2024-05-30,Ali Benali,Sport,Vélo,1,246.95,0.05,Belgique,Magasin,8.0,4,234.6025
CMD03655,2024-06-09,Léa Durand,Maison,Lampadaire,1,714.9,0.1,Suisse,Magasin,3.85,2,643.41
CMD03656,2024-10-29,Nina Müller,Jouets,Lego,2,1848.43,0.2,Espagne,App,13.08,4,2957.4880000000003
CMD03657,2024-06-10,Paolo Bianchi,Électronique,Smartphone,2,1180.09,0.15,Italie,Web,5.71,3,2006.1529999999998
CMD03658,2024-10-03,Youssef El Amrani,Beauté,Sérum,5,1863.0,0.25,Espagne,Magasin,13.65,2,6986.25
CMD03659,2024-06-28,Paolo Bianchi,Mode,Jean,1,931.25,0.2,Italie,Magasin,14.02,5,745.0
CMD03660,2024-10-10,Lucie Martin,Électronique,Casque audio,5,221.66,0.15,Italie,Magasin,10.4,2,942.055
CMD03661,2024-02-04,Ali Benali,Jouets,Jeu de société,3,545.83,0.1,Espagne,Web,1.72,1,1473.7410000000002
CMD03662,2024-02-19,Emma Rossi,Sport,Vélo,1,1551.96,0.1,Belgique,Magasin,5.52,1,1396.7640000000001
CMD03663,2024-06-02,Léa Durand,Sport,Ballon,1,1708.85,0.05,Belgique,App,12.3,5,1623.4074999999998
CMD03664,2024-10-06,Sarah Moreau,Électronique,TV 4K,2,268.49,0.1,Italie,Web,11.8,1,483.28200000000004
CMD03665,2024-04-15,Jean Dupont,Sport,Chaussures de sport,4,1929.27,0.2,Italie,Magasin,1.57,1,6173.664000000001
CMD03666,2024-01-13,Sarah Moreau,Maison,Mixeur,5,205.05,0.15,Allemagne,App,5.91,1,871.4625
CMD03667,2024-07-12,Nina Müller,Beauté,Sérum,3,278.16,0.05,Allemagne,Magasin,11.41,1,792.756
CMD03668,2024-10-05,Lucie Martin,Sport,Ballon,4,742.95,0.0,Belgique,Magasin,10.55,5,2971.8
CMD03669,2024-09-19,Emma Rossi,Sport,Raquette,4,1876.98,0.05,Maroc,Web,4.77,2,7132.523999999999
CMD03670,2024-04-27,Sarah Moreau,Maison,Aspirateur,4,873.28,0.0,Italie,App,7.38,4,3493.12
CMD03671,2024-06-03,Ali Benali,Électronique,TV 4K,1,531.08,0.15,Italie,Web,6.45,5,451.418
CMD03672,2024-03-20,Emma Rossi,Sport,Chaussures de sport,3,1286.02,0.25,France,App,10.49,3,2893.545
CMD03673,2024-05-31,Sarah Moreau,Mode,Chaussures,1,374.17,0.0,Belgique,Web,2.72,2,374.17
CMD03674,2024-08-17,Paolo Bianchi,Jouets,Jeu de société,3,1450.42,0.0,Belgique,Web,7.41,3,4351.26
CMD03675,2024-12-28,Jean Dupont,Jouets,Voiture téléguidée,1,912.95,0.1,France,Web,4.81,1,821.6550000000001
CMD03676,2024-04-25,Carlos Gomez,Électronique,Tablette,1,1743.13,0.1,Espagne,Web,10.58,2,1568.8170000000002
CMD03677,2024-04-20,Jean Dupont,Électronique,Casque audio,5,1247.49,0.0,Italie,Magasin,3.56,5,6237.45
CMD03678,2024-04-30,Ali Benali,Beauté,Shampoing,2,1193.81,0.2,France,Web,0.07,3,1910.096
CMD03679,2024-11-25,Carlos Gomez,Électronique,TV 4K,4,1753.85,0.05,Suisse,Web,5.13,1,6664.629999999999
CMD03680,2024-04-03,Youssef El Amrani,Mode,Veste,3,1981.62,0.1,Espagne,App,8.05,4,5350.374
CMD03681,2024-10-07,Paolo Bianchi,Beauté,Parfum,1,628.29,0.3,Italie,Web,13.34,3,439.80299999999994
CMD03682,2024-05-18,Carlos Gomez,Électronique,Casque audio,3,201.26,0.1,Suisse,Magasin,10.73,5,543.402
CMD03683,2024-05-21,Ali Benali,Jouets,Peluche,3,1864.05,0.2,Belgique,App,11.57,3,4473.72
CMD03684,2024-02-29,Nina Müller,Maison,Aspirateur,4,1335.86,0.0,Allemagne,App,6.12,3,5343.44
CMD03685,2024-04-19,Emma Rossi,Électronique,Smartphone,4,1901.15,0.25,Allemagne,App,12.9,5,5703.450000000001
CMD03686,2024-07-08,Léa Durand,Maison,Aspirateur,2,411.79,0.05,Suisse,Web,5.38,3,782.401
CMD03687,2024-06-20,Lucie Martin,Sport,Chaussures de sport,2,1351.22,0.25,Italie,Magasin,5.0,4,2026.83
CMD03688,2024-08-19,Lucie Martin,Électronique,Tablette,4,1869.41,0.2,Italie,App,8.59,4,5982.112000000001
CMD03689,2024-11-26,Ali Benali,Mode,Veste,5,1779.28,0.2,Allemagne,App,8.36,2,7117.12
CMD03690,2024-03-25,Jean Dupont,Beauté,Sérum,4,1785.13,0.1,France,Web,3.3,4,6426.468000000001
CMD03691,2024-09-09,Jean Dupont,Électronique,Smartphone,5,1338.38,0.1,Italie,Magasin,11.51,1,6022.710000000001
CMD03692,2024-01-04,Nina Müller,Sport,Tapis de course,4,1738.98,0.25,Espagne,Magasin,13.51,2,5216.9400000000005
CMD03693,2024-04-22,Lucie Martin,Beauté,Sérum,1,1839.4,0.05,France,App,0.85,1,1747.43
CMD03694,2024-12-16,Paolo Bianchi,Jouets,Puzzle,2,572.74,0.3,Allemagne,App,10.23,4,801.836
CMD03695,2024-11-15,Jean Dupont,Électronique,Ordinateur portable,3,1824.1,0.0,Espagne,Magasin,3.6,5,5472.299999999999
CMD03696,2024-10-15,Sarah Moreau,Mode,Veste,5,1942.5,0.15,Espagne,Magasin,5.29,1,8255.625
CMD03697,2024-11-02,Sarah Moreau,Mode,Montre,5,976.66,0.0,Maroc,Web,4.71,5,4883.3
CMD03698,2024-10-02,Carlos Gomez,Maison,Machine à café,2,284.19,0.3,Italie,Web,13.47,2,397.866
CMD03699,2024-10-11,Jean Dupont,Maison,Machine à café,5,232.56,0.0,Suisse,Web,6.27,2,1162.8
CMD03700,2024-07-12,Youssef El Amrani,Jouets,Peluche,3,179.58,0.1,Espagne,Magasin,13.34,2,484.86600000000004
CMD03701,2024-12-15,Youssef El Amrani,Beauté,Rouge à lèvres,4,1615.5,0.3,Suisse,App,13.73,1,4523.4
CMD03702,2024-06-12,Youssef El Amrani,Jouets,Lego,5,1528.86,0.05,Italie,Magasin,14.7,4,7262.084999999999
CMD03703,2024-04-15,Lucie Martin,Beauté,Crème visage,1,397.66,0.2,Espagne,Web,7.01,2,318.12800000000004
CMD03704,2024-11-23,Ali Benali,Beauté,Sérum,1,869.55,0.3,Belgique,App,3.56,5,608.685
CMD03705,2024-07-12,Ali Benali,Sport,Ballon,1,1749.8,0.15,Espagne,Magasin,14.14,3,1487.33
CMD03706,2024-10-23,Ali Benali,Électronique,Smartphone,4,1670.12,0.2,Espagne,App,0.79,5,5344.384
CMD03707,2024-03-09,Sarah Moreau,Électronique,Ordinateur portable,4,1262.82,0.1,Italie,Web,0.26,5,4546.152
CMD03708,2024-01-13,Nina Müller,Maison,Aspirateur,5,870.01,0.0,Belgique,Magasin,0.2,2,4350.05
CMD03709,2024-07-24,Paolo Bianchi,Sport,Ballon,4,849.92,0.2,Italie,Web,10.98,5,2719.744
CMD03710,2024-08-24,Jean Dupont,Maison,Lampadaire,2,1285.34,0.3,France,Web,14.75,4,1799.4759999999997
CMD03711,2024-02-05,Léa Durand,Sport,Raquette,4,1183.79,0.15,Suisse,Web,10.4,1,4024.886
CMD03712,2024-10-20,Jean Dupont,Beauté,Parfum,4,1831.4,0.15,Espagne,Magasin,11.92,3,6226.76
CMD03713,2024-04-20,Jean Dupont,Mode,Veste,1,1755.55,0.25,Belgique,App,0.89,1,1316.6625
CMD03714,2024-02-08,Youssef El Amrani,Sport,Raquette,3,234.72,0.0,Allemagne,Web,2.66,4,704.16
CMD03715,2024-09-12,Emma Rossi,Sport,Raquette,5,742.32,0.3,Allemagne,App,2.47,1,2598.12
CMD03716,2024-12-29,Léa Durand,Sport,Chaussures de sport,3,1125.68,0.0,Maroc,Magasin,6.46,3,3377.04
CMD03717,2024-04-10,Youssef El Amrani,Mode,Montre,3,267.86,0.15,Belgique,App,9.34,2,683.043
CMD03718,2024-03-16,Ali Benali,Beauté,Rouge à lèvres,3,98.18,0.1,Maroc,App,12.28,5,265.086
CMD03719,2024-12-21,Léa Durand,Électronique,Smartphone,3,1105.17,0.2,Allemagne,App,3.22,2,2652.4080000000004
CMD03720,2024-11-05,Emma Rossi,Jouets,Jeu de société,2,1601.12,0.0,Suisse,Magasin,2.5,1,3202.24
CMD03721,2024-07-10,Sarah Moreau,Maison,Machine à café,4,697.49,0.1,Espagne,Web,5.52,4,2510.964
CMD03722,2024-03-17,Nina Müller,Jouets,Peluche,1,196.23,0.2,Italie,App,2.58,3,156.984
CMD03723,2024-03-04,Carlos Gomez,Beauté,Crème visage,2,735.23,0.0,Allemagne,App,11.77,5,1470.46
CMD03724,2024-09-12,Léa Durand,Beauté,Rouge à lèvres,4,1484.76,0.3,Suisse,App,10.35,3,4157.3279999999995
CMD03725,2024-12-14,Lucie Martin,Sport,Vélo,5,606.4,0.0,Allemagne,App,13.22,2,3032.0
CMD03726,2024-02-19,Emma Rossi,Jouets,Jeu de société,1,383.32,0.2,Maroc,App,1.45,1,306.656
CMD03727,2024-01-30,Sarah Moreau,Mode,Veste,2,206.04,0.3,Allemagne,Web,0.97,3,288.45599999999996
CMD03728,2024-10-05,Lucie Martin,Jouets,Jeu de société,3,352.66,0.15,Belgique,Web,10.84,3,899.283
CMD03729,2024-08-22,Nina Müller,Maison,Mixeur,2,1726.25,0.05,Espagne,App,4.6,1,3279.875
CMD03730,2024-04-04,Nina Müller,Électronique,Casque audio,5,1124.22,0.2,Maroc,App,4.52,1,4496.88
CMD03731,2024-10-16,Ali Benali,Beauté,Shampoing,5,949.15,0.2,Espagne,Magasin,11.82,4,3796.6000000000004
CMD03732,2024-09-02,Ali Benali,Sport,Chaussures de sport,2,1289.04,0.2,France,Web,2.59,5,2062.464
CMD03733,2024-06-19,Youssef El Amrani,Maison,Lampadaire,3,1373.24,0.1,France,Web,2.24,3,3707.7480000000005
CMD03734,2024-03-06,Lucie Martin,Beauté,Sérum,2,1441.76,0.05,Suisse,App,2.06,5,2739.344
CMD03735,2024-05-29,Ali Benali,Maison,Lampadaire,1,1108.43,0.2,Italie,Web,12.31,5,886.7440000000001
CMD03736,2024-09-12,Ali Benali,Jouets,Peluche,3,271.87,0.0,Maroc,App,8.3,1,815.61
CMD03737,2024-07-17,Carlos Gomez,Électronique,Ordinateur portable,5,1808.43,0.05,Maroc,Web,0.89,4,8590.0425
CMD03738,2024-08-30,Emma Rossi,Mode,Jean,3,1263.52,0.0,Suisse,App,9.54,4,3790.56
CMD03739,2024-01-10,Youssef El Amrani,Beauté,Rouge à lèvres,3,1741.95,0.2,Maroc,App,1.28,2,4180.68
CMD03740,2024-11-22,Paolo Bianchi,Beauté,Parfum,2,1457.43,0.25,Belgique,Web,11.09,2,2186.145
CMD03741,2024-05-03,Paolo Bianchi,Jouets,Jeu de société,2,1719.56,0.2,Allemagne,Magasin,1.64,4,2751.2960000000003
CMD03742,2024-11-27,Youssef El Amrani,Jouets,Lego,4,1595.23,0.15,Allemagne,Magasin,9.75,5,5423.782
CMD03743,2024-12-30,Paolo Bianchi,Maison,Machine à café,3,328.93,0.25,Maroc,Web,5.08,4,740.0925
CMD03744,2024-08-13,Paolo Bianchi,Électronique,Ordinateur portable,5,407.81,0.1,Italie,Magasin,13.31,4,1835.145
CMD03745,2024-12-20,Nina Müller,Beauté,Parfum,4,634.4,0.0,Suisse,Web,11.69,4,2537.6
CMD03746,2024-03-04,Léa Durand,Électronique,Tablette,1,1491.17,0.0,Espagne,Web,5.83,3,1491.17
CMD03747,2024-09-21,Carlos Gomez,Jouets,Lego,2,774.54,0.25,Espagne,App,11.26,1,1161.81
CMD03748,2024-06-19,Léa Durand,Maison,Mixeur,3,247.77,0.2,Italie,Web,11.27,1,594.648
CMD03749,2024-03-23,Paolo Bianchi,Jouets,Jeu de société,4,1349.23,0.0,Espagne,App,4.01,2,5396.92
CMD03750,2024-07-13,Youssef El Amrani,Sport,Vélo,5,681.64,0.05,Maroc,App,0.95,4,3237.7899999999995
CMD03751,2024-09-09,Sarah Moreau,Beauté,Shampoing,5,1012.76,0.25,Allemagne,App,5.05,1,3797.8500000000004
CMD03752,2024-06-13,Emma Rossi,Maison,Aspirateur,5,995.95,0.0,Maroc,App,1.58,1,4979.75
CMD03753,2024-04-09,Carlos Gomez,Mode,Montre,3,646.81,0.05,Suisse,Web,2.3,1,1843.4084999999998
CMD03754,2024-08-26,Nina Müller,Mode,Chaussures,2,1275.64,0.15,Espagne,Magasin,7.1,3,2168.588
CMD03755,2024-05-14,Paolo Bianchi,Mode,Montre,4,1663.6,0.05,Espagne,App,11.0,3,6321.679999999999
CMD03756,2024-05-01,Paolo Bianchi,Maison,Mixeur,4,1038.83,0.25,Maroc,Web,14.42,2,3116.49
CMD03757,2024-06-27,Youssef El Amrani,Sport,Vélo,5,30.75,0.25,Belgique,App,7.87,5,115.3125
CMD03758,2024-05-28,Paolo Bianchi,Jouets,Peluche,5,1003.57,0.25,Suisse,Magasin,2.48,5,3763.3875000000003
CMD03759,2024-08-10,Paolo Bianchi,Électronique,Ordinateur portable,4,1395.39,0.15,Belgique,Web,0.61,1,4744.326
CMD03760,2024-01-03,Paolo Bianchi,Sport,Tapis de course,4,1378.48,0.05,Allemagne,Magasin,0.14,4,5238.224
CMD03761,2024-06-19,Nina Müller,Électronique,Casque audio,1,1182.99,0.1,France,Magasin,8.46,3,1064.691
CMD03762,2024-12-12,Sarah Moreau,Mode,Chaussures,4,173.91,0.3,Suisse,Magasin,7.34,4,486.948
CMD03763,2024-02-02,Paolo Bianchi,Mode,Veste,4,1611.01,0.15,Belgique,App,13.0,1,5477.434
CMD03764,2024-09-29,Paolo Bianchi,Jouets,Lego,5,1663.7,0.25,Maroc,App,3.16,1,6238.875
CMD03765,2024-10-11,Lucie Martin,Électronique,Smartphone,2,179.48,0.15,Espagne,Magasin,3.3,3,305.116
CMD03766,2024-08-29,Jean Dupont,Électronique,Tablette,5,754.47,0.15,Allemagne,Web,10.9,5,3206.4975000000004
CMD03767,2024-04-23,Youssef El Amrani,Sport,Vélo,4,1503.48,0.3,Belgique,App,8.09,5,4209.744
CMD03768,2024-04-07,Ali Benali,Beauté,Crème visage,1,1217.43,0.15,Italie,Magasin,12.64,1,1034.8155
CMD03769,2024-01-23,Youssef El Amrani,Électronique,Smartphone,4,1831.92,0.15,Italie,App,2.15,3,6228.528
CMD03770,2024-07-14,Emma Rossi,Électronique,Casque audio,5,640.44,0.15,Suisse,Web,6.75,4,2721.8700000000003
CMD03771,2024-01-23,Emma Rossi,Jouets,Jeu de société,5,1595.53,0.25,Suisse,App,1.19,3,5983.237499999999
CMD03772,2024-01-20,Carlos Gomez,Beauté,Crème visage,3,1898.73,0.05,France,Magasin,7.49,4,5411.3805
CMD03773,2024-05-02,Ali Benali,Beauté,Rouge à lèvres,4,767.12,0.2,Italie,App,2.03,5,2454.784
CMD03774,2024-03-13,Nina Müller,Beauté,Crème visage,5,1141.03,0.15,Allemagne,Magasin,4.28,2,4849.3775
CMD03775,2024-07-26,Sarah Moreau,Mode,Veste,1,1039.76,0.1,Suisse,App,9.01,1,935.784
CMD03776,2024-08-11,Ali Benali,Sport,Raquette,4,1811.65,0.3,Espagne,Magasin,14.6,3,5072.62
CMD03777,2024-02-14,Paolo Bianchi,Maison,Mixeur,3,1219.37,0.0,Belgique,Magasin,7.02,3,3658.1099999999997
CMD03778,2024-10-11,Carlos Gomez,Beauté,Crème visage,3,1321.53,0.15,Suisse,App,8.06,2,3369.9015
CMD03779,2024-02-22,Emma Rossi,Mode,Montre,2,606.95,0.2,France,App,11.61,4,971.1200000000001
CMD03780,2024-03-09,Ali Benali,Électronique,Ordinateur portable,5,304.34,0.2,Maroc,App,3.94,2,1217.36
CMD03781,2024-04-09,Youssef El Amrani,Maison,Ventilateur,2,804.67,0.15,Suisse,Magasin,1.95,3,1367.9389999999999
CMD03782,2024-07-09,Paolo Bianchi,Maison,Machine à café,5,816.89,0.0,Espagne,Magasin,3.22,1,4084.45
CMD03783,2024-10-27,Carlos Gomez,Sport,Chaussures de sport,4,1083.61,0.2,Italie,Web,10.07,4,3467.5519999999997
CMD03784,2024-07-30,Nina Müller,Maison,Lampadaire,5,929.34,0.25,Maroc,Web,7.33,4,3485.0249999999996
CMD03785,2024-04-03,Léa Durand,Électronique,TV 4K,3,1998.71,0.2,Italie,Web,5.93,4,4796.904
CMD03786,2024-10-15,Emma Rossi,Beauté,Crème visage,1,1697.4,0.25,Allemagne,App,6.91,4,1273.0500000000002
CMD03787,2024-10-15,Youssef El Amrani,Jouets,Lego,1,1628.96,0.1,France,Web,3.43,2,1466.064
CMD03788,2024-12-16,Lucie Martin,Jouets,Peluche,3,1348.3,0.0,France,Web,14.7,1,4044.8999999999996
CMD03789,2024-07-26,Jean Dupont,Mode,Veste,3,1868.28,0.3,Italie,App,12.66,3,3923.388
CMD03790,2024-12-19,Nina Müller,Beauté,Sérum,3,592.88,0.25,Espagne,Web,4.73,1,1333.98
CMD03791,2024-02-08,Paolo Bianchi,Maison,Machine à café,4,1417.62,0.15,Espagne,Magasin,10.17,5,4819.907999999999
CMD03792,2024-07-11,Jean Dupont,Sport,Chaussures de sport,3,1705.62,0.1,Maroc,Web,1.33,3,4605.174
CMD03793,2024-03-28,Nina Müller,Sport,Raquette,1,1117.77,0.25,Maroc,App,8.85,3,838.3275
CMD03794,2024-07-30,Sarah Moreau,Mode,Montre,4,1562.6,0.1,Italie,App,1.75,5,5625.36
CMD03795,2024-04-13,Lucie Martin,Électronique,Smartphone,1,1631.01,0.3,Belgique,Magasin,11.24,5,1141.7069999999999
CMD03796,2024-05-05,Nina Müller,Beauté,Shampoing,2,1019.02,0.0,Allemagne,App,13.0,4,2038.04
CMD03797,2024-09-15,Léa Durand,Sport,Tapis de course,5,71.65,0.15,Italie,Web,10.53,1,304.5125
CMD03798,2024-06-19,Nina Müller,Électronique,Ordinateur portable,1,1264.56,0.2,France,Magasin,4.72,5,1011.648
CMD03799,2024-09-04,Youssef El Amrani,Électronique,Tablette,2,597.99,0.15,Italie,App,12.44,3,1016.583
CMD03800,2024-08-07,Nina Müller,Jouets,Jeu de société,4,767.97,0.15,Suisse,Magasin,11.22,5,2611.098
CMD03801,2024-10-13,Youssef El Amrani,Électronique,TV 4K,3,480.6,0.2,France,App,11.9,3,1153.4400000000003
CMD03802,2024-07-07,Emma Rossi,Mode,Jean,4,188.32,0.2,Suisse,Magasin,0.17,3,602.624
CMD03803,2024-08-26,Jean Dupont,Jouets,Voiture téléguidée,5,669.28,0.05,Belgique,App,1.54,4,3179.0799999999995
CMD03804,2024-04-24,Sarah Moreau,Maison,Lampadaire,5,915.28,0.3,Italie,Magasin,2.57,1,3203.4799999999996
CMD03805,2024-09-12,Jean Dupont,Électronique,Ordinateur portable,3,423.38,0.3,Espagne,Magasin,4.15,5,889.0979999999998
CMD03806,2024-12-07,Youssef El Amrani,Jouets,Voiture téléguidée,5,1468.61,0.15,Maroc,Magasin,13.69,2,6241.592499999999
CMD03807,2024-09-05,Lucie Martin,Mode,Chaussures,2,1220.12,0.2,Italie,Magasin,0.67,3,1952.192
CMD03808,2024-05-02,Ali Benali,Maison,Machine à café,4,1468.04,0.0,Maroc,App,11.95,2,5872.16
CMD03809,2024-04-18,Léa Durand,Jouets,Puzzle,1,653.41,0.25,Espagne,Magasin,10.71,2,490.0575
CMD03810,2024-10-22,Emma Rossi,Beauté,Parfum,3,1497.66,0.2,Allemagne,Web,12.41,2,3594.3840000000005
CMD03811,2024-06-26,Nina Müller,Sport,Raquette,2,1608.81,0.1,Suisse,Magasin,5.72,4,2895.858
CMD03812,2024-04-04,Lucie Martin,Mode,Chaussures,5,742.38,0.05,Espagne,App,2.13,1,3526.305
CMD03813,2024-03-02,Lucie Martin,Maison,Lampadaire,5,1913.45,0.2,Belgique,App,2.66,5,7653.8
CMD03814,2024-06-15,Sarah Moreau,Sport,Raquette,3,1679.95,0.2,Suisse,Magasin,6.07,3,4031.8800000000006
CMD03815,2024-01-11,Emma Rossi,Beauté,Shampoing,3,1887.33,0.15,Italie,Magasin,0.54,1,4812.6915
CMD03816,2024-01-19,Nina Müller,Jouets,Peluche,1,1084.81,0.05,Italie,Magasin,14.97,3,1030.5694999999998
CMD03817,2024-05-13,Sarah Moreau,Maison,Ventilateur,5,1779.56,0.15,France,Web,9.91,1,7563.129999999999
CMD03818,2024-06-21,Youssef El Amrani,Jouets,Jeu de société,3,1932.36,0.25,Italie,Web,6.6,5,4347.8099999999995
CMD03819,2024-08-14,Lucie Martin,Sport,Vélo,5,759.27,0.1,Allemagne,Magasin,9.27,5,3416.715
CMD03820,2024-05-30,Léa Durand,Électronique,Casque audio,3,1981.44,0.15,Belgique,Web,2.13,1,5052.672
CMD03821,2024-05-06,Youssef El Amrani,Jouets,Peluche,3,1415.89,0.15,Italie,App,3.84,1,3610.5195
CMD03822,2024-01-17,Léa Durand,Maison,Lampadaire,5,14.0,0.3,Allemagne,Magasin,3.89,2,49.0
CMD03823,2024-06-11,Lucie Martin,Mode,Sac à main,1,898.24,0.25,Espagne,Web,4.92,5,673.6800000000001
CMD03824,2024-04-06,Carlos Gomez,Beauté,Shampoing,3,693.03,0.0,Belgique,App,13.37,3,2079.09
CMD03825,2024-03-04,Youssef El Amrani,Beauté,Crème visage,3,1402.39,0.1,Maroc,Magasin,5.45,5,3786.453
CMD03826,2024-06-29,Jean Dupont,Jouets,Lego,1,1429.43,0.2,Espagne,App,2.23,2,1143.544
CMD03827,2024-10-01,Léa Durand,Jouets,Jeu de société,5,1852.86,0.25,France,Web,11.7,5,6948.224999999999
CMD03828,2024-11-13,Sarah Moreau,Sport,Chaussures de sport,3,1668.69,0.25,France,Magasin,0.46,3,3754.5525
CMD03829,2024-02-21,Youssef El Amrani,Jouets,Voiture téléguidée,1,1696.59,0.15,Maroc,Magasin,9.34,2,1442.1015
CMD03830,2024-05-16,Nina Müller,Électronique,Tablette,1,1005.12,0.15,Suisse,App,14.3,5,854.352
CMD03831,2024-08-07,Ali Benali,Jouets,Peluche,2,1011.77,0.3,Suisse,Web,13.9,1,1416.4779999999998
CMD03832,2024-08-21,Jean Dupont,Maison,Machine à café,5,1128.07,0.3,Allemagne,Magasin,0.06,5,3948.2449999999994
CMD03833,2024-06-28,Lucie Martin,Beauté,Crème visage,3,1517.11,0.15,Maroc,App,8.3,3,3868.6304999999998
CMD03834,2024-06-27,Ali Benali,Mode,Sac à main,4,1545.92,0.25,Allemagne,Web,7.84,5,4637.76
CMD03835,2024-04-23,Ali Benali,Mode,Montre,1,1322.74,0.2,Allemagne,Magasin,3.63,1,1058.192
CMD03836,2024-12-02,Emma Rossi,Sport,Ballon,3,1769.5,0.2,Allemagne,Web,2.78,5,4246.8
CMD03837,2024-10-30,Paolo Bianchi,Jouets,Peluche,1,1688.84,0.3,Maroc,Web,11.92,5,1182.1879999999999
CMD03838,2024-03-12,Youssef El Amrani,Électronique,Ordinateur portable,4,1834.37,0.2,Espagne,Web,11.19,3,5869.984
CMD03839,2024-11-08,Paolo Bianchi,Mode,Sac à main,5,1611.05,0.3,Italie,App,12.34,5,5638.674999999999
CMD03840,2024-05-07,Ali Benali,Beauté,Crème visage,1,67.41,0.1,Espagne,App,13.29,3,60.669
CMD03841,2024-08-06,Emma Rossi,Électronique,Casque audio,1,478.24,0.05,France,Magasin,6.5,2,454.328
CMD03842,2024-09-05,Emma Rossi,Électronique,Tablette,1,1090.4,0.25,Allemagne,App,1.72,2,817.8000000000001
CMD03843,2024-07-18,Ali Benali,Sport,Raquette,2,1781.3,0.05,France,Web,3.83,2,3384.47
CMD03844,2024-05-11,Léa Durand,Beauté,Parfum,3,1663.21,0.25,Belgique,Magasin,1.21,2,3742.2225
CMD03845,2024-01-21,Jean Dupont,Sport,Vélo,3,520.12,0.25,Suisse,Web,3.2,2,1170.27
CMD03846,2024-04-09,Nina Müller,Mode,Sac à main,5,511.96,0.15,France,Magasin,13.23,1,2175.83
CMD03847,2024-08-27,Emma Rossi,Jouets,Puzzle,3,330.63,0.2,Italie,Web,3.36,2,793.5120000000001
CMD03848,2024-01-09,Emma Rossi,Beauté,Shampoing,1,564.34,0.15,Belgique,Magasin,13.48,5,479.689
CMD03849,2024-03-08,Ali Benali,Électronique,Smartphone,1,1659.36,0.3,Maroc,App,1.0,1,1161.552
CMD03850,2024-05-19,Ali Benali,Mode,Jean,4,1075.44,0.1,Suisse,Magasin,10.85,5,3871.5840000000003
CMD03851,2024-10-22,Paolo Bianchi,Sport,Vélo,1,524.76,0.2,Belgique,Web,5.96,2,419.808
CMD03852,2024-08-20,Lucie Martin,Électronique,Ordinateur portable,3,1908.27,0.2,Italie,Magasin,2.82,3,4579.848
CMD03853,2024-03-25,Sarah Moreau,Mode,Chaussures,1,1740.54,0.1,Suisse,Magasin,8.4,5,1566.486
CMD03854,2024-05-22,Lucie Martin,Beauté,Sérum,4,1374.5,0.1,Allemagne,Web,10.13,2,4948.2
CMD03855,2024-08-15,Paolo Bianchi,Jouets,Peluche,4,775.91,0.1,Belgique,Magasin,0.5,3,2793.276
CMD03856,2024-07-08,Emma Rossi,Sport,Ballon,2,1896.22,0.2,Suisse,App,4.12,4,3033.952
CMD03857,2024-01-17,Léa Durand,Sport,Vélo,2,307.86,0.05,France,App,3.53,3,584.934
CMD03858,2024-03-10,Carlos Gomez,Électronique,Casque audio,3,1108.04,0.3,Espagne,Magasin,5.2,1,2326.8839999999996
CMD03859,2024-01-16,Carlos Gomez,Mode,Montre,4,983.1,0.2,France,Magasin,13.64,3,3145.92
CMD03860,2024-09-30,Ali Benali,Sport,Vélo,2,602.08,0.05,Maroc,Web,3.3,5,1143.952
CMD03861,2024-12-07,Ali Benali,Sport,Chaussures de sport,2,1546.58,0.25,France,Magasin,5.25,1,2319.87
CMD03862,2024-08-21,Sarah Moreau,Maison,Lampadaire,2,826.57,0.05,Maroc,Magasin,6.95,1,1570.483
CMD03863,2024-02-04,Nina Müller,Beauté,Rouge à lèvres,1,608.25,0.15,Suisse,Magasin,10.05,2,517.0124999999999
CMD03864,2024-05-04,Ali Benali,Électronique,Tablette,4,236.39,0.3,Italie,Magasin,10.08,3,661.8919999999999
CMD03865,2024-06-11,Carlos Gomez,Mode,Veste,2,1844.51,0.2,Maroc,Web,1.67,2,2951.2160000000003
CMD03866,2024-06-15,Emma Rossi,Électronique,Tablette,1,1643.09,0.15,Italie,Web,12.24,5,1396.6264999999999
CMD03867,2024-08-30,Léa Durand,Électronique,Tablette,2,1313.35,0.0,Belgique,App,15.0,5,2626.7
CMD03868,2024-08-30,Paolo Bianchi,Beauté,Parfum,2,1136.12,0.05,Belgique,Web,12.19,3,2158.6279999999997
CMD03869,2024-09-19,Paolo Bianchi,Maison,Aspirateur,2,145.32,0.1,Espagne,Web,11.14,5,261.576
CMD03870,2024-10-23,Carlos Gomez,Maison,Ventilateur,3,1481.57,0.3,Suisse,App,2.08,3,3111.297
CMD03871,2024-11-01,Nina Müller,Électronique,Ordinateur portable,5,828.76,0.2,Espagne,App,7.49,4,3315.0400000000004
CMD03872,2024-05-26,Carlos Gomez,Maison,Ventilateur,3,1544.8,0.3,Suisse,Magasin,10.81,2,3244.0799999999995
CMD03873,2024-11-05,Carlos Gomez,Maison,Aspirateur,4,1818.47,0.1,Allemagne,App,10.19,1,6546.492
CMD03874,2024-10-18,Ali Benali,Sport,Raquette,1,1884.87,0.15,Allemagne,Magasin,13.86,1,1602.1394999999998
CMD03875,2024-11-21,Jean Dupont,Sport,Ballon,4,1292.31,0.25,Suisse,App,7.51,2,3876.93
CMD03876,2024-10-15,Jean Dupont,Beauté,Rouge à lèvres,5,1174.14,0.15,Suisse,App,3.88,4,4990.095
CMD03877,2024-04-13,Ali Benali,Électronique,Tablette,2,783.78,0.3,France,App,5.15,3,1097.292
CMD03878,2024-10-27,Sarah Moreau,Sport,Tapis de course,5,390.78,0.25,Allemagne,Magasin,3.42,5,1465.425
CMD03879,2024-12-25,Nina Müller,Sport,Vélo,3,1838.32,0.15,Allemagne,Magasin,7.22,3,4687.716
CMD03880,2024-04-01,Carlos Gomez,Beauté,Sérum,4,1373.47,0.1,Belgique,Magasin,4.06,3,4944.492
CMD03881,2024-05-03,Lucie Martin,Sport,Tapis de course,4,1050.68,0.3,Espagne,Magasin,4.82,5,2941.904
CMD03882,2024-09-19,Nina Müller,Mode,Jean,4,1307.7,0.2,France,App,3.33,5,4184.64
CMD03883,2024-06-24,Nina Müller,Sport,Chaussures de sport,1,179.21,0.3,Belgique,Magasin,13.47,2,125.447
CMD03884,2024-09-17,Sarah Moreau,Mode,Chaussures,5,1391.37,0.25,Suisse,Magasin,3.41,4,5217.6375
CMD03885,2024-06-21,Lucie Martin,Sport,Tapis de course,4,1696.21,0.25,Belgique,App,5.8,2,5088.63
CMD03886,2024-04-18,Carlos Gomez,Maison,Machine à café,1,1718.7,0.05,Italie,App,6.67,4,1632.7649999999999
CMD03887,2024-01-23,Emma Rossi,Mode,Jean,5,279.37,0.1,Allemagne,App,11.33,1,1257.165
CMD03888,2024-05-18,Youssef El Amrani,Beauté,Crème visage,5,1971.47,0.05,Italie,Magasin,9.12,5,9364.4825
CMD03889,2024-02-11,Paolo Bianchi,Maison,Ventilateur,2,335.47,0.2,Espagne,Web,13.74,4,536.7520000000001
CMD03890,2024-11-19,Youssef El Amrani,Jouets,Lego,4,39.9,0.15,Suisse,Magasin,9.28,3,135.66
CMD03891,2024-01-04,Jean Dupont,Maison,Lampadaire,2,1890.43,0.1,Espagne,App,11.24,5,3402.7740000000003
CMD03892,2024-10-11,Emma Rossi,Maison,Aspirateur,5,1135.96,0.15,Suisse,Magasin,3.37,2,4827.83
CMD03893,2024-06-21,Lucie Martin,Jouets,Puzzle,5,1924.91,0.15,Belgique,App,7.66,5,8180.8675
CMD03894,2024-03-03,Ali Benali,Beauté,Rouge à lèvres,5,823.53,0.25,Suisse,Web,0.11,5,3088.2374999999997
CMD03895,2024-02-21,Jean Dupont,Électronique,Smartphone,5,1940.77,0.05,Italie,Web,14.71,5,9218.6575
CMD03896,2024-09-27,Nina Müller,Électronique,Smartphone,1,1350.57,0.0,Belgique,Magasin,3.8,3,1350.57
CMD03897,2024-10-16,Jean Dupont,Sport,Vélo,5,901.4,0.25,Espagne,Magasin,14.54,3,3380.25
CMD03898,2024-05-15,Nina Müller,Maison,Mixeur,4,826.96,0.1,France,Web,5.46,2,2977.056
CMD03899,2024-11-27,Emma Rossi,Beauté,Sérum,3,1819.43,0.1,Italie,Web,9.67,2,4912.461
CMD03900,2024-04-23,Paolo Bianchi,Beauté,Sérum,1,207.53,0.3,France,Web,9.83,3,145.271
CMD03901,2024-06-22,Paolo Bianchi,Sport,Raquette,2,1840.03,0.15,Italie,App,1.59,2,3128.051
CMD03902,2024-10-31,Youssef El Amrani,Beauté,Crème visage,4,478.63,0.0,Belgique,Web,0.55,3,1914.52
CMD03903,2024-10-26,Paolo Bianchi,Jouets,Puzzle,2,408.73,0.2,Italie,Magasin,4.29,4,653.9680000000001
CMD03904,2024-04-21,Sarah Moreau,Beauté,Parfum,3,225.22,0.15,Espagne,Magasin,13.86,4,574.3109999999999
CMD03905,2024-05-20,Paolo Bianchi,Jouets,Peluche,1,690.31,0.1,Espagne,Magasin,5.22,2,621.279
CMD03906,2024-12-25,Carlos Gomez,Maison,Ventilateur,4,363.62,0.15,France,Magasin,7.51,5,1236.308
CMD03907,2024-09-01,Paolo Bianchi,Mode,Veste,3,766.41,0.05,France,Magasin,4.76,2,2184.2685
CMD03908,2024-12-04,Carlos Gomez,Électronique,Smartphone,2,368.3,0.25,Allemagne,Web,0.68,4,552.45
CMD03909,2024-03-08,Nina Müller,Sport,Raquette,2,1359.8,0.05,Maroc,App,12.43,5,2583.62
CMD03910,2024-05-07,Jean Dupont,Mode,Jean,2,781.61,0.25,Maroc,Magasin,4.44,3,1172.415
CMD03911,2024-06-03,Jean Dupont,Jouets,Jeu de société,5,830.84,0.15,France,Web,4.57,3,3531.0699999999997
CMD03912,2024-03-21,Nina Müller,Beauté,Crème visage,5,111.43,0.0,Maroc,App,5.75,2,557.1500000000001
CMD03913,2024-07-01,Jean Dupont,Sport,Tapis de course,4,1288.96,0.3,Allemagne,Magasin,8.39,2,3609.0879999999997
CMD03914,2024-06-12,Paolo Bianchi,Beauté,Rouge à lèvres,1,991.04,0.3,France,App,13.35,3,693.728
CMD03915,2024-12-08,Jean Dupont,Beauté,Shampoing,5,1050.34,0.25,Maroc,Magasin,10.48,1,3938.7749999999996
CMD03916,2024-07-21,Lucie Martin,Mode,Jean,3,1673.31,0.3,Belgique,Magasin,4.45,5,3513.951
CMD03917,2024-12-02,Sarah Moreau,Maison,Mixeur,5,474.18,0.3,France,Web,1.06,3,1659.6299999999999
CMD03918,2024-05-11,Lucie Martin,Sport,Chaussures de sport,1,253.51,0.3,Maroc,Web,1.94,1,177.457
CMD03919,2024-06-22,Nina Müller,Beauté,Parfum,4,773.2,0.0,France,App,14.25,1,3092.8
CMD03920,2024-06-24,Youssef El Amrani,Maison,Machine à café,4,1804.96,0.25,Suisse,App,3.91,5,5414.88
CMD03921,2024-06-19,Lucie Martin,Jouets,Voiture téléguidée,5,1049.26,0.15,Suisse,Magasin,6.67,3,4459.3550000000005
CMD03922,2024-07-18,Sarah Moreau,Jouets,Peluche,2,775.32,0.25,Italie,App,14.98,5,1162.98
CMD03923,2024-05-26,Paolo Bianchi,Sport,Raquette,3,1626.61,0.3,France,Web,10.31,1,3415.881
CMD03924,2024-10-19,Nina Müller,Jouets,Jeu de société,5,1127.71,0.25,Espagne,Web,8.12,5,4228.9125
CMD03925,2024-10-17,Nina Müller,Électronique,Tablette,2,362.66,0.1,Belgique,Web,14.38,2,652.788
CMD03926,2024-10-12,Léa Durand,Sport,Chaussures de sport,4,680.6,0.15,Espagne,App,12.83,4,2314.04
CMD03927,2024-05-22,Emma Rossi,Mode,Sac à main,3,1906.83,0.3,Belgique,Magasin,0.81,4,4004.3429999999994
CMD03928,2024-01-27,Lucie Martin,Jouets,Jeu de société,3,80.48,0.2,Maroc,Web,6.74,2,193.15200000000002
CMD03929,2024-01-18,Sarah Moreau,Maison,Ventilateur,3,267.81,0.0,Italie,App,4.98,1,803.4300000000001
CMD03930,2024-08-23,Lucie Martin,Électronique,Smartphone,5,420.27,0.05,Italie,Web,5.46,1,1996.2824999999998
CMD03931,2024-12-19,Carlos Gomez,Électronique,Smartphone,4,337.48,0.1,Italie,Web,2.95,4,1214.928
CMD03932,2024-09-14,Sarah Moreau,Beauté,Sérum,4,1469.11,0.05,Allemagne,App,10.71,4,5582.6179999999995
CMD03933,2024-12-22,Ali Benali,Beauté,Parfum,4,1131.68,0.15,Espagne,Web,14.63,4,3847.712
CMD03934,2024-03-31,Carlos Gomez,Sport,Chaussures de sport,3,1588.3,0.0,Allemagne,Web,0.26,2,4764.9
CMD03935,2024-11-04,Youssef El Amrani,Électronique,TV 4K,1,1902.58,0.15,Italie,Magasin,12.86,4,1617.193
CMD03936,2024-11-11,Léa Durand,Sport,Vélo,5,659.46,0.2,Espagne,App,12.01,1,2637.84
CMD03937,2024-01-13,Youssef El Amrani,Jouets,Peluche,2,1435.11,0.05,Suisse,Web,5.36,1,2726.709
CMD03938,2024-03-11,Jean Dupont,Électronique,Casque audio,1,310.25,0.25,France,Magasin,10.26,1,232.6875
CMD03939,2024-01-19,Nina Müller,Mode,Jean,4,97.44,0.0,Espagne,App,0.48,2,389.76
CMD03940,2024-08-01,Paolo Bianchi,Mode,Chaussures,4,475.84,0.1,Maroc,Magasin,7.42,4,1713.024
CMD03941,2024-10-13,Ali Benali,Jouets,Jeu de société,3,476.4,0.25,Belgique,Magasin,6.29,5,1071.8999999999999
CMD03942,2024-01-06,Sarah Moreau,Jouets,Voiture téléguidée,5,838.9,0.05,Belgique,App,6.12,3,3984.7749999999996
CMD03943,2024-06-20,Lucie Martin,Mode,Sac à main,3,1202.4,0.15,Belgique,Magasin,5.15,4,3066.1200000000003
CMD03944,2024-05-22,Paolo Bianchi,Beauté,Shampoing,3,1583.2,0.3,Espagne,Web,11.13,2,3324.7200000000003
CMD03945,2024-03-15,Sarah Moreau,Jouets,Jeu de société,3,1903.3,0.2,Espagne,Web,1.25,1,4567.92
CMD03946,2024-11-22,Youssef El Amrani,Mode,Veste,3,665.26,0.0,Italie,Web,10.4,1,1995.78
CMD03947,2024-06-19,Lucie Martin,Jouets,Lego,1,728.39,0.3,Belgique,Magasin,4.69,2,509.87299999999993
CMD03948,2024-09-07,Emma Rossi,Mode,Montre,1,1194.96,0.2,Italie,Magasin,6.58,1,955.9680000000001
CMD03949,2024-06-18,Lucie Martin,Maison,Aspirateur,1,681.72,0.05,France,Magasin,8.71,5,647.634
CMD03950,2024-08-31,Youssef El Amrani,Sport,Vélo,4,362.52,0.05,Maroc,Magasin,12.76,2,1377.5759999999998
CMD03951,2024-11-09,Sarah Moreau,Mode,Veste,3,62.33,0.05,Italie,App,9.57,5,177.6405
CMD03952,2024-07-18,Ali Benali,Sport,Ballon,5,1096.53,0.2,Espagne,Web,7.42,1,4386.12
CMD03953,2024-12-24,Emma Rossi,Électronique,Smartphone,1,1720.46,0.15,Allemagne,App,13.53,1,1462.391
CMD03954,2024-08-09,Sarah Moreau,Mode,Sac à main,5,766.02,0.05,Suisse,Web,8.64,1,3638.595
CMD03955,2024-01-15,Jean Dupont,Maison,Machine à café,3,1292.61,0.25,Belgique,App,14.28,5,2908.3725
CMD03956,2024-12-12,Jean Dupont,Mode,Chaussures,2,1073.1,0.1,Espagne,Web,10.16,5,1931.58
CMD03957,2024-07-19,Jean Dupont,Beauté,Rouge à lèvres,5,191.57,0.2,Maroc,Magasin,2.73,1,766.28
CMD03958,2024-09-21,Sarah Moreau,Beauté,Crème visage,4,1822.99,0.2,Allemagne,App,1.32,5,5833.568
CMD03959,2024-10-26,Jean Dupont,Sport,Ballon,2,246.49,0.15,Italie,Magasin,4.08,1,419.033
CMD03960,2024-07-05,Lucie Martin,Électronique,Smartphone,5,1628.44,0.1,Maroc,Web,0.59,4,7327.9800000000005
CMD03961,2024-06-26,Léa Durand,Sport,Ballon,4,933.25,0.1,Belgique,Web,10.61,4,3359.7000000000003
CMD03962,2024-11-16,Lucie Martin,Mode,Montre,2,429.67,0.2,Italie,App,4.3,4,687.4720000000001
CMD03963,2024-07-27,Youssef El Amrani,Électronique,Tablette,4,1900.7,0.05,Maroc,Magasin,7.61,2,7222.66
CMD03964,2024-05-14,Ali Benali,Maison,Ventilateur,3,1724.37,0.3,Suisse,Magasin,11.82,1,3621.1769999999997
CMD03965,2024-05-06,Paolo Bianchi,Maison,Aspirateur,2,1639.87,0.0,Suisse,Web,8.93,4,3279.74
CMD03966,2024-02-27,Nina Müller,Sport,Tapis de course,1,707.13,0.1,Italie,Web,8.51,5,636.417
CMD03967,2024-03-12,Youssef El Amrani,Maison,Mixeur,5,493.23,0.0,Italie,Web,11.66,1,2466.15
CMD03968,2024-01-29,Nina Müller,Beauté,Shampoing,3,1056.38,0.05,Italie,Web,5.13,5,3010.683
CMD03969,2024-04-16,Léa Durand,Électronique,Casque audio,3,196.79,0.1,Maroc,Magasin,8.02,2,531.333
CMD03970,2024-03-22,Ali Benali,Beauté,Rouge à lèvres,5,1875.35,0.2,Italie,Magasin,10.22,4,7501.400000000001
CMD03971,2024-08-20,Carlos Gomez,Électronique,Smartphone,3,1754.05,0.2,France,Web,11.59,2,4209.72
CMD03972,2024-12-09,Paolo Bianchi,Maison,Machine à café,1,892.08,0.05,Maroc,App,6.99,3,847.476
CMD03973,2024-01-10,Lucie Martin,Jouets,Voiture téléguidée,1,180.72,0.3,Suisse,App,8.98,3,126.50399999999999
CMD03974,2024-09-09,Youssef El Amrani,Beauté,Sérum,1,892.36,0.3,France,Web,2.56,5,624.6519999999999
CMD03975,2024-02-05,Youssef El Amrani,Beauté,Crème visage,4,1166.41,0.25,Italie,Web,9.7,4,3499.2300000000005
CMD03976,2024-09-21,Ali Benali,Mode,Chaussures,4,1048.35,0.1,Allemagne,Web,7.4,2,3774.06
CMD03977,2024-03-27,Lucie Martin,Sport,Ballon,2,885.67,0.25,Belgique,Magasin,5.26,4,1328.5049999999999
CMD03978,2024-02-09,Léa Durand,Mode,Veste,1,1956.35,0.2,France,App,3.77,2,1565.08
CMD03979,2024-08-21,Lucie Martin,Sport,Tapis de course,2,1367.34,0.3,Allemagne,Web,9.16,4,1914.2759999999998
CMD03980,2024-06-21,Sarah Moreau,Jouets,Voiture téléguidée,1,1420.29,0.2,France,App,5.99,2,1136.232
CMD03981,2024-12-21,Carlos Gomez,Maison,Aspirateur,1,1247.68,0.0,Maroc,App,14.63,3,1247.68
CMD03982,2024-12-17,Paolo Bianchi,Beauté,Rouge à lèvres,1,1092.42,0.0,France,App,2.28,1,1092.42
CMD03983,2024-08-11,Paolo Bianchi,Mode,Montre,2,1734.65,0.3,Belgique,App,9.62,5,2428.5099999999998
CMD03984,2024-04-18,Paolo Bianchi,Électronique,Tablette,4,472.32,0.05,Espagne,Magasin,2.33,5,1794.8159999999998
CMD03985,2024-01-25,Emma Rossi,Beauté,Sérum,4,1027.32,0.1,Italie,Magasin,12.06,2,3698.352
CMD03986,2024-08-05,Ali Benali,Jouets,Jeu de société,2,1631.25,0.15,Maroc,Web,6.05,5,2773.125
CMD03987,2024-02-28,Sarah Moreau,Maison,Mixeur,2,843.55,0.1,Allemagne,App,14.99,3,1518.3899999999999
CMD03988,2024-05-25,Nina Müller,Électronique,Smartphone,2,670.18,0.25,Italie,Magasin,5.36,1,1005.27
CMD03989,2024-10-22,Youssef El Amrani,Maison,Aspirateur,5,1779.78,0.3,Maroc,App,4.72,2,6229.23
CMD03990,2024-06-29,Carlos Gomez,Mode,Jean,1,1998.61,0.3,France,App,3.25,1,1399.0269999999998
CMD03991,2024-08-01,Jean Dupont,Maison,Machine à café,3,384.17,0.15,Suisse,Magasin,9.98,3,979.6334999999999
CMD03992,2024-10-03,Lucie Martin,Électronique,Ordinateur portable,4,1387.21,0.3,France,Magasin,11.07,4,3884.1879999999996
CMD03993,2024-10-13,Sarah Moreau,Électronique,Ordinateur portable,5,590.02,0.0,Espagne,Magasin,11.59,3,2950.1
CMD03994,2024-09-07,Carlos Gomez,Sport,Chaussures de sport,4,436.47,0.25,Italie,Magasin,14.81,3,1309.41
CMD03995,2024-06-28,Emma Rossi,Beauté,Sérum,1,1504.95,0.1,Espagne,Magasin,6.41,2,1354.4550000000002
CMD03996,2024-05-15,Carlos Gomez,Jouets,Voiture téléguidée,4,1147.7,0.1,Belgique,App,0.0,3,4131.72
CMD03997,2024-11-27,Carlos Gomez,Sport,Chaussures de sport,2,399.26,0.3,Suisse,Web,2.0,2,558.9639999999999
CMD03998,2024-05-11,Nina Müller,Mode,Veste,2,1432.53,0.1,Suisse,Magasin,0.16,5,2578.554
CMD03999,2024-02-20,Léa Durand,Beauté,Rouge à lèvres,5,1306.44,0.25,Belgique,Web,7.43,3,4899.150000000001
CMD04000,2024-02-08,Lucie Martin,Beauté,Parfum,3,1904.1,0.05,Maroc,Web,5.27,2,5426.6849999999995
CMD04001,2024-04-07,Sarah Moreau,Sport,Chaussures de sport,2,1663.78,0.0,France,Web,3.92,4,3327.56
CMD04002,2024-05-25,Paolo Bianchi,Mode,Sac à main,3,1448.46,0.25,Espagne,Web,8.87,5,3259.035
CMD04003,2024-01-20,Carlos Gomez,Maison,Aspirateur,5,1442.36,0.05,Allemagne,Web,6.82,4,6851.209999999999
CMD04004,2024-05-19,Emma Rossi,Électronique,Ordinateur portable,3,1129.05,0.05,Belgique,App,1.56,1,3217.7924999999996
CMD04005,2024-02-24,Youssef El Amrani,Sport,Ballon,2,1440.63,0.2,Allemagne,Magasin,1.33,1,2305.0080000000003
CMD04006,2024-03-16,Lucie Martin,Jouets,Puzzle,3,391.68,0.15,France,Web,4.79,5,998.784
CMD04007,2024-03-03,Lucie Martin,Jouets,Jeu de société,2,319.94,0.25,Maroc,App,8.42,3,479.90999999999997
CMD04008,2024-07-12,Sarah Moreau,Électronique,Casque audio,1,952.28,0.3,Italie,App,8.59,5,666.5959999999999
CMD04009,2024-10-13,Jean Dupont,Jouets,Jeu de société,3,416.92,0.3,Allemagne,App,14.09,5,875.5319999999999
CMD04010,2024-11-18,Léa Durand,Maison,Mixeur,1,1793.77,0.2,Italie,Magasin,7.14,3,1435.016
CMD04011,2024-09-17,Youssef El Amrani,Électronique,Smartphone,3,165.99,0.05,Italie,Magasin,14.2,1,473.0715
CMD04012,2024-05-27,Ali Benali,Beauté,Sérum,2,1837.9,0.2,Belgique,App,11.95,1,2940.6400000000003
CMD04013,2024-12-28,Emma Rossi,Jouets,Voiture téléguidée,1,1054.42,0.25,Suisse,Web,12.14,4,790.815
CMD04014,2024-10-21,Sarah Moreau,Électronique,Smartphone,5,1351.68,0.2,Espagne,App,9.79,1,5406.720000000001
CMD04015,2024-08-08,Paolo Bianchi,Beauté,Rouge à lèvres,3,918.06,0.15,Italie,App,6.1,3,2341.053
CMD04016,2024-01-13,Paolo Bianchi,Beauté,Parfum,2,273.77,0.0,Allemagne,Web,13.06,2,547.54
CMD04017,2024-06-28,Ali Benali,Mode,Chaussures,5,1755.29,0.3,France,Web,10.34,1,6143.515
CMD04018,2024-09-06,Lucie Martin,Beauté,Crème visage,2,1615.67,0.05,Italie,App,2.19,3,3069.773
CMD04019,2024-08-30,Jean Dupont,Maison,Ventilateur,5,1074.41,0.25,Suisse,Web,3.87,3,4029.0375000000004
CMD04020,2024-12-08,Emma Rossi,Maison,Lampadaire,2,1740.22,0.15,France,App,5.46,5,2958.374
CMD04021,2024-03-16,Carlos Gomez,Mode,Chaussures,2,767.53,0.15,Suisse,Magasin,13.27,1,1304.801
CMD04022,2024-02-07,Emma Rossi,Électronique,Casque audio,2,1737.14,0.05,Suisse,Magasin,9.81,5,3300.5660000000003
CMD04023,2024-05-08,Paolo Bianchi,Jouets,Lego,1,16.55,0.25,Suisse,App,8.06,4,12.412500000000001
CMD04024,2024-04-21,Emma Rossi,Électronique,TV 4K,4,316.78,0.0,Italie,Magasin,9.25,1,1267.12
CMD04025,2024-02-05,Carlos Gomez,Sport,Tapis de course,2,68.81,0.15,France,Web,6.15,3,116.977
CMD04026,2024-12-16,Jean Dupont,Jouets,Lego,5,1889.58,0.0,Espagne,App,0.64,1,9447.9
CMD04027,2024-01-14,Carlos Gomez,Jouets,Jeu de société,1,1296.47,0.2,Allemagne,Magasin,9.91,2,1037.1760000000002
CMD04028,2024-10-18,Youssef El Amrani,Mode,Veste,3,619.64,0.3,France,App,9.29,5,1301.244
CMD04029,2024-10-04,Paolo Bianchi,Maison,Ventilateur,2,371.83,0.3,Maroc,Magasin,12.44,5,520.5619999999999
CMD04030,2024-05-03,Carlos Gomez,Électronique,Smartphone,4,251.63,0.05,Maroc,Magasin,6.86,5,956.194
CMD04031,2024-04-26,Emma Rossi,Sport,Tapis de course,5,866.81,0.2,Italie,Web,12.37,2,3467.24
CMD04032,2024-11-04,Paolo Bianchi,Beauté,Parfum,2,1083.2,0.2,Allemagne,Magasin,4.94,3,1733.1200000000001
CMD04033,2024-04-12,Léa Durand,Beauté,Sérum,4,1929.23,0.1,France,Web,0.8,4,6945.228
CMD04034,2024-06-24,Ali Benali,Sport,Chaussures de sport,3,1465.84,0.0,Italie,Web,7.46,5,4397.5199999999995
CMD04035,2024-03-13,Léa Durand,Beauté,Rouge à lèvres,3,850.43,0.0,Espagne,App,10.38,5,2551.29
CMD04036,2024-02-22,Emma Rossi,Sport,Raquette,1,832.95,0.3,Maroc,Web,1.23,4,583.0649999999999
CMD04037,2024-10-15,Youssef El Amrani,Maison,Machine à café,4,234.33,0.05,Maroc,Magasin,10.64,1,890.454
CMD04038,2024-04-30,Emma Rossi,Électronique,Smartphone,5,1927.46,0.0,Suisse,Web,4.93,5,9637.3
CMD04039,2024-03-25,Sarah Moreau,Sport,Raquette,1,431.97,0.15,France,App,5.53,5,367.1745
CMD04040,2024-07-20,Léa Durand,Électronique,Smartphone,2,690.16,0.0,Espagne,Magasin,13.45,3,1380.32
CMD04041,2024-11-04,Léa Durand,Mode,Montre,2,876.57,0.3,Maroc,Magasin,5.92,2,1227.198
CMD04042,2024-06-01,Paolo Bianchi,Beauté,Parfum,2,737.03,0.3,Maroc,Magasin,13.9,5,1031.8419999999999
CMD04043,2024-05-06,Lucie Martin,Électronique,Tablette,2,490.86,0.05,Espagne,App,7.78,5,932.634
CMD04044,2024-01-17,Lucie Martin,Maison,Lampadaire,2,1219.2,0.0,Italie,App,9.32,3,2438.4
CMD04045,2024-06-15,Emma Rossi,Électronique,Ordinateur portable,4,1118.92,0.15,Suisse,Magasin,13.48,3,3804.328
CMD04046,2024-03-23,Nina Müller,Maison,Lampadaire,4,343.39,0.15,Espagne,Web,7.46,2,1167.5259999999998
CMD04047,2024-06-13,Paolo Bianchi,Jouets,Peluche,3,1493.89,0.2,Maroc,Web,3.04,3,3585.3360000000002
CMD04048,2024-06-19,Léa Durand,Beauté,Parfum,5,1893.55,0.0,Suisse,Magasin,11.21,1,9467.75
CMD04049,2024-08-16,Carlos Gomez,Électronique,TV 4K,1,1116.91,0.05,France,Magasin,9.4,1,1061.0645
CMD04050,2024-07-29,Paolo Bianchi,Jouets,Puzzle,4,1970.34,0.2,France,Web,13.46,5,6305.088
CMD04051,2024-10-12,Youssef El Amrani,Sport,Chaussures de sport,3,1717.91,0.05,Maroc,Magasin,5.38,5,4896.0435
CMD04052,2024-09-08,Carlos Gomez,Électronique,TV 4K,1,799.19,0.15,Maroc,Magasin,13.41,5,679.3115
CMD04053,2024-09-19,Emma Rossi,Sport,Chaussures de sport,4,1324.24,0.05,Espagne,App,4.87,4,5032.112
CMD04054,2024-02-06,Carlos Gomez,Mode,Chaussures,3,549.51,0.15,Belgique,Web,12.02,3,1401.2504999999999
CMD04055,2024-11-18,Léa Durand,Maison,Machine à café,3,106.95,0.3,France,Web,5.82,3,224.595
CMD04056,2024-11-10,Léa Durand,Mode,Montre,2,952.26,0.2,Allemagne,Web,12.89,5,1523.616
CMD04057,2024-06-26,Carlos Gomez,Jouets,Lego,2,877.75,0.25,Italie,Magasin,0.15,5,1316.625
CMD04058,2024-12-04,Lucie Martin,Mode,Chaussures,2,489.65,0.3,Italie,App,1.27,3,685.5099999999999
CMD04059,2024-06-18,Ali Benali,Beauté,Crème visage,1,665.45,0.2,Italie,App,12.64,4,532.36
CMD04060,2024-11-12,Youssef El Amrani,Maison,Machine à café,2,1469.95,0.05,Belgique,App,6.15,5,2792.9049999999997
CMD04061,2024-04-16,Carlos Gomez,Mode,Chaussures,3,1455.88,0.05,Espagne,Web,1.72,3,4149.258
CMD04062,2024-01-17,Léa Durand,Jouets,Lego,2,1412.92,0.3,Belgique,Magasin,12.72,3,1978.088
CMD04063,2024-09-12,Emma Rossi,Jouets,Voiture téléguidée,2,1424.23,0.25,France,App,7.4,3,2136.3450000000003
CMD04064,2024-08-30,Emma Rossi,Beauté,Crème visage,1,215.27,0.05,Suisse,App,10.96,1,204.5065
CMD04065,2024-01-13,Youssef El Amrani,Électronique,TV 4K,1,631.42,0.05,Suisse,Web,8.64,3,599.8489999999999
CMD04066,2024-10-21,Emma Rossi,Maison,Aspirateur,3,1383.56,0.2,France,Web,12.44,4,3320.5440000000003
CMD04067,2024-04-27,Nina Müller,Électronique,Casque audio,4,257.75,0.25,Allemagne,Magasin,13.76,4,773.25
CMD04068,2024-10-05,Sarah Moreau,Maison,Lampadaire,1,222.06,0.05,Maroc,Web,11.09,4,210.957
CMD04069,2024-08-19,Paolo Bianchi,Beauté,Parfum,2,797.12,0.2,France,Web,2.88,3,1275.392
CMD04070,2024-07-23,Carlos Gomez,Beauté,Parfum,3,193.59,0.0,Italie,Magasin,5.44,1,580.77
CMD04071,2024-08-31,Nina Müller,Sport,Tapis de course,2,1021.53,0.1,France,App,2.61,4,1838.754
CMD04072,2024-12-14,Ali Benali,Beauté,Crème visage,1,780.37,0.1,Belgique,Magasin,11.0,3,702.333
CMD04073,2024-08-06,Emma Rossi,Beauté,Parfum,4,1771.97,0.3,Espagne,App,12.31,5,4961.516
CMD04074,2024-10-08,Lucie Martin,Sport,Tapis de course,5,1510.86,0.0,Espagne,Magasin,1.8,3,7554.299999999999
CMD04075,2024-02-17,Ali Benali,Mode,Montre,3,1802.36,0.05,Italie,Magasin,12.18,2,5136.726
CMD04076,2024-07-14,Jean Dupont,Sport,Chaussures de sport,2,570.9,0.25,Italie,Magasin,14.67,4,856.3499999999999
CMD04077,2024-03-06,Lucie Martin,Jouets,Jeu de société,1,566.26,0.15,Italie,Magasin,3.47,5,481.32099999999997
CMD04078,2024-08-06,Carlos Gomez,Électronique,Casque audio,3,1407.72,0.0,France,Web,9.09,1,4223.16
CMD04079,2024-06-07,Emma Rossi,Sport,Ballon,1,1195.14,0.0,France,App,13.16,3,1195.14
CMD04080,2024-09-22,Nina Müller,Maison,Mixeur,5,1385.78,0.3,Belgique,App,10.34,4,4850.23
CMD04081,2024-05-05,Emma Rossi,Jouets,Voiture téléguidée,3,1108.87,0.3,Suisse,Web,4.1,5,2328.6269999999995
CMD04082,2024-08-06,Emma Rossi,Maison,Aspirateur,3,620.33,0.1,Belgique,Magasin,8.25,5,1674.8910000000003
CMD04083,2024-03-16,Youssef El Amrani,Maison,Lampadaire,1,1738.47,0.05,Allemagne,Web,3.65,4,1651.5465
CMD04084,2024-05-07,Emma Rossi,Mode,Montre,1,1781.02,0.15,France,Magasin,11.25,4,1513.867
CMD04085,2024-05-03,Ali Benali,Jouets,Puzzle,5,1792.17,0.15,France,App,14.22,5,7616.7225
CMD04086,2024-12-02,Léa Durand,Mode,Sac à main,1,1617.04,0.0,Allemagne,Web,1.34,1,1617.04
CMD04087,2024-12-07,Paolo Bianchi,Mode,Veste,1,103.16,0.1,Maroc,App,7.85,4,92.844
CMD04088,2024-10-04,Paolo Bianchi,Jouets,Lego,2,377.18,0.2,France,Magasin,3.19,3,603.488
CMD04089,2024-07-26,Nina Müller,Beauté,Crème visage,1,1479.76,0.0,Maroc,App,9.57,3,1479.76
CMD04090,2024-07-01,Youssef El Amrani,Sport,Chaussures de sport,5,461.77,0.05,Allemagne,App,0.49,3,2193.4075
CMD04091,2024-05-13,Paolo Bianchi,Jouets,Voiture téléguidée,5,690.55,0.0,Belgique,Web,13.44,3,3452.75
CMD04092,2024-03-21,Léa Durand,Maison,Machine à café,2,63.18,0.0,Suisse,Web,4.91,2,126.36
CMD04093,2024-06-17,Jean Dupont,Sport,Tapis de course,2,687.53,0.25,Allemagne,App,7.49,1,1031.295
CMD04094,2024-10-23,Youssef El Amrani,Maison,Aspirateur,3,223.87,0.3,Espagne,App,7.65,2,470.12699999999995
CMD04095,2024-01-16,Ali Benali,Maison,Mixeur,1,156.02,0.05,Belgique,App,10.68,3,148.219
CMD04096,2024-11-01,Sarah Moreau,Électronique,Casque audio,4,411.62,0.2,Italie,Magasin,14.99,1,1317.1840000000002
CMD04097,2024-03-08,Paolo Bianchi,Mode,Veste,1,634.26,0.3,Italie,App,13.36,3,443.98199999999997
CMD04098,2024-07-27,Lucie Martin,Beauté,Rouge à lèvres,5,1483.22,0.15,Italie,Web,8.59,3,6303.685
CMD04099,2024-02-21,Jean Dupont,Beauté,Sérum,4,1317.45,0.05,Belgique,Web,3.44,1,5006.3099999999995
CMD04100,2024-12-03,Sarah Moreau,Maison,Machine à café,5,1422.51,0.05,Belgique,App,4.77,4,6756.9225
CMD04101,2024-09-23,Lucie Martin,Maison,Aspirateur,5,1429.3,0.2,Suisse,Magasin,6.24,5,5717.200000000001
CMD04102,2024-12-11,Nina Müller,Sport,Vélo,3,314.46,0.25,France,Web,10.36,5,707.5349999999999
CMD04103,2024-12-22,Ali Benali,Maison,Aspirateur,4,1574.72,0.1,Allemagne,Magasin,4.29,1,5668.992
CMD04104,2024-01-14,Emma Rossi,Beauté,Shampoing,5,1588.55,0.25,Allemagne,Magasin,1.26,2,5957.0625
CMD04105,2024-01-12,Emma Rossi,Électronique,Casque audio,5,143.46,0.3,Espagne,Magasin,5.54,4,502.11
CMD04106,2024-06-23,Sarah Moreau,Beauté,Crème visage,2,1896.23,0.15,Italie,Web,6.14,3,3223.591
CMD04107,2024-09-02,Carlos Gomez,Électronique,TV 4K,2,1198.45,0.0,Maroc,Web,12.97,2,2396.9
CMD04108,2024-11-17,Nina Müller,Sport,Ballon,3,1275.44,0.15,Maroc,Web,4.32,4,3252.372
CMD04109,2024-10-09,Youssef El Amrani,Mode,Montre,2,1765.87,0.3,Suisse,Magasin,8.63,2,2472.218
CMD04110,2024-09-27,Paolo Bianchi,Sport,Chaussures de sport,3,1663.19,0.1,Allemagne,Magasin,10.97,4,4490.613
CMD04111,2024-10-29,Léa Durand,Beauté,Crème visage,3,1555.3,0.1,Italie,App,7.48,1,4199.3099999999995
CMD04112,2024-04-10,Sarah Moreau,Jouets,Puzzle,2,1926.5,0.25,Belgique,Web,13.37,4,2889.75
CMD04113,2024-01-29,Jean Dupont,Sport,Raquette,5,1061.3,0.0,Italie,App,4.27,4,5306.5
CMD04114,2024-11-08,Emma Rossi,Mode,Jean,3,109.2,0.05,Allemagne,Magasin,5.0,1,311.22
CMD04115,2024-08-31,Nina Müller,Mode,Veste,4,364.25,0.3,Espagne,Web,8.98,5,1019.9
CMD04116,2024-03-22,Léa Durand,Électronique,Casque audio,1,1700.94,0.05,Espagne,App,10.32,4,1615.893
CMD04117,2024-12-30,Emma Rossi,Sport,Raquette,2,440.88,0.05,Belgique,Magasin,7.41,2,837.6719999999999
CMD04118,2024-07-07,Ali Benali,Électronique,Casque audio,1,494.66,0.1,Italie,App,3.5,3,445.194
CMD04119,2024-03-22,Léa Durand,Mode,Veste,4,388.58,0.1,Italie,Magasin,5.53,3,1398.888
CMD04120,2024-08-24,Paolo Bianchi,Électronique,Smartphone,2,1824.25,0.25,Belgique,Web,14.19,3,2736.375
CMD04121,2024-02-26,Nina Müller,Mode,Veste,1,1055.83,0.1,Suisse,Magasin,6.81,2,950.247
CMD04122,2024-01-31,Sarah Moreau,Électronique,Casque audio,3,424.6,0.05,France,App,14.83,5,1210.1100000000001
CMD04123,2024-03-12,Ali Benali,Mode,Jean,2,774.9,0.3,Maroc,App,8.75,2,1084.86
CMD04124,2024-08-07,Léa Durand,Beauté,Sérum,3,1093.58,0.25,Maroc,Web,10.04,4,2460.555
CMD04125,2024-11-28,Paolo Bianchi,Sport,Chaussures de sport,5,999.23,0.05,Belgique,Magasin,4.64,2,4746.3425
CMD04126,2024-02-16,Jean Dupont,Beauté,Sérum,1,1651.81,0.2,France,Web,0.77,1,1321.448
CMD04127,2024-02-11,Jean Dupont,Jouets,Jeu de société,5,750.04,0.1,Allemagne,Magasin,12.85,2,3375.18
CMD04128,2024-07-17,Carlos Gomez,Beauté,Crème visage,1,1970.06,0.25,Allemagne,App,0.9,3,1477.545
CMD04129,2024-01-23,Paolo Bianchi,Électronique,TV 4K,3,1500.81,0.3,Maroc,Web,10.06,3,3151.701
CMD04130,2024-01-07,Jean Dupont,Beauté,Sérum,3,449.2,0.15,Espagne,App,4.64,3,1145.4599999999998
CMD04131,2024-01-23,Carlos Gomez,Jouets,Lego,2,1667.96,0.3,Belgique,App,4.23,2,2335.144
CMD04132,2024-07-13,Lucie Martin,Jouets,Jeu de société,2,1233.88,0.2,Espagne,Web,3.6,5,1974.2080000000003
CMD04133,2024-01-24,Youssef El Amrani,Mode,Sac à main,2,168.48,0.3,France,App,9.77,4,235.87199999999996
CMD04134,2024-08-11,Ali Benali,Électronique,Casque audio,4,379.37,0.25,Belgique,App,8.03,4,1138.1100000000001
CMD04135,2024-10-08,Lucie Martin,Mode,Sac à main,5,661.42,0.3,Belgique,App,12.88,3,2314.97
CMD04136,2024-10-29,Sarah Moreau,Maison,Ventilateur,2,1549.4,0.15,France,Web,13.16,5,2633.98
CMD04137,2024-04-05,Jean Dupont,Beauté,Rouge à lèvres,4,577.54,0.05,Suisse,Magasin,2.69,2,2194.6519999999996
CMD04138,2024-03-29,Léa Durand,Maison,Ventilateur,5,492.92,0.2,France,Magasin,3.5,5,1971.68
CMD04139,2024-02-10,Carlos Gomez,Jouets,Jeu de société,4,769.4,0.3,Italie,Magasin,10.48,1,2154.3199999999997
CMD04140,2024-01-31,Nina Müller,Jouets,Lego,5,149.87,0.1,Allemagne,App,7.66,5,674.4150000000001
CMD04141,2024-05-02,Lucie Martin,Beauté,Rouge à lèvres,2,1732.87,0.0,Maroc,Magasin,13.8,2,3465.74
CMD04142,2024-01-07,Ali Benali,Beauté,Sérum,5,666.06,0.1,Maroc,App,6.96,4,2997.27
CMD04143,2024-04-29,Emma Rossi,Maison,Aspirateur,5,1994.72,0.05,Suisse,Web,2.13,5,9474.92
CMD04144,2024-06-25,Nina Müller,Maison,Lampadaire,3,64.3,0.25,Italie,App,4.17,2,144.67499999999998
CMD04145,2024-08-06,Lucie Martin,Sport,Ballon,2,461.43,0.2,Espagne,Web,11.08,4,738.288
CMD04146,2024-04-01,Sarah Moreau,Sport,Raquette,1,519.7,0.25,Italie,Magasin,12.92,4,389.77500000000003
CMD04147,2024-02-06,Sarah Moreau,Jouets,Jeu de société,5,1629.69,0.05,Italie,App,13.67,1,7741.0275
CMD04148,2024-01-31,Léa Durand,Beauté,Shampoing,3,1083.32,0.15,Espagne,App,4.06,3,2762.466
CMD04149,2024-01-21,Léa Durand,Mode,Montre,5,1976.59,0.15,Allemagne,Magasin,0.6,3,8400.5075
CMD04150,2024-05-25,Léa Durand,Électronique,Tablette,2,899.85,0.0,France,App,12.5,2,1799.7
CMD04151,2024-01-15,Ali Benali,Maison,Machine à café,5,1011.09,0.15,Allemagne,Magasin,14.24,3,4297.1325
CMD04152,2024-11-13,Paolo Bianchi,Maison,Machine à café,1,1401.56,0.3,Espagne,Magasin,5.52,1,981.0919999999999
CMD04153,2024-06-08,Emma Rossi,Électronique,Ordinateur portable,2,1798.36,0.1,Italie,Magasin,2.86,3,3237.048
CMD04154,2024-07-01,Jean Dupont,Beauté,Parfum,4,1520.65,0.25,Maroc,App,4.92,3,4561.950000000001
CMD04155,2024-09-13,Lucie Martin,Beauté,Sérum,3,1533.26,0.2,Suisse,Web,7.07,2,3679.824
CMD04156,2024-05-16,Youssef El Amrani,Sport,Chaussures de sport,5,1518.7,0.1,Allemagne,Web,5.82,1,6834.150000000001
CMD04157,2024-12-10,Sarah Moreau,Beauté,Shampoing,2,1832.56,0.15,Suisse,Magasin,6.62,2,3115.352
CMD04158,2024-03-04,Youssef El Amrani,Maison,Machine à café,1,299.95,0.1,Italie,Web,7.95,2,269.955
CMD04159,2024-03-13,Paolo Bianchi,Sport,Ballon,4,164.18,0.0,Suisse,Web,9.03,2,656.72
CMD04160,2024-07-14,Nina Müller,Sport,Tapis de course,5,237.51,0.15,Espagne,Magasin,6.35,5,1009.4174999999999
CMD04161,2024-02-12,Paolo Bianchi,Maison,Lampadaire,3,1881.57,0.0,Suisse,App,14.85,4,5644.71
CMD04162,2024-07-01,Youssef El Amrani,Jouets,Jeu de société,2,1872.27,0.25,Allemagne,Magasin,5.0,3,2808.4049999999997
CMD04163,2024-05-30,Lucie Martin,Maison,Lampadaire,3,838.21,0.05,Espagne,Magasin,6.58,2,2388.8985
CMD04164,2024-04-04,Emma Rossi,Mode,Jean,5,1167.56,0.15,Maroc,Web,0.93,2,4962.129999999999
CMD04165,2024-10-07,Emma Rossi,Électronique,Casque audio,2,1896.46,0.1,France,Web,4.43,4,3413.628
CMD04166,2024-08-22,Paolo Bianchi,Mode,Sac à main,2,365.97,0.3,Italie,Web,8.62,1,512.3580000000001
CMD04167,2024-08-03,Jean Dupont,Mode,Veste,5,1159.8,0.1,Suisse,App,0.34,4,5219.1
CMD04168,2024-01-19,Ali Benali,Beauté,Parfum,4,877.93,0.3,France,Web,6.25,4,2458.2039999999997
CMD04169,2024-04-20,Youssef El Amrani,Électronique,Casque audio,5,976.94,0.2,Belgique,Magasin,5.24,1,3907.7600000000007
CMD04170,2024-01-03,Youssef El Amrani,Maison,Aspirateur,2,1121.31,0.25,France,Web,8.65,2,1681.965
CMD04171,2024-03-15,Nina Müller,Beauté,Shampoing,1,1449.88,0.2,Suisse,Magasin,10.82,3,1159.9040000000002
CMD04172,2024-04-17,Jean Dupont,Mode,Jean,5,871.86,0.25,Allemagne,App,12.13,5,3269.4750000000004
CMD04173,2024-02-02,Lucie Martin,Maison,Ventilateur,2,1539.64,0.1,Italie,App,8.04,3,2771.3520000000003
CMD04174,2024-08-16,Sarah Moreau,Beauté,Rouge à lèvres,5,1708.53,0.05,Maroc,Magasin,0.11,1,8115.517499999999
CMD04175,2024-02-27,Nina Müller,Beauté,Shampoing,5,1309.64,0.25,Suisse,Magasin,5.8,2,4911.150000000001
CMD04176,2024-10-01,Youssef El Amrani,Maison,Mixeur,4,1669.48,0.05,Allemagne,App,9.27,5,6344.023999999999
CMD04177,2024-03-04,Lucie Martin,Maison,Lampadaire,2,1344.32,0.15,Belgique,Magasin,3.21,1,2285.344
CMD04178,2024-08-14,Jean Dupont,Électronique,Smartphone,4,1022.55,0.0,Allemagne,Magasin,12.89,4,4090.2
CMD04179,2024-06-27,Jean Dupont,Mode,Jean,2,1354.87,0.3,Suisse,Magasin,12.96,5,1896.8179999999998
CMD04180,2024-03-06,Youssef El Amrani,Électronique,Ordinateur portable,4,649.61,0.05,Suisse,App,6.64,1,2468.518
CMD04181,2024-12-22,Carlos Gomez,Jouets,Lego,2,725.38,0.2,Espagne,Web,13.55,3,1160.608
CMD04182,2024-06-09,Ali Benali,Jouets,Lego,1,1783.67,0.25,Italie,Magasin,10.33,4,1337.7525
CMD04183,2024-04-19,Léa Durand,Électronique,Tablette,1,408.43,0.25,Suisse,App,12.69,5,306.3225
CMD04184,2024-11-25,Ali Benali,Maison,Machine à café,1,1176.08,0.1,Espagne,App,4.28,3,1058.472
CMD04185,2024-11-05,Youssef El Amrani,Électronique,Casque audio,5,1577.04,0.15,Maroc,Web,12.87,4,6702.42
CMD04186,2024-02-29,Emma Rossi,Maison,Mixeur,4,210.06,0.15,France,App,11.27,4,714.204
CMD04187,2024-02-15,Sarah Moreau,Sport,Vélo,5,1854.99,0.25,France,Magasin,1.27,5,6956.212500000001
CMD04188,2024-12-02,Ali Benali,Électronique,Tablette,3,1568.73,0.3,Italie,App,6.07,5,3294.333
CMD04189,2024-02-01,Jean Dupont,Jouets,Peluche,1,1801.03,0.15,Belgique,App,6.49,4,1530.8754999999999
CMD04190,2024-08-24,Youssef El Amrani,Mode,Montre,2,977.1,0.05,Belgique,App,9.68,2,1856.49
CMD04191,2024-11-11,Jean Dupont,Sport,Ballon,4,509.5,0.2,Maroc,Magasin,7.82,5,1630.4
CMD04192,2024-11-11,Emma Rossi,Mode,Sac à main,2,1749.06,0.25,Suisse,Web,6.15,2,2623.59
CMD04193,2024-07-24,Léa Durand,Maison,Lampadaire,1,1950.45,0.1,Maroc,App,4.35,3,1755.405
CMD04194,2024-10-12,Lucie Martin,Électronique,Casque audio,1,1533.52,0.3,Italie,App,2.24,1,1073.464
CMD04195,2024-02-05,Léa Durand,Maison,Lampadaire,4,997.11,0.2,France,Magasin,4.44,2,3190.7520000000004
CMD04196,2024-06-26,Sarah Moreau,Beauté,Parfum,4,853.12,0.25,Allemagne,Web,5.8,4,2559.36
CMD04197,2024-07-27,Youssef El Amrani,Beauté,Shampoing,5,1284.98,0.2,Italie,Magasin,7.93,1,5139.92
CMD04198,2024-05-22,Youssef El Amrani,Sport,Ballon,2,1633.43,0.1,Belgique,Magasin,0.51,3,2940.174
CMD04199,2024-12-14,Carlos Gomez,Jouets,Jeu de société,1,969.35,0.05,Italie,Magasin,14.3,2,920.8824999999999
CMD04200,2024-03-18,Carlos Gomez,Maison,Lampadaire,5,1547.88,0.1,Espagne,Web,10.86,1,6965.460000000001
CMD04201,2024-02-25,Léa Durand,Sport,Tapis de course,2,274.58,0.25,Belgique,App,5.51,4,411.87
CMD04202,2024-08-20,Ali Benali,Beauté,Crème visage,2,596.86,0.15,Espagne,Magasin,8.62,3,1014.662
CMD04203,2024-05-20,Carlos Gomez,Jouets,Lego,5,730.29,0.15,Espagne,Magasin,8.42,1,3103.7324999999996
CMD04204,2024-01-02,Paolo Bianchi,Beauté,Rouge à lèvres,3,1196.43,0.3,Espagne,App,10.26,1,2512.5029999999997
CMD04205,2024-01-09,Paolo Bianchi,Mode,Jean,1,924.97,0.2,France,App,2.09,3,739.9760000000001
CMD04206,2024-08-12,Carlos Gomez,Sport,Ballon,3,1771.28,0.05,Suisse,Magasin,11.45,5,5048.148
CMD04207,2024-10-02,Emma Rossi,Électronique,Casque audio,3,1035.59,0.3,Allemagne,App,2.89,3,2174.7389999999996
CMD04208,2024-03-29,Nina Müller,Beauté,Crème visage,2,1366.3,0.2,Suisse,App,7.03,3,2186.08
CMD04209,2024-01-21,Carlos Gomez,Jouets,Voiture téléguidée,5,822.76,0.15,Italie,App,13.01,1,3496.73
CMD04210,2024-06-27,Nina Müller,Jouets,Peluche,2,1381.79,0.1,Espagne,Web,2.94,5,2487.222
CMD04211,2024-03-06,Sarah Moreau,Jouets,Jeu de société,5,734.75,0.05,Belgique,Web,14.04,3,3490.0625
CMD04212,2024-07-04,Lucie Martin,Beauté,Crème visage,1,596.04,0.0,Belgique,App,4.41,5,596.04
CMD04213,2024-12-11,Léa Durand,Sport,Tapis de course,2,196.26,0.05,Espagne,Web,9.06,4,372.89399999999995
CMD04214,2024-01-09,Sarah Moreau,Maison,Lampadaire,2,1867.41,0.0,Italie,App,13.96,3,3734.82
CMD04215,2024-01-27,Jean Dupont,Mode,Sac à main,5,210.33,0.1,Suisse,Web,12.67,3,946.4850000000001
CMD04216,2024-03-17,Youssef El Amrani,Maison,Aspirateur,5,788.52,0.15,Suisse,App,4.54,4,3351.21
CMD04217,2024-10-11,Emma Rossi,Beauté,Sérum,4,195.49,0.1,Belgique,App,0.87,5,703.764
CMD04218,2024-02-08,Carlos Gomez,Électronique,Tablette,1,836.54,0.1,Maroc,Web,12.57,5,752.886
CMD04219,2024-02-21,Sarah Moreau,Mode,Veste,3,1048.3,0.25,Suisse,App,12.2,1,2358.6749999999997
CMD04220,2024-04-20,Paolo Bianchi,Électronique,Smartphone,2,1443.44,0.25,Espagne,Magasin,0.29,5,2165.16
CMD04221,2024-06-04,Youssef El Amrani,Mode,Chaussures,2,504.94,0.1,France,App,14.58,1,908.892
CMD04222,2024-11-22,Jean Dupont,Sport,Vélo,2,286.19,0.0,Espagne,Web,14.5,5,572.38
CMD04223,2024-04-21,Lucie Martin,Jouets,Jeu de société,1,925.42,0.2,Allemagne,Web,5.65,4,740.336
CMD04224,2024-05-08,Sarah Moreau,Électronique,Ordinateur portable,3,1297.29,0.15,Maroc,Web,4.31,4,3308.0895
CMD04225,2024-03-12,Emma Rossi,Maison,Mixeur,2,541.2,0.1,France,App,6.07,1,974.1600000000001
CMD04226,2024-12-22,Lucie Martin,Beauté,Sérum,2,947.01,0.15,Belgique,App,8.16,3,1609.917
CMD04227,2024-11-01,Léa Durand,Électronique,Ordinateur portable,4,1168.37,0.15,Belgique,Magasin,4.74,1,3972.4579999999996
CMD04228,2024-09-08,Ali Benali,Sport,Ballon,4,636.35,0.0,Suisse,Magasin,14.21,4,2545.4
CMD04229,2024-06-01,Ali Benali,Jouets,Lego,3,1800.09,0.25,Allemagne,App,4.21,5,4050.2024999999994
CMD04230,2024-12-07,Nina Müller,Sport,Tapis de course,3,318.2,0.3,Maroc,App,4.94,2,668.2199999999999
CMD04231,2024-08-17,Paolo Bianchi,Électronique,Tablette,5,876.71,0.3,Maroc,Web,6.73,3,3068.485
CMD04232,2024-05-01,Sarah Moreau,Sport,Chaussures de sport,1,860.13,0.2,Maroc,App,3.83,5,688.104
CMD04233,2024-12-24,Nina Müller,Jouets,Puzzle,5,630.42,0.25,France,App,1.64,5,2364.075
CMD04234,2024-04-15,Ali Benali,Sport,Tapis de course,4,940.47,0.25,Espagne,Magasin,14.96,3,2821.41
CMD04235,2024-10-11,Paolo Bianchi,Jouets,Puzzle,5,86.15,0.15,Maroc,Web,6.71,2,366.1375
CMD04236,2024-08-07,Ali Benali,Mode,Sac à main,3,362.14,0.3,France,Web,14.27,2,760.494
CMD04237,2024-09-18,Lucie Martin,Maison,Aspirateur,4,1875.39,0.25,Suisse,Magasin,5.02,4,5626.17
CMD04238,2024-09-02,Sarah Moreau,Mode,Sac à main,1,1049.86,0.3,Espagne,App,3.91,5,734.9019999999999
CMD04239,2024-08-10,Lucie Martin,Jouets,Lego,5,1529.73,0.3,Allemagne,App,13.17,1,5354.054999999999
CMD04240,2024-03-05,Emma Rossi,Mode,Chaussures,5,31.89,0.0,Maroc,App,7.06,1,159.45
CMD04241,2024-08-26,Ali Benali,Jouets,Puzzle,1,370.96,0.05,Italie,App,2.43,1,352.412
CMD04242,2024-03-30,Sarah Moreau,Mode,Sac à main,4,565.25,0.0,Italie,Magasin,5.66,4,2261.0
CMD04243,2024-07-02,Emma Rossi,Électronique,Casque audio,4,899.96,0.3,France,App,5.4,5,2519.888
CMD04244,2024-06-02,Jean Dupont,Maison,Machine à café,1,1086.43,0.15,Espagne,App,2.05,5,923.4655
CMD04245,2024-12-13,Paolo Bianchi,Mode,Sac à main,4,239.97,0.2,Espagne,Magasin,14.89,1,767.904
CMD04246,2024-02-15,Sarah Moreau,Mode,Jean,5,1178.51,0.15,Suisse,Magasin,13.41,2,5008.6675000000005
CMD04247,2024-04-08,Lucie Martin,Maison,Ventilateur,5,1380.9,0.2,Maroc,App,0.29,3,5523.6
CMD04248,2024-07-03,Jean Dupont,Électronique,TV 4K,2,216.14,0.3,France,App,0.79,4,302.59599999999995
CMD04249,2024-10-07,Lucie Martin,Électronique,TV 4K,3,1444.66,0.15,Belgique,Magasin,7.35,3,3683.8830000000003
CMD04250,2024-05-22,Jean Dupont,Jouets,Lego,3,1096.53,0.3,Suisse,App,13.36,3,2302.7129999999997
CMD04251,2024-10-31,Nina Müller,Beauté,Rouge à lèvres,2,1629.18,0.2,Italie,App,7.42,4,2606.688
CMD04252,2024-03-08,Ali Benali,Maison,Lampadaire,2,960.99,0.25,Italie,App,1.49,1,1441.4850000000001
CMD04253,2024-03-24,Léa Durand,Sport,Ballon,4,589.44,0.05,Suisse,App,10.35,2,2239.8720000000003
CMD04254,2024-08-07,Nina Müller,Maison,Ventilateur,4,1484.5,0.1,Suisse,Magasin,3.14,2,5344.2
CMD04255,2024-01-22,Nina Müller,Beauté,Parfum,4,1732.18,0.1,Suisse,Magasin,12.25,2,6235.848
CMD04256,2024-09-29,Paolo Bianchi,Mode,Sac à main,2,1580.41,0.1,Allemagne,Web,8.83,3,2844.7380000000003
CMD04257,2024-02-18,Paolo Bianchi,Maison,Lampadaire,2,1077.3,0.1,Suisse,Web,5.13,2,1939.1399999999999
CMD04258,2024-11-24,Ali Benali,Beauté,Parfum,3,1701.71,0.25,Suisse,App,5.16,2,3828.8475
CMD04259,2024-05-13,Paolo Bianchi,Sport,Chaussures de sport,2,85.8,0.3,Espagne,Web,13.69,4,120.11999999999999
CMD04260,2024-09-14,Léa Durand,Électronique,Casque audio,2,1908.84,0.15,Italie,Magasin,13.61,1,3245.028
CMD04261,2024-11-01,Lucie Martin,Jouets,Puzzle,1,1914.19,0.15,France,Magasin,9.16,3,1627.0615
CMD04262,2024-02-02,Jean Dupont,Sport,Vélo,5,1995.95,0.15,Belgique,Web,7.73,1,8482.7875
CMD04263,2024-07-30,Nina Müller,Beauté,Rouge à lèvres,4,1380.32,0.05,Allemagne,App,11.41,4,5245.215999999999
CMD04264,2024-03-23,Nina Müller,Beauté,Rouge à lèvres,1,1358.35,0.15,Maroc,Magasin,1.34,1,1154.5974999999999
CMD04265,2024-11-06,Sarah Moreau,Électronique,Casque audio,1,1026.84,0.3,Belgique,Web,3.34,2,718.7879999999999
CMD04266,2024-10-19,Lucie Martin,Électronique,TV 4K,4,1195.71,0.05,Allemagne,Magasin,13.7,5,4543.698
CMD04267,2024-02-27,Paolo Bianchi,Beauté,Sérum,3,1880.26,0.15,France,App,4.72,1,4794.663
CMD04268,2024-05-07,Sarah Moreau,Maison,Mixeur,5,39.52,0.3,Suisse,Web,5.62,4,138.32
CMD04269,2024-04-17,Nina Müller,Jouets,Jeu de société,4,1836.91,0.0,Maroc,Web,5.04,4,7347.64
CMD04270,2024-03-29,Emma Rossi,Mode,Sac à main,2,451.85,0.2,Italie,Web,8.24,5,722.96
CMD04271,2024-03-07,Ali Benali,Sport,Tapis de course,1,1871.78,0.0,Espagne,App,9.27,4,1871.78
CMD04272,2024-08-21,Paolo Bianchi,Mode,Chaussures,3,1422.38,0.1,Suisse,Magasin,7.61,5,3840.4260000000004
CMD04273,2024-10-02,Paolo Bianchi,Maison,Machine à café,1,1233.15,0.0,Allemagne,Web,10.8,3,1233.15
CMD04274,2024-09-16,Léa Durand,Beauté,Sérum,2,775.98,0.15,Belgique,Magasin,10.45,4,1319.166
CMD04275,2024-08-11,Emma Rossi,Beauté,Shampoing,3,671.36,0.15,Belgique,Magasin,6.08,4,1711.9679999999998
CMD04276,2024-08-04,Jean Dupont,Sport,Vélo,5,1828.86,0.25,Maroc,Web,9.51,2,6858.224999999999
CMD04277,2024-02-04,Léa Durand,Maison,Lampadaire,3,324.11,0.1,Espagne,Magasin,1.13,5,875.0970000000001
CMD04278,2024-03-22,Léa Durand,Sport,Chaussures de sport,5,1507.73,0.2,Suisse,Magasin,11.56,2,6030.92
CMD04279,2024-04-25,Lucie Martin,Maison,Aspirateur,5,986.02,0.1,Suisse,Web,14.63,1,4437.09
CMD04280,2024-09-14,Emma Rossi,Jouets,Voiture téléguidée,4,183.14,0.1,Italie,Web,7.8,4,659.304
CMD04281,2024-04-12,Léa Durand,Maison,Aspirateur,1,297.81,0.2,Maroc,Web,4.75,4,238.24800000000002
CMD04282,2024-05-21,Lucie Martin,Maison,Lampadaire,4,185.71,0.15,Allemagne,App,14.19,1,631.414
CMD04283,2024-11-14,Jean Dupont,Mode,Jean,2,1820.03,0.3,Belgique,App,7.24,4,2548.042
CMD04284,2024-05-05,Sarah Moreau,Maison,Lampadaire,3,1387.29,0.15,Belgique,Magasin,14.58,4,3537.5894999999996
CMD04285,2024-09-17,Léa Durand,Jouets,Jeu de société,4,1449.23,0.2,Allemagne,Magasin,4.29,5,4637.536
CMD04286,2024-07-24,Emma Rossi,Mode,Jean,5,141.86,0.3,Belgique,App,2.12,1,496.51
CMD04287,2024-09-26,Emma Rossi,Électronique,Casque audio,4,1099.37,0.05,Maroc,Web,3.59,2,4177.606
CMD04288,2024-03-27,Carlos Gomez,Beauté,Sérum,2,77.85,0.05,Italie,App,7.82,5,147.915
CMD04289,2024-02-08,Lucie Martin,Beauté,Sérum,2,1648.91,0.1,Maroc,App,8.88,4,2968.038
CMD04290,2024-12-22,Emma Rossi,Électronique,Ordinateur portable,2,967.48,0.15,Italie,Magasin,3.18,5,1644.716
CMD04291,2024-04-10,Ali Benali,Sport,Ballon,3,1107.55,0.2,Espagne,Web,2.45,5,2658.12
CMD04292,2024-02-29,Carlos Gomez,Électronique,Casque audio,4,1285.89,0.0,Allemagne,Magasin,12.38,1,5143.56
CMD04293,2024-09-09,Paolo Bianchi,Mode,Montre,3,1257.19,0.25,Italie,App,11.7,1,2828.6775000000002
CMD04294,2024-07-03,Jean Dupont,Jouets,Peluche,4,1429.21,0.0,Allemagne,Magasin,0.56,4,5716.84
CMD04295,2024-05-12,Paolo Bianchi,Beauté,Rouge à lèvres,5,798.18,0.2,Suisse,App,12.53,1,3192.72
CMD04296,2024-08-07,Emma Rossi,Sport,Raquette,5,1689.72,0.2,Suisse,Magasin,11.96,4,6758.880000000001
CMD04297,2024-12-16,Jean Dupont,Beauté,Crème visage,2,1021.49,0.2,Allemagne,Web,14.88,1,1634.384
CMD04298,2024-08-23,Lucie Martin,Beauté,Rouge à lèvres,1,1161.16,0.0,Italie,App,14.64,3,1161.16
CMD04299,2024-06-30,Ali Benali,Électronique,Tablette,2,298.68,0.3,France,Web,13.06,1,418.152
CMD04300,2024-02-29,Ali Benali,Mode,Chaussures,3,1837.5,0.25,Maroc,Web,8.37,2,4134.375
CMD04301,2024-05-01,Léa Durand,Beauté,Rouge à lèvres,4,873.68,0.15,Maroc,Web,12.69,1,2970.5119999999997
CMD04302,2024-08-01,Sarah Moreau,Beauté,Rouge à lèvres,5,564.67,0.15,Maroc,App,0.18,1,2399.8475
CMD04303,2024-03-09,Sarah Moreau,Maison,Machine à café,4,1935.42,0.0,Allemagne,Web,4.74,1,7741.68
CMD04304,2024-09-06,Paolo Bianchi,Maison,Machine à café,5,33.98,0.2,Espagne,App,1.09,4,135.92
CMD04305,2024-07-16,Lucie Martin,Maison,Aspirateur,5,498.37,0.2,Suisse,Magasin,14.63,5,1993.48
CMD04306,2024-04-15,Carlos Gomez,Maison,Lampadaire,3,1596.38,0.3,Italie,Web,4.58,1,3352.398
CMD04307,2024-04-02,Nina Müller,Jouets,Peluche,3,154.31,0.0,Maroc,Magasin,13.05,5,462.93
CMD04308,2024-12-20,Jean Dupont,Maison,Mixeur,5,1163.66,0.2,Italie,Web,0.47,3,4654.64
CMD04309,2024-01-02,Nina Müller,Jouets,Lego,1,29.89,0.1,Belgique,Magasin,9.06,4,26.901
CMD04310,2024-03-23,Emma Rossi,Beauté,Crème visage,4,822.01,0.2,Maroc,Magasin,0.88,2,2630.4320000000002
CMD04311,2024-04-14,Jean Dupont,Électronique,Casque audio,2,1923.89,0.2,Allemagne,Magasin,9.95,4,3078.224
CMD04312,2024-12-11,Carlos Gomez,Maison,Machine à café,2,1075.13,0.3,Italie,Web,10.9,4,1505.182
CMD04313,2024-12-05,Jean Dupont,Électronique,Smartphone,5,1997.89,0.15,Maroc,App,2.26,4,8491.032500000001
CMD04314,2024-09-11,Paolo Bianchi,Jouets,Voiture téléguidée,3,1239.41,0.25,Maroc,Web,9.39,1,2788.6725000000006
CMD04315,2024-09-07,Carlos Gomez,Maison,Machine à café,2,1596.95,0.1,Maroc,Web,7.29,3,2874.51
CMD04316,2024-07-11,Sarah Moreau,Électronique,Tablette,4,358.78,0.1,Italie,Magasin,14.23,3,1291.608
CMD04317,2024-05-11,Jean Dupont,Sport,Raquette,3,1299.06,0.15,Italie,Web,7.2,3,3312.6029999999996
CMD04318,2024-11-18,Lucie Martin,Sport,Chaussures de sport,3,50.84,0.1,Espagne,Web,2.78,2,137.268
CMD04319,2024-10-26,Lucie Martin,Beauté,Crème visage,1,389.59,0.25,Maroc,Web,10.3,1,292.1925
CMD04320,2024-11-22,Emma Rossi,Électronique,Tablette,3,1000.44,0.0,Suisse,Web,10.55,5,3001.32
CMD04321,2024-11-17,Ali Benali,Maison,Machine à café,4,1365.41,0.0,Suisse,App,12.17,3,5461.64
CMD04322,2024-11-06,Léa Durand,Électronique,Smartphone,2,1403.26,0.0,Allemagne,Web,0.5,2,2806.52
CMD04323,2024-08-15,Léa Durand,Beauté,Parfum,5,281.34,0.3,Espagne,Magasin,5.75,2,984.6899999999998
CMD04324,2024-03-12,Emma Rossi,Électronique,Casque audio,2,654.75,0.05,France,App,8.79,1,1244.0249999999999
CMD04325,2024-01-16,Ali Benali,Beauté,Rouge à lèvres,2,313.75,0.15,Italie,App,6.18,4,533.375
CMD04326,2024-10-23,Paolo Bianchi,Jouets,Jeu de société,4,1736.49,0.2,France,Magasin,13.28,4,5556.768
CMD04327,2024-04-04,Emma Rossi,Sport,Vélo,4,1681.41,0.1,France,Magasin,12.6,2,6053.076
CMD04328,2024-08-06,Nina Müller,Sport,Vélo,3,1021.29,0.1,Allemagne,Magasin,14.73,5,2757.483
CMD04329,2024-03-11,Youssef El Amrani,Électronique,Tablette,5,951.6,0.25,Allemagne,App,9.08,3,3568.5
CMD04330,2024-05-25,Emma Rossi,Maison,Aspirateur,1,1517.52,0.3,Maroc,Magasin,0.85,3,1062.264
CMD04331,2024-12-30,Lucie Martin,Beauté,Crème visage,5,1192.09,0.25,Espagne,Web,6.14,5,4470.3375
CMD04332,2024-05-02,Youssef El Amrani,Électronique,TV 4K,3,190.13,0.3,Italie,App,6.21,1,399.27299999999997
CMD04333,2024-05-21,Emma Rossi,Jouets,Lego,2,1169.61,0.2,Maroc,Magasin,12.15,2,1871.376
CMD04334,2024-01-18,Jean Dupont,Électronique,Tablette,3,1368.34,0.1,Espagne,Web,14.4,4,3694.5179999999996
CMD04335,2024-06-17,Jean Dupont,Électronique,Ordinateur portable,4,1703.7,0.15,Allemagne,Web,0.43,1,5792.58
CMD04336,2024-12-11,Paolo Bianchi,Électronique,Casque audio,5,268.31,0.2,Belgique,Web,9.89,2,1073.24
CMD04337,2024-04-23,Lucie Martin,Beauté,Rouge à lèvres,3,127.72,0.3,Allemagne,Magasin,11.99,2,268.212
CMD04338,2024-08-18,Nina Müller,Jouets,Puzzle,2,1382.65,0.1,Italie,App,3.63,4,2488.7700000000004
CMD04339,2024-12-02,Lucie Martin,Sport,Ballon,2,1672.14,0.3,Belgique,Magasin,11.66,1,2340.996
CMD04340,2024-09-28,Youssef El Amrani,Électronique,Casque audio,2,1898.52,0.1,Espagne,Web,3.37,1,3417.3360000000002
CMD04341,2024-08-19,Nina Müller,Sport,Ballon,2,1769.17,0.15,Espagne,Web,0.09,5,3007.589
CMD04342,2024-02-03,Lucie Martin,Jouets,Puzzle,1,502.65,0.3,Suisse,App,14.87,1,351.85499999999996
CMD04343,2024-05-04,Carlos Gomez,Beauté,Shampoing,1,1027.1,0.15,Maroc,Magasin,2.18,4,873.0349999999999
CMD04344,2024-05-18,Paolo Bianchi,Sport,Raquette,3,1864.65,0.05,Maroc,App,9.63,1,5314.2525000000005
CMD04345,2024-02-28,Léa Durand,Maison,Machine à café,4,1505.99,0.1,Espagne,Magasin,14.59,4,5421.564
CMD04346,2024-08-07,Lucie Martin,Maison,Machine à café,2,382.76,0.25,Belgique,Web,1.36,5,574.14
CMD04347,2024-03-15,Nina Müller,Maison,Ventilateur,1,960.42,0.25,Belgique,App,8.92,3,720.3149999999999
CMD04348,2024-11-29,Paolo Bianchi,Beauté,Shampoing,3,1601.72,0.1,Allemagne,Web,10.68,5,4324.644
CMD04349,2024-01-12,Emma Rossi,Sport,Vélo,5,1580.51,0.2,Maroc,App,13.68,1,6322.040000000001
CMD04350,2024-05-20,Nina Müller,Jouets,Lego,3,35.54,0.25,Italie,Magasin,14.35,1,79.965
CMD04351,2024-10-14,Emma Rossi,Maison,Mixeur,3,679.09,0.2,Italie,Magasin,12.1,3,1629.816
CMD04352,2024-10-14,Youssef El Amrani,Sport,Vélo,3,828.57,0.05,Belgique,Magasin,4.31,1,2361.4245
CMD04353,2024-03-30,Carlos Gomez,Sport,Chaussures de sport,3,309.66,0.15,Allemagne,App,1.8,5,789.633
CMD04354,2024-09-07,Nina Müller,Beauté,Shampoing,5,1640.6,0.25,Espagne,Magasin,13.12,2,6152.25
CMD04355,2024-03-13,Jean Dupont,Maison,Mixeur,2,1611.04,0.2,Espagne,App,11.32,2,2577.664
CMD04356,2024-08-16,Paolo Bianchi,Beauté,Crème visage,1,1921.22,0.1,Espagne,Web,4.72,5,1729.098
CMD04357,2024-03-11,Jean Dupont,Électronique,Tablette,4,1318.94,0.3,Allemagne,App,5.91,1,3693.0319999999997
CMD04358,2024-06-05,Sarah Moreau,Maison,Lampadaire,5,1912.77,0.15,Allemagne,Magasin,2.83,2,8129.2725
CMD04359,2024-01-18,Nina Müller,Mode,Sac à main,5,1007.13,0.0,Allemagne,Web,8.23,5,5035.65
CMD04360,2024-11-04,Youssef El Amrani,Maison,Mixeur,3,1268.74,0.3,Italie,Web,5.18,4,2664.354
CMD04361,2024-05-01,Emma Rossi,Beauté,Rouge à lèvres,1,1283.29,0.25,Maroc,Web,14.97,4,962.4675
CMD04362,2024-06-09,Youssef El Amrani,Mode,Sac à main,2,394.92,0.15,Allemagne,Magasin,3.72,5,671.364
CMD04363,2024-05-01,Jean Dupont,Sport,Vélo,4,1134.4,0.3,France,Web,11.05,5,3176.32
CMD04364,2024-04-07,Jean Dupont,Jouets,Voiture téléguidée,2,421.61,0.05,Suisse,Magasin,8.37,5,801.059
CMD04365,2024-03-22,Emma Rossi,Électronique,TV 4K,2,1040.02,0.25,Maroc,Magasin,6.83,1,1560.03
CMD04366,2024-02-10,Ali Benali,Beauté,Sérum,4,1549.3,0.0,Italie,Web,1.32,1,6197.2
CMD04367,2024-11-25,Léa Durand,Maison,Machine à café,1,1681.85,0.1,Belgique,App,12.94,3,1513.665
CMD04368,2024-09-06,Sarah Moreau,Sport,Vélo,3,1281.84,0.0,Italie,Magasin,9.71,4,3845.5199999999995
CMD04369,2024-11-17,Sarah Moreau,Mode,Veste,4,1134.93,0.2,Belgique,App,10.77,5,3631.7760000000003
CMD04370,2024-08-25,Léa Durand,Jouets,Peluche,3,1045.16,0.25,Espagne,Magasin,1.29,5,2351.6100000000006
CMD04371,2024-09-12,Carlos Gomez,Mode,Montre,5,1911.4,0.3,Belgique,App,12.49,4,6689.9
CMD04372,2024-08-09,Ali Benali,Électronique,Ordinateur portable,3,1278.93,0.0,Italie,Web,12.72,4,3836.79
CMD04373,2024-06-05,Léa Durand,Électronique,Tablette,5,1463.88,0.0,France,Web,14.22,5,7319.400000000001
CMD04374,2024-09-26,Carlos Gomez,Électronique,Smartphone,5,1945.51,0.1,Belgique,Web,14.41,5,8754.795
CMD04375,2024-10-20,Carlos Gomez,Sport,Raquette,5,1802.75,0.0,Allemagne,Web,10.99,1,9013.75
CMD04376,2024-09-09,Carlos Gomez,Beauté,Crème visage,1,756.78,0.3,Suisse,App,14.96,1,529.746
CMD04377,2024-07-04,Sarah Moreau,Électronique,Casque audio,5,1583.21,0.2,Italie,Web,7.28,3,6332.84
CMD04378,2024-08-20,Youssef El Amrani,Jouets,Voiture téléguidée,2,308.04,0.15,Espagne,Magasin,4.49,5,523.668
CMD04379,2024-10-13,Emma Rossi,Maison,Aspirateur,4,1761.32,0.25,France,Web,13.01,3,5283.96
CMD04380,2024-09-06,Youssef El Amrani,Sport,Ballon,3,1093.65,0.15,Belgique,Web,6.24,4,2788.8075000000003
CMD04381,2024-09-26,Youssef El Amrani,Jouets,Voiture téléguidée,1,1157.01,0.2,Maroc,Web,7.78,5,925.6080000000001
CMD04382,2024-04-03,Léa Durand,Maison,Lampadaire,3,1810.3,0.2,Italie,App,7.61,1,4344.72
CMD04383,2024-02-22,Nina Müller,Électronique,Casque audio,5,1079.7,0.1,Espagne,Web,3.85,4,4858.650000000001
CMD04384,2024-01-01,Nina Müller,Mode,Veste,3,448.33,0.1,Belgique,Magasin,9.94,2,1210.491
CMD04385,2024-12-27,Sarah Moreau,Maison,Machine à café,5,1322.44,0.05,Italie,Magasin,7.46,5,6281.59
CMD04386,2024-05-19,Lucie Martin,Jouets,Peluche,4,358.79,0.2,Suisse,App,5.5,4,1148.1280000000002
CMD04387,2024-11-28,Nina Müller,Mode,Veste,2,695.72,0.15,Suisse,Magasin,0.99,3,1182.724
CMD04388,2024-03-28,Paolo Bianchi,Maison,Mixeur,2,741.38,0.2,France,App,4.77,2,1186.208
CMD04389,2024-06-25,Carlos Gomez,Maison,Mixeur,1,370.68,0.0,Espagne,Magasin,2.97,5,370.68
CMD04390,2024-03-31,Paolo Bianchi,Mode,Sac à main,3,1874.76,0.15,France,Magasin,3.69,1,4780.638
CMD04391,2024-08-09,Paolo Bianchi,Jouets,Lego,4,1379.79,0.1,Maroc,Magasin,10.89,4,4967.244
CMD04392,2024-03-25,Nina Müller,Mode,Sac à main,5,473.38,0.1,Allemagne,App,13.35,2,2130.21
CMD04393,2024-09-29,Jean Dupont,Maison,Aspirateur,5,1810.74,0.3,Espagne,Web,2.98,5,6337.59
CMD04394,2024-05-02,Nina Müller,Mode,Sac à main,1,234.14,0.05,Allemagne,Magasin,7.0,4,222.43299999999996
CMD04395,2024-06-17,Léa Durand,Jouets,Peluche,5,128.21,0.05,Italie,App,4.73,4,608.9975000000001
CMD04396,2024-12-08,Lucie Martin,Jouets,Lego,1,1767.54,0.3,Allemagne,Web,2.98,3,1237.2779999999998
CMD04397,2024-06-30,Carlos Gomez,Électronique,Casque audio,4,1295.35,0.2,Belgique,App,0.47,1,4145.12
CMD04398,2024-09-07,Youssef El Amrani,Jouets,Puzzle,5,1535.03,0.05,Allemagne,Web,8.65,4,7291.392499999999
CMD04399,2024-10-19,Jean Dupont,Jouets,Lego,2,423.93,0.25,France,Web,0.72,2,635.895
CMD04400,2024-10-19,Carlos Gomez,Sport,Chaussures de sport,4,327.39,0.05,Suisse,App,7.35,4,1244.0819999999999
CMD04401,2024-05-22,Nina Müller,Jouets,Lego,5,718.78,0.2,Espagne,Web,0.59,4,2875.12
CMD04402,2024-07-09,Lucie Martin,Mode,Chaussures,1,1179.55,0.05,Suisse,Web,7.33,4,1120.5725
CMD04403,2024-02-08,Sarah Moreau,Jouets,Puzzle,4,1602.5,0.0,Italie,App,10.62,2,6410.0
CMD04404,2024-12-07,Carlos Gomez,Jouets,Jeu de société,1,536.26,0.0,Italie,Web,5.33,5,536.26
CMD04405,2024-09-09,Lucie Martin,Jouets,Jeu de société,2,1942.69,0.05,France,Magasin,4.21,4,3691.111
CMD04406,2024-08-08,Carlos Gomez,Mode,Chaussures,3,1422.5,0.0,Espagne,Magasin,11.22,4,4267.5
CMD04407,2024-10-05,Nina Müller,Électronique,TV 4K,1,533.67,0.1,Allemagne,App,2.67,1,480.303
CMD04408,2024-12-16,Sarah Moreau,Beauté,Rouge à lèvres,1,954.1,0.3,Suisse,Web,4.5,2,667.87
CMD04409,2024-10-18,Youssef El Amrani,Beauté,Parfum,2,116.46,0.1,Italie,Magasin,5.95,5,209.628
CMD04410,2024-04-07,Emma Rossi,Beauté,Shampoing,5,1150.41,0.0,Belgique,Magasin,1.07,1,5752.05
CMD04411,2024-09-30,Sarah Moreau,Électronique,Casque audio,2,1705.76,0.1,France,Web,0.26,4,3070.368
CMD04412,2024-01-12,Lucie Martin,Maison,Ventilateur,5,1585.4,0.25,Belgique,Web,2.75,4,5945.25
CMD04413,2024-09-15,Nina Müller,Électronique,Tablette,1,205.08,0.25,Maroc,Magasin,8.31,4,153.81
CMD04414,2024-03-15,Lucie Martin,Jouets,Jeu de société,1,848.03,0.1,Italie,Magasin,14.35,2,763.227
CMD04415,2024-05-09,Léa Durand,Électronique,Smartphone,2,160.01,0.05,France,Web,8.43,4,304.01899999999995
CMD04416,2024-10-03,Paolo Bianchi,Électronique,TV 4K,2,786.93,0.0,Suisse,Web,5.96,5,1573.86
CMD04417,2024-05-11,Sarah Moreau,Électronique,Tablette,1,184.65,0.0,Maroc,Web,4.42,4,184.65
CMD04418,2024-03-29,Léa Durand,Beauté,Parfum,2,41.32,0.1,France,Magasin,7.83,3,74.376
CMD04419,2024-01-25,Youssef El Amrani,Beauté,Shampoing,2,1334.13,0.15,Suisse,App,9.5,1,2268.021
CMD04420,2024-12-09,Léa Durand,Électronique,TV 4K,1,1737.28,0.3,Suisse,Magasin,9.42,2,1216.096
CMD04421,2024-02-13,Jean Dupont,Jouets,Lego,3,855.18,0.2,Espagne,Web,1.58,1,2052.4320000000002
CMD04422,2024-09-11,Jean Dupont,Beauté,Crème visage,1,27.28,0.1,Espagne,Web,9.35,2,24.552000000000003
CMD04423,2024-04-10,Paolo Bianchi,Sport,Ballon,1,999.29,0.2,Maroc,Magasin,4.79,5,799.432
CMD04424,2024-01-22,Léa Durand,Beauté,Shampoing,3,1235.51,0.2,Maroc,Web,10.82,2,2965.224
CMD04425,2024-01-01,Ali Benali,Sport,Raquette,2,1249.72,0.0,Italie,App,5.61,2,2499.44
CMD04426,2024-03-14,Ali Benali,Sport,Raquette,4,1502.96,0.2,France,Magasin,8.28,3,4809.472000000001
CMD04427,2024-07-27,Jean Dupont,Électronique,Casque audio,2,1682.41,0.15,Espagne,Magasin,10.15,1,2860.097
CMD04428,2024-08-12,Emma Rossi,Mode,Veste,3,1418.64,0.3,Espagne,Web,10.03,4,2979.144
CMD04429,2024-12-09,Nina Müller,Mode,Veste,1,171.97,0.2,France,App,4.0,5,137.576
CMD04430,2024-02-08,Lucie Martin,Électronique,Smartphone,4,964.39,0.0,Maroc,App,2.7,1,3857.56
CMD04431,2024-07-16,Sarah Moreau,Électronique,Ordinateur portable,1,1925.68,0.3,Suisse,Web,10.96,1,1347.9759999999999
CMD04432,2024-07-07,Carlos Gomez,Électronique,Tablette,4,576.37,0.15,Suisse,Web,6.39,2,1959.658
CMD04433,2024-02-23,Emma Rossi,Maison,Ventilateur,4,767.65,0.05,Maroc,App,5.2,5,2917.0699999999997
CMD04434,2024-10-07,Jean Dupont,Jouets,Voiture téléguidée,2,736.3,0.1,France,Magasin,9.02,4,1325.34
CMD04435,2024-12-06,Lucie Martin,Mode,Montre,4,1506.99,0.2,Belgique,App,3.24,4,4822.368
CMD04436,2024-01-05,Sarah Moreau,Électronique,Tablette,3,1559.37,0.3,Allemagne,Web,0.49,1,3274.6769999999997
CMD04437,2024-08-10,Nina Müller,Électronique,Smartphone,5,421.46,0.3,Belgique,App,2.72,5,1475.1099999999997
CMD04438,2024-01-25,Emma Rossi,Mode,Montre,5,1045.93,0.1,Suisse,App,10.81,5,4706.685
CMD04439,2024-06-17,Paolo Bianchi,Beauté,Sérum,5,1016.62,0.2,Espagne,App,11.79,4,4066.4800000000005
CMD04440,2024-11-19,Lucie Martin,Maison,Lampadaire,4,100.46,0.25,Maroc,Web,11.49,3,301.38
CMD04441,2024-08-18,Jean Dupont,Maison,Aspirateur,1,1939.48,0.1,Belgique,App,4.0,5,1745.5320000000002
CMD04442,2024-07-08,Emma Rossi,Mode,Veste,4,944.65,0.15,Suisse,Magasin,1.57,5,3211.81
CMD04443,2024-05-09,Ali Benali,Électronique,Smartphone,5,1714.66,0.0,Suisse,App,14.76,4,8573.300000000001
CMD04444,2024-11-05,Jean Dupont,Maison,Lampadaire,2,215.52,0.15,Italie,App,7.15,1,366.384
CMD04445,2024-01-25,Sarah Moreau,Jouets,Peluche,1,1504.62,0.0,Italie,Magasin,9.41,1,1504.62
CMD04446,2024-02-24,Paolo Bianchi,Beauté,Shampoing,1,1850.6,0.2,Espagne,Magasin,0.95,5,1480.48
CMD04447,2024-10-22,Léa Durand,Jouets,Peluche,3,790.13,0.0,France,Magasin,0.66,4,2370.39
CMD04448,2024-09-24,Léa Durand,Mode,Sac à main,2,1995.03,0.15,Suisse,Magasin,2.94,4,3391.551
CMD04449,2024-09-25,Ali Benali,Électronique,Tablette,1,1971.29,0.1,Belgique,Web,3.25,5,1774.161
CMD04450,2024-10-07,Carlos Gomez,Maison,Mixeur,5,688.95,0.0,Allemagne,Magasin,7.85,4,3444.75
CMD04451,2024-04-09,Carlos Gomez,Électronique,Smartphone,5,848.7,0.25,Suisse,Web,14.18,3,3182.625
CMD04452,2024-12-27,Paolo Bianchi,Sport,Vélo,1,1822.94,0.25,Suisse,Web,8.08,3,1367.205
CMD04453,2024-05-06,Léa Durand,Électronique,Ordinateur portable,1,252.01,0.1,Allemagne,Magasin,5.8,3,226.809
CMD04454,2024-08-06,Youssef El Amrani,Électronique,Casque audio,4,47.07,0.05,Maroc,Web,13.9,5,178.86599999999999
CMD04455,2024-10-30,Sarah Moreau,Beauté,Parfum,5,865.25,0.15,Maroc,Magasin,11.42,1,3677.3125
CMD04456,2024-05-30,Lucie Martin,Beauté,Parfum,1,216.3,0.05,Maroc,Magasin,13.33,3,205.485
CMD04457,2024-07-07,Carlos Gomez,Mode,Chaussures,1,447.77,0.15,Belgique,Magasin,10.78,3,380.6045
CMD04458,2024-03-20,Jean Dupont,Beauté,Crème visage,5,1219.73,0.1,Suisse,Web,7.69,2,5488.785
CMD04459,2024-07-20,Nina Müller,Beauté,Rouge à lèvres,4,37.82,0.05,France,Web,0.04,5,143.716
CMD04460,2024-09-08,Nina Müller,Mode,Jean,5,599.01,0.3,Maroc,App,3.51,1,2096.535
CMD04461,2024-06-30,Emma Rossi,Maison,Ventilateur,1,838.36,0.15,Belgique,Web,4.83,3,712.606
CMD04462,2024-04-23,Ali Benali,Jouets,Puzzle,2,609.03,0.25,Allemagne,Magasin,11.67,3,913.545
CMD04463,2024-04-02,Emma Rossi,Beauté,Parfum,4,1060.85,0.1,Allemagne,App,7.33,5,3819.06
CMD04464,2024-12-30,Nina Müller,Jouets,Peluche,4,935.35,0.2,Allemagne,App,11.88,5,2993.1200000000003
CMD04465,2024-04-03,Jean Dupont,Sport,Vélo,4,1338.94,0.25,Allemagne,Magasin,14.02,4,4016.82
CMD04466,2024-06-22,Paolo Bianchi,Maison,Machine à café,5,68.09,0.15,Espagne,Magasin,13.08,1,289.38250000000005
CMD04467,2024-10-03,Nina Müller,Mode,Veste,4,287.39,0.15,Belgique,App,4.17,5,977.126
CMD04468,2024-12-24,Paolo Bianchi,Électronique,Smartphone,3,454.65,0.05,Allemagne,Web,7.73,5,1295.7524999999998
CMD04469,2024-09-24,Emma Rossi,Maison,Ventilateur,2,1023.37,0.15,Italie,Web,5.47,1,1739.729
CMD04470,2024-09-15,Lucie Martin,Électronique,TV 4K,3,1198.3,0.2,France,Magasin,11.37,4,2875.92
CMD04471,2024-04-19,Paolo Bianchi,Sport,Tapis de course,5,1531.61,0.2,Maroc,App,10.23,1,6126.44
CMD04472,2024-10-25,Léa Durand,Mode,Veste,4,1483.38,0.1,Italie,Web,8.51,3,5340.168000000001
CMD04473,2024-08-18,Ali Benali,Mode,Jean,3,90.79,0.15,Belgique,Magasin,9.82,3,231.5145
CMD04474,2024-10-02,Carlos Gomez,Jouets,Lego,5,369.21,0.1,Suisse,Web,0.51,2,1661.445
CMD04475,2024-12-14,Jean Dupont,Jouets,Peluche,5,280.07,0.15,Allemagne,Magasin,0.62,1,1190.2975
CMD04476,2024-12-27,Emma Rossi,Jouets,Jeu de société,1,1017.15,0.3,Maroc,Magasin,12.9,3,712.005
CMD04477,2024-12-21,Jean Dupont,Sport,Tapis de course,3,1309.22,0.05,Belgique,App,2.69,3,3731.2769999999996
CMD04478,2024-01-27,Jean Dupont,Beauté,Parfum,1,1861.3,0.3,France,Magasin,3.8,5,1302.9099999999999
CMD04479,2024-01-20,Léa Durand,Électronique,Casque audio,1,883.81,0.15,Maroc,Magasin,1.89,1,751.2384999999999
CMD04480,2024-07-27,Lucie Martin,Mode,Montre,5,1690.77,0.3,Suisse,Magasin,12.1,1,5917.695
CMD04481,2024-06-15,Youssef El Amrani,Mode,Veste,3,1557.54,0.05,Suisse,Web,13.54,3,4438.989
CMD04482,2024-03-01,Paolo Bianchi,Électronique,Casque audio,1,434.61,0.0,France,App,13.29,3,434.61
CMD04483,2024-01-05,Jean Dupont,Beauté,Parfum,3,957.62,0.25,Suisse,Web,3.15,1,2154.645
CMD04484,2024-06-05,Paolo Bianchi,Jouets,Jeu de société,3,995.45,0.25,Maroc,Magasin,12.71,5,2239.7625000000003
CMD04485,2024-06-08,Lucie Martin,Mode,Sac à main,4,168.72,0.25,Espagne,Web,8.26,1,506.15999999999997
CMD04486,2024-04-15,Lucie Martin,Maison,Ventilateur,1,1714.96,0.25,Italie,Web,10.03,1,1286.22
CMD04487,2024-07-24,Youssef El Amrani,Beauté,Parfum,2,1264.94,0.25,Italie,Magasin,10.49,1,1897.41
CMD04488,2024-08-01,Paolo Bianchi,Jouets,Voiture téléguidée,2,1322.28,0.15,Suisse,App,3.59,5,2247.8759999999997
CMD04489,2024-08-03,Jean Dupont,Jouets,Puzzle,4,1269.88,0.0,Allemagne,Web,13.76,1,5079.52
CMD04490,2024-11-13,Ali Benali,Beauté,Rouge à lèvres,1,1405.88,0.2,Belgique,Magasin,14.55,2,1124.7040000000002
CMD04491,2024-06-15,Ali Benali,Jouets,Voiture téléguidée,1,499.7,0.1,Suisse,Magasin,6.61,3,449.73
CMD04492,2024-11-06,Léa Durand,Mode,Sac à main,4,521.83,0.2,France,App,13.81,1,1669.8560000000002
CMD04493,2024-12-16,Nina Müller,Maison,Aspirateur,5,611.13,0.3,Italie,App,10.54,2,2138.955
CMD04494,2024-04-26,Nina Müller,Maison,Ventilateur,4,490.7,0.25,Maroc,Web,2.72,2,1472.1
CMD04495,2024-10-08,Léa Durand,Beauté,Sérum,4,941.29,0.1,Allemagne,Magasin,11.47,5,3388.644
CMD04496,2024-11-11,Sarah Moreau,Électronique,Smartphone,5,1567.97,0.1,France,App,9.45,3,7055.865000000001
CMD04497,2024-05-18,Ali Benali,Jouets,Puzzle,3,1814.82,0.15,France,Web,6.88,4,4627.791
CMD04498,2024-09-06,Sarah Moreau,Maison,Lampadaire,1,72.94,0.15,France,Magasin,0.56,1,61.998999999999995
CMD04499,2024-04-22,Lucie Martin,Jouets,Jeu de société,2,1596.44,0.05,Maroc,Magasin,7.39,3,3033.236
CMD04500,2024-07-24,Léa Durand,Beauté,Shampoing,1,843.87,0.05,Allemagne,Web,8.62,3,801.6764999999999
CMD04501,2024-02-13,Carlos Gomez,Beauté,Crème visage,1,1096.79,0.15,Allemagne,Web,11.96,1,932.2715
CMD04502,2024-03-10,Lucie Martin,Mode,Chaussures,4,1187.46,0.2,Suisse,Web,7.11,1,3799.8720000000003
CMD04503,2024-05-04,Léa Durand,Mode,Chaussures,2,1048.36,0.3,France,Web,13.03,5,1467.7039999999997
CMD04504,2024-01-12,Carlos Gomez,Maison,Ventilateur,3,1431.1,0.05,France,Web,1.9,4,4078.6349999999993
CMD04505,2024-10-10,Sarah Moreau,Maison,Aspirateur,2,333.55,0.1,Italie,Magasin,13.36,1,600.39
CMD04506,2024-01-22,Carlos Gomez,Sport,Ballon,4,474.81,0.25,Italie,App,5.11,4,1424.43
CMD04507,2024-07-15,Carlos Gomez,Beauté,Parfum,2,922.86,0.05,Suisse,App,13.81,1,1753.434
CMD04508,2024-06-03,Nina Müller,Maison,Mixeur,5,1797.33,0.15,Italie,Web,5.68,4,7638.652499999999
CMD04509,2024-11-24,Ali Benali,Mode,Montre,5,1580.13,0.2,Italie,Web,1.21,3,6320.52
CMD04510,2024-05-04,Nina Müller,Électronique,Smartphone,4,1722.1,0.3,France,Magasin,14.1,3,4821.879999999999
CMD04511,2024-12-27,Lucie Martin,Électronique,Casque audio,4,763.69,0.2,Italie,Web,6.7,3,2443.8080000000004
CMD04512,2024-09-29,Paolo Bianchi,Mode,Sac à main,1,1913.2,0.3,Espagne,App,9.25,2,1339.24
CMD04513,2024-12-16,Ali Benali,Maison,Machine à café,4,494.99,0.1,Belgique,App,4.93,5,1781.9640000000002
CMD04514,2024-12-07,Youssef El Amrani,Jouets,Lego,1,952.59,0.3,Allemagne,Web,14.98,1,666.813
CMD04515,2024-03-20,Paolo Bianchi,Maison,Machine à café,1,530.16,0.15,Allemagne,App,8.95,1,450.63599999999997
CMD04516,2024-03-26,Lucie Martin,Sport,Tapis de course,5,1716.4,0.05,Espagne,App,4.7,4,8152.9
CMD04517,2024-10-12,Emma Rossi,Mode,Chaussures,5,776.65,0.3,Espagne,Web,10.83,1,2718.2749999999996
CMD04518,2024-08-11,Nina Müller,Jouets,Jeu de société,3,1796.14,0.0,France,Magasin,7.47,2,5388.42
CMD04519,2024-10-17,Carlos Gomez,Jouets,Puzzle,5,1861.18,0.15,Espagne,Magasin,12.04,2,7910.014999999999
CMD04520,2024-04-11,Paolo Bianchi,Électronique,TV 4K,2,1797.66,0.05,Belgique,Magasin,2.02,1,3415.554
CMD04521,2024-12-24,Carlos Gomez,Jouets,Voiture téléguidée,1,1675.98,0.25,Belgique,Web,6.94,1,1256.9850000000001
CMD04522,2024-12-21,Sarah Moreau,Beauté,Shampoing,1,1122.69,0.0,Italie,Magasin,3.49,4,1122.69
CMD04523,2024-10-12,Youssef El Amrani,Maison,Ventilateur,3,801.74,0.3,Maroc,App,1.98,1,1683.654
CMD04524,2024-03-06,Lucie Martin,Beauté,Shampoing,3,708.04,0.05,Allemagne,App,4.62,2,2017.9139999999998
CMD04525,2024-10-22,Nina Müller,Mode,Montre,2,256.85,0.05,France,App,13.79,3,488.01500000000004
CMD04526,2024-12-10,Sarah Moreau,Électronique,Ordinateur portable,5,841.39,0.1,Allemagne,Magasin,12.45,3,3786.255
CMD04527,2024-12-09,Jean Dupont,Sport,Raquette,1,165.7,0.2,Suisse,Magasin,11.63,4,132.56
CMD04528,2024-10-06,Sarah Moreau,Électronique,Casque audio,5,1435.93,0.2,France,App,6.16,4,5743.720000000001
CMD04529,2024-10-17,Ali Benali,Mode,Chaussures,3,580.25,0.2,Belgique,Magasin,8.59,2,1392.6000000000001
CMD04530,2024-01-27,Paolo Bianchi,Maison,Ventilateur,2,260.96,0.15,France,Magasin,1.75,5,443.63199999999995
CMD04531,2024-05-15,Nina Müller,Jouets,Jeu de société,3,462.68,0.2,Suisse,Magasin,13.69,5,1110.432
CMD04532,2024-04-15,Paolo Bianchi,Sport,Raquette,5,18.01,0.05,Espagne,App,0.81,3,85.54750000000001
CMD04533,2024-06-28,Nina Müller,Beauté,Shampoing,4,975.21,0.2,Allemagne,Web,13.95,1,3120.6720000000005
CMD04534,2024-01-21,Sarah Moreau,Mode,Chaussures,5,1783.91,0.25,France,App,5.11,3,6689.6625
CMD04535,2024-02-10,Léa Durand,Mode,Montre,1,747.72,0.2,Espagne,Web,13.83,2,598.176
CMD04536,2024-02-11,Nina Müller,Mode,Chaussures,4,364.0,0.2,Belgique,App,5.84,2,1164.8
CMD04537,2024-07-27,Lucie Martin,Électronique,TV 4K,1,1320.43,0.1,Maroc,Web,5.99,4,1188.3870000000002
CMD04538,2024-01-24,Jean Dupont,Sport,Vélo,1,588.81,0.0,France,App,9.17,4,588.81
CMD04539,2024-10-27,Nina Müller,Beauté,Sérum,2,1319.15,0.25,France,Magasin,6.34,4,1978.7250000000001
CMD04540,2024-05-30,Lucie Martin,Jouets,Puzzle,5,612.78,0.2,France,Magasin,2.07,3,2451.12
CMD04541,2024-04-16,Carlos Gomez,Beauté,Parfum,4,1888.86,0.0,Maroc,App,0.8,2,7555.44
CMD04542,2024-01-25,Carlos Gomez,Mode,Chaussures,2,1159.38,0.15,Maroc,Magasin,11.13,4,1970.9460000000001
CMD04543,2024-06-26,Léa Durand,Beauté,Sérum,3,37.49,0.15,France,Web,5.47,5,95.59949999999999
CMD04544,2024-05-22,Emma Rossi,Sport,Raquette,3,99.06,0.3,Suisse,App,13.42,5,208.02599999999998
CMD04545,2024-12-03,Nina Müller,Maison,Machine à café,4,415.53,0.0,France,Magasin,11.9,5,1662.12
CMD04546,2024-02-21,Emma Rossi,Sport,Tapis de course,2,560.36,0.0,France,App,8.31,1,1120.72
CMD04547,2024-11-18,Emma Rossi,Maison,Ventilateur,4,1644.07,0.1,France,Web,9.24,1,5918.652
CMD04548,2024-11-07,Emma Rossi,Électronique,Smartphone,5,96.24,0.2,Italie,App,14.99,5,384.96000000000004
CMD04549,2024-07-08,Ali Benali,Beauté,Shampoing,5,105.54,0.15,Belgique,Web,0.75,1,448.545
CMD04550,2024-06-19,Ali Benali,Beauté,Shampoing,5,1699.83,0.3,Maroc,Magasin,14.73,5,5949.405
CMD04551,2024-11-03,Youssef El Amrani,Maison,Machine à café,2,1636.05,0.0,Maroc,Web,9.76,1,3272.1
CMD04552,2024-10-27,Jean Dupont,Sport,Chaussures de sport,2,1880.57,0.1,Suisse,App,13.25,2,3385.026
CMD04553,2024-07-19,Ali Benali,Maison,Lampadaire,4,1863.85,0.0,France,Web,4.74,1,7455.4
CMD04554,2024-12-23,Paolo Bianchi,Beauté,Parfum,4,1364.83,0.2,Maroc,Magasin,8.4,3,4367.456
CMD04555,2024-12-05,Emma Rossi,Jouets,Voiture téléguidée,3,630.78,0.25,France,Magasin,12.35,3,1419.2549999999999
CMD04556,2024-02-05,Carlos Gomez,Maison,Ventilateur,2,1510.38,0.05,Maroc,App,5.81,4,2869.722
CMD04557,2024-12-04,Youssef El Amrani,Sport,Chaussures de sport,3,1001.36,0.0,Maroc,App,10.31,3,3004.08
CMD04558,2024-06-14,Carlos Gomez,Jouets,Jeu de société,4,1405.53,0.05,Suisse,App,2.68,3,5341.013999999999
CMD04559,2024-05-06,Carlos Gomez,Électronique,Smartphone,3,744.63,0.15,Allemagne,App,5.72,3,1898.8065
CMD04560,2024-05-12,Lucie Martin,Maison,Mixeur,3,80.25,0.0,Espagne,Web,9.7,1,240.75
CMD04561,2024-03-03,Emma Rossi,Mode,Jean,4,254.25,0.2,Espagne,Web,9.33,3,813.6
CMD04562,2024-07-28,Jean Dupont,Maison,Mixeur,4,1447.33,0.2,Belgique,Magasin,12.14,3,4631.456
CMD04563,2024-05-13,Lucie Martin,Mode,Montre,1,398.62,0.05,Italie,Web,9.52,4,378.68899999999996
CMD04564,2024-07-05,Youssef El Amrani,Maison,Lampadaire,5,1234.1,0.15,Maroc,Web,11.16,3,5244.925
CMD04565,2024-01-13,Léa Durand,Électronique,Tablette,3,664.73,0.2,Allemagne,Web,6.2,1,1595.352
CMD04566,2024-04-23,Carlos Gomez,Jouets,Puzzle,5,1902.76,0.15,Italie,App,6.55,3,8086.73
CMD04567,2024-03-31,Jean Dupont,Électronique,Smartphone,2,785.01,0.2,Belgique,Web,5.92,2,1256.016
CMD04568,2024-07-13,Emma Rossi,Beauté,Rouge à lèvres,4,529.06,0.25,Allemagne,Web,0.91,3,1587.1799999999998
CMD04569,2024-12-06,Nina Müller,Maison,Aspirateur,2,1531.39,0.0,Suisse,App,13.76,1,3062.78
CMD04570,2024-01-21,Youssef El Amrani,Sport,Tapis de course,1,1241.06,0.3,France,Web,6.57,2,868.742
CMD04571,2024-09-25,Emma Rossi,Jouets,Jeu de société,3,1203.65,0.05,Maroc,Magasin,8.78,2,3430.4025
CMD04572,2024-05-30,Léa Durand,Sport,Vélo,3,378.2,0.3,Maroc,Web,10.12,3,794.2199999999999
CMD04573,2024-06-24,Sarah Moreau,Sport,Vélo,1,1769.01,0.25,Espagne,Web,13.96,2,1326.7575
CMD04574,2024-05-31,Sarah Moreau,Maison,Lampadaire,5,983.71,0.3,Italie,App,2.19,3,3442.985
CMD04575,2024-11-04,Sarah Moreau,Maison,Aspirateur,5,132.19,0.25,Italie,App,12.2,1,495.71250000000003
CMD04576,2024-11-20,Paolo Bianchi,Électronique,TV 4K,3,921.56,0.3,Belgique,App,2.63,3,1935.2759999999998
CMD04577,2024-05-05,Sarah Moreau,Maison,Mixeur,2,402.43,0.0,Maroc,Web,14.08,1,804.86
CMD04578,2024-07-13,Lucie Martin,Mode,Jean,1,1014.7,0.25,Belgique,Web,7.38,3,761.0250000000001
CMD04579,2024-11-28,Nina Müller,Beauté,Rouge à lèvres,3,491.35,0.0,Maroc,Web,0.14,3,1474.0500000000002
CMD04580,2024-12-06,Ali Benali,Mode,Montre,3,312.17,0.0,Allemagne,App,8.07,3,936.51
CMD04581,2024-11-04,Paolo Bianchi,Mode,Chaussures,5,1303.84,0.2,Italie,App,10.16,2,5215.360000000001
CMD04582,2024-11-05,Carlos Gomez,Électronique,Smartphone,2,1780.58,0.3,Belgique,Magasin,8.64,3,2492.812
CMD04583,2024-06-08,Paolo Bianchi,Sport,Raquette,5,1668.71,0.3,Suisse,App,8.51,5,5840.484999999999
CMD04584,2024-04-19,Youssef El Amrani,Mode,Jean,3,436.89,0.15,Allemagne,Magasin,9.66,5,1114.0695
CMD04585,2024-06-18,Ali Benali,Électronique,Ordinateur portable,5,111.06,0.05,Espagne,Magasin,12.31,3,527.535
CMD04586,2024-06-16,Jean Dupont,Sport,Ballon,2,1037.44,0.0,Suisse,Magasin,5.02,4,2074.88
CMD04587,2024-02-02,Emma Rossi,Beauté,Crème visage,1,411.97,0.05,Belgique,Magasin,4.53,4,391.3715
CMD04588,2024-12-20,Jean Dupont,Sport,Chaussures de sport,4,1231.22,0.0,Maroc,Magasin,11.08,4,4924.88
CMD04589,2024-02-27,Paolo Bianchi,Maison,Lampadaire,1,1395.48,0.05,Suisse,Magasin,11.25,4,1325.706
CMD04590,2024-09-22,Youssef El Amrani,Maison,Machine à café,4,774.79,0.1,Belgique,Web,5.44,4,2789.244
CMD04591,2024-02-09,Paolo Bianchi,Jouets,Peluche,3,189.84,0.3,Maroc,Web,9.8,1,398.664
CMD04592,2024-05-12,Ali Benali,Jouets,Puzzle,4,306.51,0.3,Belgique,Web,12.2,4,858.228
CMD04593,2024-11-30,Lucie Martin,Maison,Machine à café,2,1539.73,0.3,Italie,App,4.58,2,2155.622
CMD04594,2024-08-02,Jean Dupont,Électronique,Ordinateur portable,5,453.5,0.1,Espagne,Web,12.99,1,2040.75
CMD04595,2024-12-04,Carlos Gomez,Maison,Mixeur,1,1699.31,0.15,Maroc,App,3.43,3,1444.4134999999999
CMD04596,2024-11-10,Paolo Bianchi,Sport,Raquette,1,132.36,0.25,Allemagne,Magasin,5.91,2,99.27000000000001
CMD04597,2024-02-07,Lucie Martin,Électronique,Tablette,1,1261.33,0.15,Espagne,App,10.7,3,1072.1305
CMD04598,2024-06-05,Carlos Gomez,Jouets,Puzzle,5,1740.85,0.05,Suisse,Web,10.48,5,8269.0375
CMD04599,2024-10-27,Lucie Martin,Mode,Chaussures,3,1905.18,0.05,Italie,App,11.45,1,5429.763
CMD04600,2024-03-30,Youssef El Amrani,Électronique,Casque audio,5,1244.9,0.0,Espagne,Magasin,3.23,1,6224.5
CMD04601,2024-05-15,Paolo Bianchi,Jouets,Jeu de société,2,736.03,0.2,Suisse,Magasin,2.91,3,1177.648
CMD04602,2024-06-27,Emma Rossi,Maison,Machine à café,2,1573.8,0.3,Italie,Web,8.8,2,2203.3199999999997
CMD04603,2024-07-24,Lucie Martin,Maison,Mixeur,1,1253.99,0.3,Maroc,Web,1.03,5,877.793
CMD04604,2024-09-12,Sarah Moreau,Mode,Jean,1,389.22,0.0,Belgique,Magasin,9.81,4,389.22
CMD04605,2024-08-23,Paolo Bianchi,Sport,Vélo,3,1178.34,0.25,Allemagne,App,7.99,2,2651.2649999999994
CMD04606,2024-10-13,Sarah Moreau,Jouets,Peluche,4,1403.95,0.2,France,Web,6.36,1,4492.64
CMD04607,2024-06-04,Lucie Martin,Maison,Mixeur,1,1639.56,0.2,Allemagne,Web,14.11,5,1311.6480000000001
CMD04608,2024-07-18,Carlos Gomez,Électronique,Ordinateur portable,4,787.05,0.1,Espagne,App,14.9,2,2833.38
CMD04609,2024-09-17,Youssef El Amrani,Mode,Montre,1,1007.87,0.25,Italie,Magasin,14.41,3,755.9025
CMD04610,2024-05-07,Paolo Bianchi,Maison,Machine à café,5,1095.94,0.15,Italie,Magasin,6.85,5,4657.745000000001
CMD04611,2024-04-01,Sarah Moreau,Mode,Jean,4,1772.39,0.1,Espagne,Magasin,1.75,5,6380.604
CMD04612,2024-03-28,Jean Dupont,Beauté,Sérum,4,1237.79,0.15,Espagne,Magasin,6.56,3,4208.486
CMD04613,2024-03-01,Ali Benali,Beauté,Parfum,4,1089.16,0.3,Maroc,App,6.46,4,3049.648
CMD04614,2024-05-07,Nina Müller,Sport,Chaussures de sport,3,677.57,0.1,Allemagne,Magasin,12.27,3,1829.439
CMD04615,2024-05-04,Jean Dupont,Sport,Vélo,3,476.96,0.05,Italie,App,1.36,5,1359.3359999999998
CMD04616,2024-09-02,Carlos Gomez,Maison,Lampadaire,1,1341.5,0.05,Maroc,Web,10.19,3,1274.425
CMD04617,2024-05-20,Paolo Bianchi,Mode,Montre,4,1958.81,0.05,Suisse,App,11.69,2,7443.477999999999
CMD04618,2024-01-26,Ali Benali,Jouets,Peluche,3,1019.83,0.0,Espagne,App,13.57,3,3059.4900000000002
CMD04619,2024-09-17,Ali Benali,Jouets,Puzzle,5,448.58,0.05,Italie,App,14.95,4,2130.755
CMD04620,2024-02-27,Lucie Martin,Mode,Veste,1,619.81,0.2,Maroc,Magasin,12.42,1,495.84799999999996
CMD04621,2024-12-27,Sarah Moreau,Électronique,TV 4K,2,173.9,0.0,Suisse,Magasin,7.56,3,347.8
CMD04622,2024-11-30,Jean Dupont,Mode,Jean,5,1138.38,0.15,Belgique,Magasin,3.53,2,4838.115000000001
CMD04623,2024-03-01,Nina Müller,Électronique,Smartphone,4,1387.31,0.2,France,App,0.42,3,4439.392
CMD04624,2024-04-15,Youssef El Amrani,Beauté,Rouge à lèvres,5,661.31,0.0,Suisse,Magasin,4.1,3,3306.5499999999997
CMD04625,2024-11-22,Léa Durand,Électronique,TV 4K,3,1304.49,0.3,Espagne,App,11.96,3,2739.429
CMD04626,2024-02-18,Léa Durand,Maison,Mixeur,2,1494.47,0.3,Italie,Magasin,4.71,5,2092.258
CMD04627,2024-06-23,Léa Durand,Maison,Machine à café,3,1108.49,0.2,Maroc,Magasin,7.83,3,2660.376
CMD04628,2024-11-13,Youssef El Amrani,Jouets,Puzzle,1,1437.92,0.25,Italie,Magasin,3.32,2,1078.44
CMD04629,2024-05-10,Léa Durand,Jouets,Puzzle,1,949.65,0.1,Suisse,App,3.83,4,854.685
CMD04630,2024-11-25,Carlos Gomez,Sport,Tapis de course,3,167.81,0.05,Belgique,Web,2.29,5,478.25849999999997
CMD04631,2024-06-11,Emma Rossi,Maison,Lampadaire,5,454.67,0.15,Belgique,Magasin,7.72,4,1932.3474999999999
CMD04632,2024-06-29,Nina Müller,Sport,Vélo,2,1149.33,0.25,Italie,Web,11.31,3,1723.995
CMD04633,2024-06-14,Lucie Martin,Beauté,Shampoing,3,20.55,0.1,Allemagne,Web,11.06,5,55.48500000000001
CMD04634,2024-02-18,Jean Dupont,Sport,Chaussures de sport,3,1533.84,0.2,Espagne,Web,4.19,3,3681.216
CMD04635,2024-06-15,Sarah Moreau,Mode,Chaussures,4,775.29,0.1,Italie,App,12.34,1,2791.044
CMD04636,2024-07-23,Léa Durand,Jouets,Voiture téléguidée,2,914.46,0.1,Espagne,Web,12.17,2,1646.028
CMD04637,2024-03-03,Carlos Gomez,Sport,Ballon,5,1909.23,0.1,Italie,Web,11.81,2,8591.535
CMD04638,2024-04-20,Emma Rossi,Jouets,Peluche,5,1791.92,0.3,Espagne,Magasin,0.67,3,6271.72
CMD04639,2024-11-21,Nina Müller,Maison,Ventilateur,1,290.96,0.0,Belgique,Web,10.73,3,290.96
CMD04640,2024-03-08,Ali Benali,Maison,Ventilateur,3,1178.35,0.05,France,App,5.5,4,3358.2974999999997
CMD04641,2024-08-01,Carlos Gomez,Jouets,Puzzle,1,1602.13,0.3,Maroc,Web,10.59,3,1121.491
CMD04642,2024-12-21,Paolo Bianchi,Jouets,Peluche,1,497.79,0.15,Espagne,Magasin,3.23,1,423.1215
CMD04643,2024-06-08,Lucie Martin,Jouets,Voiture téléguidée,5,1160.54,0.15,Suisse,Magasin,2.19,2,4932.295
CMD04644,2024-07-09,Léa Durand,Maison,Ventilateur,2,699.09,0.05,Maroc,Web,8.83,3,1328.271
CMD04645,2024-04-05,Paolo Bianchi,Électronique,TV 4K,3,931.06,0.3,France,Web,1.34,5,1955.2259999999997
CMD04646,2024-06-21,Sarah Moreau,Jouets,Lego,2,1113.95,0.3,Maroc,App,0.01,2,1559.53
CMD04647,2024-11-14,Paolo Bianchi,Mode,Montre,1,1557.28,0.0,Italie,Web,9.17,5,1557.28
CMD04648,2024-02-04,Lucie Martin,Électronique,TV 4K,5,320.54,0.15,Allemagne,App,5.97,5,1362.295
CMD04649,2024-05-24,Emma Rossi,Beauté,Crème visage,4,1701.07,0.3,Allemagne,App,2.12,2,4762.995999999999
CMD04650,2024-07-06,Nina Müller,Maison,Ventilateur,5,1904.16,0.0,Espagne,Web,9.51,3,9520.800000000001
CMD04651,2024-10-04,Léa Durand,Sport,Vélo,5,1768.85,0.0,Suisse,App,14.19,3,8844.25
CMD04652,2024-01-27,Ali Benali,Électronique,TV 4K,2,1253.94,0.15,Allemagne,App,6.77,5,2131.698
CMD04653,2024-10-10,Emma Rossi,Beauté,Shampoing,2,1806.7,0.3,Suisse,App,10.52,2,2529.38
CMD04654,2024-03-02,Jean Dupont,Beauté,Shampoing,3,1418.86,0.2,France,Web,13.77,4,3405.264
CMD04655,2024-01-16,Paolo Bianchi,Beauté,Shampoing,4,713.19,0.05,Suisse,Magasin,3.93,4,2710.1220000000003
CMD04656,2024-06-04,Paolo Bianchi,Jouets,Puzzle,1,1489.84,0.25,Espagne,Magasin,11.76,1,1117.3799999999999
CMD04657,2024-02-18,Youssef El Amrani,Électronique,Ordinateur portable,4,656.34,0.3,France,App,2.87,3,1837.752
CMD04658,2024-10-02,Ali Benali,Sport,Raquette,5,28.04,0.15,Italie,App,1.44,3,119.16999999999999
CMD04659,2024-12-24,Ali Benali,Sport,Vélo,2,909.02,0.15,France,Web,10.28,3,1545.3339999999998
CMD04660,2024-09-27,Léa Durand,Électronique,Tablette,5,1869.05,0.2,Espagne,Magasin,8.15,4,7476.200000000001
CMD04661,2024-07-23,Youssef El Amrani,Maison,Machine à café,5,304.72,0.1,Espagne,App,1.42,5,1371.2400000000002
CMD04662,2024-06-25,Paolo Bianchi,Mode,Jean,3,1310.38,0.2,France,Magasin,8.96,5,3144.9120000000003
CMD04663,2024-11-07,Jean Dupont,Électronique,TV 4K,3,1814.51,0.15,Espagne,App,0.25,5,4627.0005
CMD04664,2024-12-18,Jean Dupont,Beauté,Crème visage,1,309.69,0.0,Espagne,App,14.88,1,309.69
CMD04665,2024-03-18,Ali Benali,Sport,Ballon,1,1481.43,0.15,Belgique,Web,9.51,5,1259.2155
CMD04666,2024-11-25,Carlos Gomez,Maison,Lampadaire,5,1473.89,0.3,Espagne,Web,7.0,4,5158.615
CMD04667,2024-02-23,Nina Müller,Électronique,Tablette,3,205.66,0.1,Allemagne,Magasin,7.39,1,555.282
CMD04668,2024-05-27,Paolo Bianchi,Beauté,Shampoing,3,1700.33,0.05,Maroc,App,6.2,5,4845.9405
CMD04669,2024-07-29,Paolo Bianchi,Maison,Ventilateur,2,375.45,0.05,Suisse,Magasin,12.1,1,713.3549999999999
CMD04670,2024-09-14,Jean Dupont,Maison,Aspirateur,2,1306.79,0.2,Espagne,Magasin,8.38,3,2090.864
CMD04671,2024-06-12,Léa Durand,Électronique,Tablette,5,659.48,0.0,Allemagne,Web,0.56,3,3297.4
CMD04672,2024-01-21,Paolo Bianchi,Jouets,Lego,4,1529.66,0.25,Maroc,App,12.39,3,4588.9800000000005
CMD04673,2024-05-07,Léa Durand,Électronique,Ordinateur portable,1,1695.05,0.15,Suisse,App,9.51,3,1440.7925
CMD04674,2024-10-18,Paolo Bianchi,Beauté,Sérum,2,1306.35,0.3,Espagne,Magasin,0.17,5,1828.8899999999996
CMD04675,2024-01-13,Jean Dupont,Beauté,Crème visage,1,1869.79,0.25,Allemagne,Magasin,7.72,3,1402.3425
CMD04676,2024-04-02,Emma Rossi,Électronique,Casque audio,1,1884.28,0.25,Belgique,Web,9.19,3,1413.21
CMD04677,2024-11-25,Ali Benali,Électronique,Ordinateur portable,2,227.79,0.2,Espagne,Magasin,11.63,2,364.464
CMD04678,2024-04-27,Léa Durand,Maison,Mixeur,5,1522.94,0.1,Espagne,App,10.26,2,6853.2300000000005
CMD04679,2024-05-07,Paolo Bianchi,Beauté,Parfum,5,235.41,0.3,Allemagne,App,8.51,1,823.935
CMD04680,2024-06-23,Nina Müller,Beauté,Crème visage,4,1530.08,0.25,Suisse,App,5.3,4,4590.24
CMD04681,2024-10-10,Paolo Bianchi,Maison,Aspirateur,5,1453.02,0.2,Espagne,Magasin,6.11,2,5812.080000000001
CMD04682,2024-08-09,Carlos Gomez,Beauté,Rouge à lèvres,4,1343.7,0.25,France,Magasin,10.27,1,4031.1000000000004
CMD04683,2024-04-28,Carlos Gomez,Électronique,Casque audio,5,861.12,0.25,Italie,Web,8.95,5,3229.2000000000003
CMD04684,2024-11-15,Ali Benali,Maison,Mixeur,3,145.59,0.15,Allemagne,Magasin,1.73,4,371.25449999999995
CMD04685,2024-05-19,Youssef El Amrani,Mode,Montre,5,997.45,0.05,Belgique,Magasin,2.81,2,4737.8875
CMD04686,2024-06-03,Lucie Martin,Électronique,Casque audio,2,142.22,0.2,France,Magasin,6.28,2,227.55200000000002
CMD04687,2024-10-06,Nina Müller,Maison,Lampadaire,4,640.22,0.05,Suisse,Web,11.96,5,2432.836
CMD04688,2024-02-10,Carlos Gomez,Électronique,Casque audio,4,551.98,0.15,Allemagne,Web,5.96,2,1876.732
CMD04689,2024-10-08,Léa Durand,Beauté,Rouge à lèvres,3,1701.88,0.25,Belgique,Web,5.04,2,3829.2300000000005
CMD04690,2024-02-28,Nina Müller,Sport,Chaussures de sport,5,1923.04,0.0,France,Web,3.71,4,9615.2
CMD04691,2024-07-28,Emma Rossi,Mode,Veste,2,1730.8,0.25,Maroc,Web,1.27,1,2596.2
CMD04692,2024-05-13,Emma Rossi,Électronique,Ordinateur portable,1,1183.56,0.2,France,Web,3.1,2,946.848
CMD04693,2024-08-31,Nina Müller,Électronique,TV 4K,5,1250.86,0.25,Belgique,Magasin,3.42,5,4690.724999999999
CMD04694,2024-05-13,Lucie Martin,Mode,Jean,1,1688.78,0.25,Belgique,Web,4.04,4,1266.585
CMD04695,2024-12-08,Lucie Martin,Mode,Jean,5,1956.0,0.2,Italie,App,12.61,2,7824.0
CMD04696,2024-12-20,Emma Rossi,Électronique,Ordinateur portable,4,1681.58,0.3,Espagne,App,13.56,3,4708.423999999999
CMD04697,2024-07-27,Sarah Moreau,Jouets,Puzzle,2,153.32,0.1,Espagne,Web,0.88,5,275.976
CMD04698,2024-07-20,Jean Dupont,Jouets,Lego,5,696.46,0.15,Maroc,Magasin,10.08,5,2959.955
CMD04699,2024-08-12,Youssef El Amrani,Sport,Ballon,4,561.35,0.2,France,Web,12.69,5,1796.3200000000002
CMD04700,2024-02-15,Ali Benali,Maison,Machine à café,1,432.27,0.3,Espagne,Magasin,2.76,4,302.58899999999994
CMD04701,2024-05-09,Jean Dupont,Maison,Mixeur,3,1472.68,0.15,Allemagne,App,4.45,4,3755.334
CMD04702,2024-05-16,Nina Müller,Beauté,Sérum,5,1878.35,0.2,Allemagne,App,3.38,3,7513.400000000001
CMD04703,2024-02-26,Emma Rossi,Électronique,TV 4K,4,1583.65,0.1,France,App,14.52,3,5701.14
CMD04704,2024-10-20,Jean Dupont,Sport,Ballon,1,411.06,0.3,Espagne,Web,1.95,3,287.74199999999996
CMD04705,2024-08-20,Paolo Bianchi,Beauté,Parfum,3,561.19,0.1,Suisse,Web,5.48,2,1515.2130000000002
CMD04706,2024-11-03,Emma Rossi,Jouets,Lego,1,1328.42,0.0,Espagne,App,10.29,2,1328.42
CMD04707,2024-08-20,Youssef El Amrani,Beauté,Shampoing,2,551.19,0.1,Belgique,App,11.09,1,992.1420000000002
CMD04708,2024-08-19,Jean Dupont,Maison,Lampadaire,4,1502.54,0.15,Suisse,App,8.61,5,5108.6359999999995
CMD04709,2024-04-04,Ali Benali,Beauté,Crème visage,3,19.15,0.0,France,App,10.57,1,57.449999999999996
CMD04710,2024-03-05,Paolo Bianchi,Maison,Lampadaire,4,653.41,0.2,France,App,6.79,3,2090.912
CMD04711,2024-01-10,Jean Dupont,Maison,Aspirateur,2,380.4,0.05,Belgique,Web,10.33,3,722.7599999999999
CMD04712,2024-09-21,Paolo Bianchi,Électronique,TV 4K,3,1138.67,0.15,Maroc,Web,9.55,3,2903.6085000000003
CMD04713,2024-01-30,Ali Benali,Jouets,Peluche,2,1264.53,0.05,Belgique,App,7.99,5,2402.607
CMD04714,2024-01-24,Carlos Gomez,Électronique,Smartphone,3,292.87,0.05,Belgique,Web,5.31,5,834.6795
CMD04715,2024-09-04,Nina Müller,Maison,Aspirateur,1,1405.35,0.25,France,App,10.88,5,1054.0124999999998
CMD04716,2024-08-07,Ali Benali,Maison,Aspirateur,4,27.97,0.3,Allemagne,Web,9.23,3,78.31599999999999
CMD04717,2024-02-07,Ali Benali,Électronique,TV 4K,5,197.12,0.1,Espagne,Magasin,8.66,1,887.0400000000001
CMD04718,2024-04-14,Paolo Bianchi,Mode,Montre,2,829.98,0.25,Maroc,Magasin,0.07,2,1244.97
CMD04719,2024-06-12,Jean Dupont,Mode,Chaussures,5,47.82,0.25,France,App,11.85,4,179.325
CMD04720,2024-09-27,Paolo Bianchi,Maison,Machine à café,4,196.1,0.05,Allemagne,Magasin,7.47,2,745.18
CMD04721,2024-12-15,Jean Dupont,Maison,Lampadaire,3,1677.53,0.0,Italie,Magasin,11.28,3,5032.59
CMD04722,2024-10-23,Jean Dupont,Jouets,Jeu de société,3,201.14,0.2,Suisse,Web,10.83,4,482.736
CMD04723,2024-01-24,Carlos Gomez,Beauté,Parfum,5,112.31,0.3,Italie,Magasin,9.63,5,393.0849999999999
CMD04724,2024-03-30,Ali Benali,Électronique,Casque audio,4,1593.44,0.15,Maroc,Magasin,10.66,3,5417.696
CMD04725,2024-08-31,Léa Durand,Électronique,Ordinateur portable,2,367.07,0.0,Espagne,Web,5.95,3,734.14
CMD04726,2024-07-03,Léa Durand,Sport,Raquette,4,1848.74,0.2,France,Web,13.42,4,5915.968000000001
CMD04727,2024-11-06,Youssef El Amrani,Sport,Tapis de course,5,394.21,0.1,Allemagne,App,5.05,4,1773.945
CMD04728,2024-04-23,Lucie Martin,Sport,Tapis de course,4,1683.08,0.15,Allemagne,App,14.06,2,5722.472
CMD04729,2024-11-17,Lucie Martin,Jouets,Jeu de société,2,143.07,0.25,Allemagne,App,13.39,3,214.605
CMD04730,2024-07-04,Lucie Martin,Jouets,Jeu de société,5,1206.92,0.0,Allemagne,Magasin,6.05,5,6034.6
CMD04731,2024-02-11,Carlos Gomez,Mode,Veste,4,905.23,0.25,Espagne,App,11.89,1,2715.69
CMD04732,2024-12-27,Carlos Gomez,Beauté,Shampoing,5,1884.09,0.1,Suisse,App,7.21,5,8478.404999999999
CMD04733,2024-12-30,Ali Benali,Sport,Ballon,5,639.0,0.15,Maroc,App,1.05,2,2715.75
CMD04734,2024-04-14,Lucie Martin,Électronique,TV 4K,4,1052.77,0.2,Belgique,Web,13.47,4,3368.864
CMD04735,2024-07-09,Léa Durand,Sport,Raquette,2,805.67,0.2,Espagne,App,11.68,5,1289.0720000000001
CMD04736,2024-09-24,Carlos Gomez,Jouets,Puzzle,3,1845.21,0.2,France,Magasin,11.09,4,4428.504
CMD04737,2024-03-14,Léa Durand,Mode,Veste,4,837.52,0.1,Belgique,Magasin,6.41,5,3015.072
CMD04738,2024-04-30,Jean Dupont,Électronique,TV 4K,3,1239.96,0.0,Maroc,Magasin,10.0,3,3719.88
CMD04739,2024-07-18,Jean Dupont,Sport,Vélo,3,920.36,0.2,Suisse,App,1.6,3,2208.864
CMD04740,2024-02-09,Youssef El Amrani,Électronique,Ordinateur portable,2,471.69,0.0,Belgique,App,13.89,2,943.38
CMD04741,2024-07-20,Ali Benali,Beauté,Crème visage,2,1459.8,0.0,Maroc,Web,1.72,3,2919.6
CMD04742,2024-02-20,Ali Benali,Sport,Chaussures de sport,1,959.38,0.1,Maroc,Web,1.56,3,863.442
CMD04743,2024-11-06,Léa Durand,Mode,Sac à main,1,450.79,0.05,Belgique,App,12.29,3,428.2505
CMD04744,2024-02-25,Ali Benali,Maison,Mixeur,2,1461.73,0.15,Italie,Magasin,8.79,1,2484.941
CMD04745,2024-05-10,Carlos Gomez,Sport,Chaussures de sport,2,502.2,0.25,France,Magasin,0.07,5,753.3
CMD04746,2024-01-21,Sarah Moreau,Sport,Chaussures de sport,1,689.98,0.05,Espagne,Web,2.85,3,655.481
CMD04747,2024-03-29,Lucie Martin,Sport,Tapis de course,1,110.69,0.3,Italie,App,0.63,4,77.48299999999999
CMD04748,2024-01-27,Paolo Bianchi,Maison,Machine à café,4,357.52,0.05,Italie,Web,2.8,1,1358.5759999999998
CMD04749,2024-11-19,Nina Müller,Mode,Montre,1,601.83,0.15,Suisse,Web,4.81,2,511.5555
CMD04750,2024-12-27,Nina Müller,Maison,Lampadaire,3,1148.35,0.0,Espagne,Web,11.9,4,3445.0499999999997
CMD04751,2024-02-12,Sarah Moreau,Beauté,Shampoing,1,1904.04,0.2,Belgique,Magasin,14.51,4,1523.232
CMD04752,2024-02-10,Emma Rossi,Sport,Raquette,1,365.73,0.2,Belgique,Web,14.68,5,292.584
CMD04753,2024-03-09,Lucie Martin,Jouets,Voiture téléguidée,2,292.89,0.0,France,Magasin,13.54,5,585.78
CMD04754,2024-05-21,Léa Durand,Mode,Jean,3,1803.76,0.2,Espagne,Magasin,2.04,4,4329.024
CMD04755,2024-07-21,Youssef El Amrani,Sport,Vélo,1,231.81,0.15,Suisse,Web,7.1,3,197.0385
CMD04756,2024-10-29,Paolo Bianchi,Maison,Machine à café,3,244.94,0.25,Belgique,Web,2.95,5,551.115
CMD04757,2024-05-03,Youssef El Amrani,Mode,Jean,3,1027.07,0.05,Allemagne,Magasin,13.53,2,2927.1495
CMD04758,2024-06-15,Emma Rossi,Maison,Machine à café,1,1091.18,0.15,Allemagne,Web,2.82,1,927.503
CMD04759,2024-11-29,Jean Dupont,Maison,Mixeur,1,1227.23,0.0,Italie,Magasin,3.74,1,1227.23
CMD04760,2024-07-01,Carlos Gomez,Beauté,Rouge à lèvres,3,350.08,0.1,Suisse,App,1.85,4,945.216
CMD04761,2024-03-21,Lucie Martin,Jouets,Lego,1,842.95,0.3,France,Magasin,1.68,4,590.0649999999999
CMD04762,2024-11-09,Jean Dupont,Mode,Jean,5,1689.27,0.05,Espagne,App,11.54,3,8024.0325
CMD04763,2024-09-15,Jean Dupont,Jouets,Peluche,2,668.72,0.15,Maroc,App,4.2,4,1136.824
CMD04764,2024-09-15,Youssef El Amrani,Électronique,Ordinateur portable,4,1340.52,0.05,France,App,13.14,4,5093.976
CMD04765,2024-11-15,Carlos Gomez,Maison,Lampadaire,1,616.53,0.1,Allemagne,Magasin,10.75,1,554.877
CMD04766,2024-04-13,Sarah Moreau,Sport,Raquette,5,1858.49,0.1,Allemagne,Magasin,8.36,2,8363.205000000002
CMD04767,2024-04-15,Paolo Bianchi,Mode,Veste,4,1780.36,0.0,Espagne,Web,6.15,5,7121.44
CMD04768,2024-07-05,Sarah Moreau,Mode,Veste,3,1090.06,0.15,Belgique,App,2.86,3,2779.653
CMD04769,2024-08-13,Carlos Gomez,Mode,Chaussures,4,1713.19,0.15,Allemagne,App,8.37,4,5824.8460000000005
CMD04770,2024-07-09,Emma Rossi,Maison,Mixeur,2,1482.61,0.05,Espagne,Web,14.54,3,2816.959
CMD04771,2024-08-08,Nina Müller,Beauté,Shampoing,2,1037.09,0.05,Allemagne,Magasin,7.68,3,1970.4709999999998
CMD04772,2024-06-03,Lucie Martin,Beauté,Crème visage,3,1141.34,0.15,Suisse,App,11.7,3,2910.4169999999995
CMD04773,2024-07-16,Youssef El Amrani,Sport,Vélo,1,723.31,0.15,Italie,App,1.07,4,614.8135
CMD04774,2024-01-06,Léa Durand,Jouets,Peluche,2,1125.79,0.05,Italie,Web,4.03,3,2139.0009999999997
CMD04775,2024-11-08,Léa Durand,Jouets,Puzzle,5,13.29,0.25,Belgique,Web,2.2,4,49.83749999999999
CMD04776,2024-05-12,Youssef El Amrani,Sport,Tapis de course,3,1686.85,0.1,France,Web,14.58,4,4554.495
CMD04777,2024-11-05,Emma Rossi,Jouets,Puzzle,1,481.35,0.1,France,Web,5.86,2,433.21500000000003
CMD04778,2024-04-06,Youssef El Amrani,Beauté,Shampoing,3,1987.32,0.05,Espagne,Web,7.25,3,5663.862
CMD04779,2024-08-14,Paolo Bianchi,Maison,Machine à café,2,1084.79,0.0,Maroc,App,14.84,2,2169.58
CMD04780,2024-01-06,Sarah Moreau,Beauté,Crème visage,3,1637.04,0.3,Allemagne,Magasin,9.74,2,3437.7839999999997
CMD04781,2024-03-20,Paolo Bianchi,Sport,Tapis de course,3,164.79,0.0,Maroc,Magasin,14.5,5,494.37
CMD04782,2024-03-14,Emma Rossi,Électronique,Tablette,1,484.05,0.1,Espagne,App,14.53,2,435.64500000000004
CMD04783,2024-12-04,Youssef El Amrani,Mode,Chaussures,2,1570.68,0.25,Maroc,Magasin,2.7,3,2356.02
CMD04784,2024-06-18,Nina Müller,Jouets,Voiture téléguidée,5,987.63,0.05,Maroc,Web,6.79,1,4691.242499999999
CMD04785,2024-01-28,Carlos Gomez,Jouets,Lego,5,1641.6,0.25,Suisse,Magasin,0.03,4,6156.0
CMD04786,2024-04-15,Paolo Bianchi,Jouets,Puzzle,3,1596.66,0.1,Espagne,App,6.85,2,4310.982000000001
CMD04787,2024-02-04,Nina Müller,Mode,Sac à main,5,690.43,0.05,Allemagne,Magasin,2.51,3,3279.5424999999996
CMD04788,2024-02-28,Sarah Moreau,Beauté,Parfum,3,1709.49,0.2,Belgique,Magasin,10.5,1,4102.776000000001
CMD04789,2024-05-17,Paolo Bianchi,Beauté,Sérum,2,1478.29,0.15,Belgique,App,6.34,5,2513.093
CMD04790,2024-08-24,Lucie Martin,Électronique,Smartphone,3,1681.42,0.1,Espagne,Magasin,4.77,5,4539.834000000001
CMD04791,2024-03-27,Ali Benali,Électronique,TV 4K,2,998.61,0.3,Allemagne,App,13.03,2,1398.0539999999999
CMD04792,2024-08-30,Jean Dupont,Mode,Sac à main,3,1351.74,0.2,Maroc,App,12.26,1,3244.1760000000004
CMD04793,2024-07-21,Carlos Gomez,Sport,Chaussures de sport,1,1852.42,0.2,Suisse,Magasin,14.62,3,1481.9360000000001
CMD04794,2024-10-23,Carlos Gomez,Beauté,Shampoing,2,1634.15,0.3,Belgique,Magasin,6.09,5,2287.81
CMD04795,2024-11-17,Youssef El Amrani,Maison,Lampadaire,3,17.52,0.15,Belgique,Magasin,3.39,1,44.676
CMD04796,2024-01-15,Ali Benali,Maison,Machine à café,3,1398.66,0.05,Belgique,Web,3.68,2,3986.181
CMD04797,2024-10-30,Lucie Martin,Sport,Vélo,4,1844.19,0.0,Maroc,App,4.01,5,7376.76
CMD04798,2024-01-18,Léa Durand,Maison,Mixeur,1,766.15,0.15,Espagne,App,1.05,3,651.2275
CMD04799,2024-12-30,Jean Dupont,Mode,Sac à main,4,931.27,0.15,Suisse,Magasin,7.87,1,3166.3179999999998
CMD04800,2024-07-01,Nina Müller,Beauté,Rouge à lèvres,2,627.39,0.25,France,App,7.71,3,941.085
CMD04801,2024-01-13,Youssef El Amrani,Électronique,TV 4K,2,1175.91,0.25,France,Web,14.57,1,1763.8650000000002
CMD04802,2024-10-26,Youssef El Amrani,Électronique,Smartphone,4,1419.63,0.2,Espagne,App,5.35,1,4542.816000000001
CMD04803,2024-11-28,Carlos Gomez,Sport,Tapis de course,5,1641.88,0.0,France,Magasin,6.46,4,8209.400000000001
CMD04804,2024-01-12,Lucie Martin,Mode,Montre,4,793.4,0.0,Suisse,App,4.5,5,3173.6
CMD04805,2024-03-26,Sarah Moreau,Maison,Mixeur,1,1570.04,0.3,Espagne,Web,8.05,4,1099.0279999999998
CMD04806,2024-02-15,Nina Müller,Beauté,Crème visage,4,1526.23,0.25,Suisse,Web,14.61,5,4578.6900000000005
CMD04807,2024-01-25,Jean Dupont,Jouets,Peluche,2,987.72,0.25,Allemagne,Web,0.67,1,1481.58
CMD04808,2024-09-28,Ali Benali,Jouets,Puzzle,1,652.53,0.15,Espagne,Web,11.37,5,554.6505
CMD04809,2024-04-24,Léa Durand,Sport,Ballon,2,1428.13,0.2,Allemagne,Magasin,7.1,4,2285.0080000000003
CMD04810,2024-07-30,Ali Benali,Jouets,Peluche,1,1292.96,0.15,Suisse,Magasin,7.14,1,1099.016
CMD04811,2024-08-20,Paolo Bianchi,Maison,Ventilateur,2,1285.58,0.2,Belgique,Web,12.88,4,2056.928
CMD04812,2024-04-20,Lucie Martin,Maison,Aspirateur,3,226.94,0.15,Suisse,Magasin,9.6,4,578.6969999999999
CMD04813,2024-10-30,Lucie Martin,Jouets,Puzzle,1,1591.83,0.05,Allemagne,App,13.05,1,1512.2385
CMD04814,2024-04-07,Léa Durand,Jouets,Peluche,4,1788.11,0.2,Allemagne,Magasin,6.75,4,5721.952
CMD04815,2024-09-12,Nina Müller,Jouets,Peluche,2,1965.3,0.0,Maroc,Web,1.03,2,3930.6
CMD04816,2024-04-30,Ali Benali,Beauté,Crème visage,4,338.0,0.1,Maroc,Magasin,11.63,2,1216.8
CMD04817,2024-05-04,Youssef El Amrani,Beauté,Rouge à lèvres,1,411.15,0.25,France,App,5.6,4,308.36249999999995
CMD04818,2024-06-29,Carlos Gomez,Sport,Ballon,3,1616.46,0.1,Italie,Magasin,5.14,2,4364.442
CMD04819,2024-01-12,Léa Durand,Électronique,Ordinateur portable,3,642.31,0.2,Allemagne,Web,3.99,3,1541.5439999999999
CMD04820,2024-06-16,Emma Rossi,Maison,Machine à café,2,1313.68,0.1,Italie,Web,13.72,1,2364.6240000000003
CMD04821,2024-08-04,Lucie Martin,Maison,Machine à café,1,1040.91,0.25,Suisse,App,12.91,5,780.6825000000001
CMD04822,2024-03-11,Lucie Martin,Beauté,Parfum,5,745.64,0.05,France,App,1.31,1,3541.7899999999995
CMD04823,2024-09-10,Emma Rossi,Jouets,Peluche,1,1030.4,0.25,Allemagne,Web,7.97,2,772.8000000000001
CMD04824,2024-05-24,Nina Müller,Jouets,Peluche,3,139.11,0.25,Maroc,App,12.02,4,312.99750000000006
CMD04825,2024-06-17,Carlos Gomez,Mode,Veste,5,983.29,0.05,Italie,Web,5.22,2,4670.6275
CMD04826,2024-11-10,Paolo Bianchi,Beauté,Shampoing,3,559.61,0.15,Espagne,App,11.47,1,1427.0055
CMD04827,2024-02-20,Carlos Gomez,Mode,Montre,5,1253.78,0.2,Maroc,Web,0.31,3,5015.12
CMD04828,2024-04-12,Youssef El Amrani,Mode,Chaussures,5,418.12,0.2,Italie,Web,3.46,1,1672.48
CMD04829,2024-12-28,Paolo Bianchi,Jouets,Peluche,1,1759.69,0.25,Maroc,App,5.48,4,1319.7675
CMD04830,2024-11-18,Ali Benali,Jouets,Voiture téléguidée,1,1362.78,0.15,Espagne,Magasin,8.82,5,1158.363
CMD04831,2024-09-23,Youssef El Amrani,Maison,Mixeur,4,106.72,0.2,France,App,2.26,1,341.504
CMD04832,2024-07-21,Lucie Martin,Beauté,Parfum,5,1901.99,0.3,Allemagne,Magasin,1.59,4,6656.965
CMD04833,2024-04-16,Lucie Martin,Jouets,Lego,1,391.41,0.0,Belgique,Magasin,12.96,5,391.41
CMD04834,2024-07-03,Léa Durand,Mode,Jean,1,895.64,0.2,Suisse,Magasin,10.05,4,716.5120000000001
CMD04835,2024-01-08,Lucie Martin,Jouets,Lego,3,951.47,0.2,Belgique,Magasin,4.81,3,2283.528
CMD04836,2024-01-25,Emma Rossi,Maison,Lampadaire,3,1180.21,0.1,Maroc,App,6.15,1,3186.567
CMD04837,2024-12-08,Paolo Bianchi,Maison,Ventilateur,5,822.85,0.0,France,Web,7.92,4,4114.25
CMD04838,2024-06-19,Lucie Martin,Beauté,Crème visage,3,876.96,0.0,Espagne,App,14.58,5,2630.88
CMD04839,2024-05-10,Sarah Moreau,Beauté,Shampoing,5,471.05,0.1,Maroc,App,6.27,5,2119.725
CMD04840,2024-07-30,Ali Benali,Sport,Chaussures de sport,2,756.46,0.3,France,Magasin,14.82,5,1059.044
CMD04841,2024-04-28,Paolo Bianchi,Beauté,Shampoing,4,580.61,0.25,Italie,App,2.33,4,1741.83
CMD04842,2024-08-21,Youssef El Amrani,Maison,Mixeur,4,1120.11,0.2,Belgique,App,8.97,4,3584.352
CMD04843,2024-10-14,Sarah Moreau,Beauté,Shampoing,5,1524.24,0.0,France,Web,0.75,4,7621.2
CMD04844,2024-02-06,Jean Dupont,Sport,Tapis de course,5,795.41,0.2,Espagne,Web,5.58,4,3181.64
CMD04845,2024-01-22,Carlos Gomez,Beauté,Crème visage,1,1393.31,0.1,France,Web,14.58,2,1253.979
CMD04846,2024-08-24,Léa Durand,Beauté,Crème visage,1,1784.55,0.25,Maroc,App,2.07,2,1338.4125
CMD04847,2024-07-03,Lucie Martin,Jouets,Puzzle,5,1426.11,0.2,France,App,14.46,1,5704.44
CMD04848,2024-01-05,Nina Müller,Sport,Chaussures de sport,3,542.91,0.1,Suisse,Web,3.28,1,1465.857
CMD04849,2024-02-11,Paolo Bianchi,Sport,Tapis de course,3,1866.99,0.25,Italie,Web,14.52,4,4200.7275
CMD04850,2024-10-26,Sarah Moreau,Électronique,Ordinateur portable,3,612.95,0.2,Suisse,App,7.63,5,1471.0800000000002
CMD04851,2024-05-28,Emma Rossi,Maison,Mixeur,3,522.24,0.1,Suisse,Web,0.06,4,1410.048
CMD04852,2024-08-02,Emma Rossi,Jouets,Peluche,4,865.13,0.15,Italie,Web,5.44,3,2941.442
CMD04853,2024-05-06,Carlos Gomez,Jouets,Puzzle,4,764.69,0.25,Suisse,App,8.25,3,2294.07
CMD04854,2024-02-17,Emma Rossi,Sport,Chaussures de sport,5,1534.1,0.2,France,Web,6.11,1,6136.400000000001
CMD04855,2024-07-07,Lucie Martin,Beauté,Parfum,3,562.65,0.3,Belgique,Web,9.85,3,1181.5649999999998
CMD04856,2024-07-14,Carlos Gomez,Sport,Raquette,4,655.3,0.25,Espagne,App,13.97,2,1965.8999999999999
CMD04857,2024-01-08,Paolo Bianchi,Beauté,Rouge à lèvres,2,375.31,0.3,Allemagne,Magasin,3.29,5,525.434
CMD04858,2024-08-27,Emma Rossi,Sport,Ballon,5,1011.87,0.25,Belgique,Web,0.65,3,3794.5125000000003
CMD04859,2024-07-08,Youssef El Amrani,Maison,Ventilateur,4,1829.38,0.3,France,Web,14.92,5,5122.264
CMD04860,2024-01-30,Lucie Martin,Sport,Vélo,2,1720.12,0.05,Maroc,Magasin,1.34,3,3268.2279999999996
CMD04861,2024-01-28,Léa Durand,Jouets,Voiture téléguidée,5,111.36,0.2,Espagne,App,10.09,3,445.44
CMD04862,2024-10-26,Carlos Gomez,Jouets,Puzzle,2,1473.14,0.1,Belgique,Magasin,8.37,5,2651.652
CMD04863,2024-08-04,Lucie Martin,Beauté,Shampoing,1,1673.53,0.3,Allemagne,Web,12.68,5,1171.471
CMD04864,2024-06-11,Lucie Martin,Jouets,Peluche,1,1332.95,0.2,Belgique,Magasin,11.82,5,1066.3600000000001
CMD04865,2024-02-19,Lucie Martin,Mode,Sac à main,4,864.69,0.1,Belgique,App,3.11,5,3112.8840000000005
CMD04866,2024-11-25,Carlos Gomez,Mode,Veste,5,1645.52,0.15,Espagne,Magasin,14.39,3,6993.46
CMD04867,2024-03-08,Lucie Martin,Électronique,Tablette,3,1996.05,0.0,Italie,Magasin,1.19,4,5988.15
CMD04868,2024-05-21,Emma Rossi,Beauté,Parfum,1,1619.17,0.2,Italie,Magasin,2.19,3,1295.3360000000002
CMD04869,2024-04-28,Nina Müller,Mode,Montre,4,1473.0,0.25,Allemagne,App,11.32,1,4419.0
CMD04870,2024-01-20,Nina Müller,Mode,Chaussures,3,1526.45,0.3,Allemagne,Web,4.5,2,3205.545
CMD04871,2024-01-29,Carlos Gomez,Mode,Jean,1,777.02,0.3,Belgique,Magasin,13.26,5,543.914
CMD04872,2024-03-08,Carlos Gomez,Maison,Lampadaire,3,1201.81,0.25,Espagne,Web,11.62,4,2704.0724999999998
CMD04873,2024-02-12,Sarah Moreau,Jouets,Voiture téléguidée,3,1959.06,0.15,France,App,4.72,2,4995.603
CMD04874,2024-04-24,Jean Dupont,Beauté,Rouge à lèvres,3,1461.35,0.25,France,App,8.8,4,3288.0374999999995
CMD04875,2024-01-31,Léa Durand,Électronique,Casque audio,3,1379.08,0.0,Espagne,App,6.08,4,4137.24
CMD04876,2024-01-21,Carlos Gomez,Jouets,Voiture téléguidée,3,1658.86,0.15,Suisse,Magasin,2.92,3,4230.093
CMD04877,2024-08-04,Ali Benali,Électronique,TV 4K,1,1172.86,0.25,Suisse,Magasin,4.95,2,879.645
CMD04878,2024-05-22,Youssef El Amrani,Électronique,Casque audio,2,377.1,0.05,Maroc,Web,14.21,5,716.49
CMD04879,2024-07-29,Ali Benali,Beauté,Rouge à lèvres,2,1160.86,0.0,Italie,App,3.2,3,2321.72
CMD04880,2024-08-18,Paolo Bianchi,Sport,Raquette,1,1291.75,0.1,Espagne,Magasin,8.51,3,1162.575
CMD04881,2024-04-03,Paolo Bianchi,Électronique,Smartphone,1,1215.19,0.0,Italie,App,1.36,3,1215.19
CMD04882,2024-03-31,Lucie Martin,Sport,Ballon,5,1400.47,0.15,Belgique,App,11.89,4,5951.9975
CMD04883,2024-07-04,Ali Benali,Beauté,Shampoing,4,1141.61,0.3,France,Magasin,10.89,2,3196.5079999999994
CMD04884,2024-07-07,Youssef El Amrani,Électronique,TV 4K,1,1239.73,0.3,Allemagne,Magasin,4.13,3,867.8109999999999
CMD04885,2024-12-10,Sarah Moreau,Sport,Tapis de course,4,525.63,0.2,Allemagne,App,5.13,4,1682.016
CMD04886,2024-07-12,Paolo Bianchi,Jouets,Puzzle,5,758.21,0.05,Suisse,Web,8.35,2,3601.4975
CMD04887,2024-12-11,Paolo Bianchi,Mode,Veste,3,426.81,0.1,Maroc,Magasin,4.3,4,1152.3870000000002
CMD04888,2024-06-17,Sarah Moreau,Maison,Ventilateur,5,1862.21,0.2,Allemagne,Magasin,10.37,3,7448.84
CMD04889,2024-08-03,Lucie Martin,Électronique,Casque audio,4,132.13,0.3,Maroc,Web,4.86,3,369.96399999999994
CMD04890,2024-06-23,Emma Rossi,Maison,Aspirateur,3,354.16,0.25,Maroc,Magasin,14.57,3,796.86
CMD04891,2024-04-17,Paolo Bianchi,Beauté,Sérum,4,683.64,0.25,Suisse,App,2.88,1,2050.92
CMD04892,2024-06-21,Youssef El Amrani,Mode,Chaussures,1,1002.78,0.25,Espagne,Magasin,10.99,1,752.085
CMD04893,2024-07-12,Youssef El Amrani,Jouets,Jeu de société,1,1665.89,0.3,Espagne,App,7.8,5,1166.123
CMD04894,2024-04-12,Emma Rossi,Mode,Veste,3,1526.31,0.2,Suisse,App,12.26,2,3663.1440000000002
CMD04895,2024-02-06,Youssef El Amrani,Maison,Aspirateur,5,100.89,0.3,Maroc,App,1.17,2,353.11499999999995
CMD04896,2024-03-21,Léa Durand,Beauté,Shampoing,5,825.03,0.25,France,Magasin,4.89,4,3093.8624999999997
CMD04897,2024-05-10,Jean Dupont,Sport,Tapis de course,1,98.31,0.25,Suisse,Web,0.59,5,73.7325
CMD04898,2024-01-28,Carlos Gomez,Électronique,Casque audio,3,1109.22,0.3,Maroc,Magasin,2.34,5,2329.3619999999996
CMD04899,2024-02-23,Nina Müller,Mode,Jean,1,1505.46,0.3,France,Web,7.13,2,1053.822
CMD04900,2024-03-29,Emma Rossi,Jouets,Lego,4,861.27,0.05,Allemagne,App,2.79,1,3272.8259999999996
CMD04901,2024-11-09,Ali Benali,Sport,Ballon,1,486.81,0.2,Maroc,Web,10.67,1,389.44800000000004
CMD04902,2024-03-14,Lucie Martin,Mode,Chaussures,4,1354.72,0.2,Belgique,Web,14.84,2,4335.104
CMD04903,2024-12-09,Carlos Gomez,Électronique,TV 4K,5,557.69,0.1,Belgique,Magasin,0.98,4,2509.6050000000005
CMD04904,2024-09-20,Youssef El Amrani,Beauté,Sérum,3,434.89,0.2,Suisse,Magasin,1.09,3,1043.736
CMD04905,2024-09-23,Youssef El Amrani,Maison,Mixeur,1,277.78,0.25,Suisse,Web,6.58,4,208.33499999999998
CMD04906,2024-04-08,Paolo Bianchi,Jouets,Puzzle,4,422.68,0.2,Allemagne,Magasin,12.89,3,1352.576
CMD04907,2024-12-03,Ali Benali,Jouets,Peluche,1,862.66,0.0,Suisse,App,13.14,5,862.66
CMD04908,2024-04-28,Youssef El Amrani,Maison,Mixeur,2,1313.66,0.15,Suisse,App,0.84,5,2233.222
CMD04909,2024-07-21,Paolo Bianchi,Maison,Ventilateur,3,672.92,0.2,Suisse,Magasin,4.83,1,1615.0079999999998
CMD04910,2024-11-08,Carlos Gomez,Beauté,Parfum,4,33.39,0.2,Maroc,App,4.79,4,106.84800000000001
CMD04911,2024-10-12,Sarah Moreau,Mode,Jean,2,1546.83,0.0,Maroc,App,3.43,1,3093.66
CMD04912,2024-08-11,Lucie Martin,Sport,Chaussures de sport,2,1443.73,0.25,France,App,6.09,4,2165.5950000000003
CMD04913,2024-06-27,Sarah Moreau,Mode,Montre,1,423.74,0.15,Suisse,App,5.94,5,360.179
CMD04914,2024-01-03,Ali Benali,Maison,Lampadaire,1,651.42,0.2,Italie,App,6.32,2,521.136
CMD04915,2024-10-08,Paolo Bianchi,Maison,Aspirateur,4,164.22,0.1,Maroc,Web,7.28,1,591.192
CMD04916,2024-04-23,Paolo Bianchi,Maison,Aspirateur,2,1717.48,0.2,Suisse,App,14.97,3,2747.9680000000003
CMD04917,2024-04-09,Léa Durand,Maison,Lampadaire,3,177.82,0.0,Maroc,App,2.92,2,533.46
CMD04918,2024-01-29,Youssef El Amrani,Beauté,Sérum,2,548.88,0.15,Italie,Web,10.15,3,933.096
CMD04919,2024-10-25,Nina Müller,Beauté,Rouge à lèvres,3,126.08,0.2,Belgique,Magasin,3.15,1,302.59200000000004
CMD04920,2024-04-22,Youssef El Amrani,Électronique,Casque audio,1,767.06,0.3,Belgique,Web,0.93,1,536.9419999999999
CMD04921,2024-09-11,Carlos Gomez,Beauté,Parfum,4,1191.98,0.2,France,Web,10.98,3,3814.3360000000002
CMD04922,2024-09-23,Youssef El Amrani,Mode,Jean,2,988.5,0.25,Belgique,Magasin,5.09,1,1482.75
CMD04923,2024-11-03,Lucie Martin,Maison,Aspirateur,5,1935.18,0.05,Maroc,App,6.0,5,9192.105
CMD04924,2024-01-25,Emma Rossi,Jouets,Voiture téléguidée,1,1264.12,0.3,Belgique,Web,13.52,2,884.8839999999999
CMD04925,2024-12-08,Carlos Gomez,Sport,Chaussures de sport,4,1252.51,0.25,Suisse,Magasin,12.7,3,3757.5299999999997
CMD04926,2024-02-07,Jean Dupont,Mode,Veste,1,1185.92,0.0,Italie,Web,1.66,5,1185.92
CMD04927,2024-03-18,Paolo Bianchi,Beauté,Parfum,3,863.07,0.3,Belgique,Magasin,10.76,3,1812.447
CMD04928,2024-10-07,Lucie Martin,Jouets,Puzzle,4,1309.19,0.2,Belgique,Magasin,11.54,1,4189.408
CMD04929,2024-03-07,Nina Müller,Maison,Mixeur,5,1857.46,0.1,Italie,Magasin,13.7,5,8358.57
CMD04930,2024-09-24,Jean Dupont,Maison,Machine à café,3,647.67,0.05,Italie,Web,12.12,2,1845.8594999999998
CMD04931,2024-02-21,Sarah Moreau,Électronique,Smartphone,3,1276.37,0.1,Italie,Web,13.48,5,3446.1989999999996
CMD04932,2024-01-05,Youssef El Amrani,Sport,Ballon,3,603.25,0.0,Suisse,Web,5.26,4,1809.75
CMD04933,2024-02-27,Emma Rossi,Mode,Montre,3,1644.32,0.0,Allemagne,Web,4.55,5,4932.96
CMD04934,2024-11-09,Léa Durand,Électronique,Tablette,3,1197.88,0.1,Belgique,App,4.08,5,3234.2760000000003
CMD04935,2024-09-28,Emma Rossi,Maison,Mixeur,5,1735.78,0.2,Italie,App,14.84,2,6943.12
CMD04936,2024-11-03,Léa Durand,Beauté,Rouge à lèvres,3,855.84,0.3,Allemagne,Magasin,4.1,2,1797.264
CMD04937,2024-07-16,Jean Dupont,Jouets,Jeu de société,2,1552.67,0.3,Allemagne,App,1.36,1,2173.738
CMD04938,2024-09-09,Jean Dupont,Jouets,Lego,2,458.28,0.1,Allemagne,App,4.47,5,824.904
CMD04939,2024-06-17,Ali Benali,Jouets,Lego,1,94.66,0.05,Italie,Web,1.59,4,89.92699999999999
CMD04940,2024-07-27,Paolo Bianchi,Mode,Sac à main,3,340.86,0.2,Suisse,App,3.43,1,818.0640000000001
CMD04941,2024-01-10,Sarah Moreau,Jouets,Puzzle,3,1160.63,0.05,Suisse,Web,12.01,1,3307.7955
CMD04942,2024-02-14,Ali Benali,Maison,Mixeur,1,1611.58,0.2,Allemagne,App,11.68,5,1289.2640000000001
CMD04943,2024-05-15,Ali Benali,Mode,Montre,3,182.8,0.1,Suisse,Magasin,1.36,4,493.5600000000001
CMD04944,2024-08-04,Carlos Gomez,Électronique,Ordinateur portable,3,1220.68,0.1,Maroc,Web,6.62,1,3295.8360000000002
CMD04945,2024-11-19,Ali Benali,Maison,Aspirateur,2,1919.73,0.1,Italie,Magasin,13.99,3,3455.514
CMD04946,2024-08-18,Carlos Gomez,Sport,Vélo,2,923.54,0.1,Italie,App,9.59,1,1662.372
CMD04947,2024-12-22,Ali Benali,Beauté,Crème visage,1,1675.79,0.1,Belgique,Web,10.45,4,1508.211
CMD04948,2024-08-02,Youssef El Amrani,Sport,Raquette,2,1143.8,0.0,Maroc,Web,4.25,2,2287.6
CMD04949,2024-02-20,Paolo Bianchi,Beauté,Rouge à lèvres,5,870.28,0.0,Allemagne,Web,9.73,2,4351.4
CMD04950,2024-08-22,Nina Müller,Jouets,Jeu de société,5,306.7,0.05,Suisse,Magasin,13.04,4,1456.825
CMD04951,2024-01-28,Carlos Gomez,Maison,Ventilateur,2,1917.73,0.25,Allemagne,App,8.41,3,2876.5950000000003
CMD04952,2024-01-31,Nina Müller,Jouets,Lego,1,48.52,0.2,Italie,Magasin,3.74,1,38.816
CMD04953,2024-09-25,Lucie Martin,Jouets,Voiture téléguidée,2,346.27,0.05,France,Magasin,2.84,4,657.9129999999999
CMD04954,2024-01-06,Paolo Bianchi,Mode,Chaussures,3,618.78,0.3,France,Magasin,7.33,3,1299.4379999999999
CMD04955,2024-07-09,Léa Durand,Sport,Vélo,1,1371.4,0.25,Maroc,App,5.16,2,1028.5500000000002
CMD04956,2024-03-03,Ali Benali,Maison,Mixeur,2,805.56,0.25,Allemagne,App,3.29,2,1208.34
CMD04957,2024-08-10,Jean Dupont,Électronique,Tablette,5,394.68,0.05,Espagne,App,4.8,4,1874.73
CMD04958,2024-08-15,Sarah Moreau,Mode,Jean,1,1048.79,0.25,Maroc,App,6.16,3,786.5925
CMD04959,2024-01-26,Jean Dupont,Électronique,Smartphone,4,1525.86,0.0,Suisse,Web,10.75,3,6103.44
CMD04960,2024-02-11,Paolo Bianchi,Mode,Sac à main,4,776.72,0.15,Allemagne,Web,4.04,3,2640.848
CMD04961,2024-08-13,Youssef El Amrani,Sport,Tapis de course,5,1341.82,0.1,Suisse,Magasin,14.25,1,6038.19
CMD04962,2024-07-23,Lucie Martin,Jouets,Lego,3,666.84,0.3,Espagne,Web,13.54,4,1400.3639999999998
CMD04963,2024-09-04,Paolo Bianchi,Sport,Ballon,5,1469.41,0.05,Belgique,Magasin,8.89,5,6979.6975
CMD04964,2024-01-22,Emma Rossi,Sport,Ballon,3,1435.06,0.05,Belgique,Magasin,6.59,1,4089.9210000000003
CMD04965,2024-06-03,Lucie Martin,Beauté,Rouge à lèvres,5,872.11,0.1,Suisse,Magasin,12.08,3,3924.4950000000003
CMD04966,2024-05-21,Léa Durand,Mode,Veste,5,148.43,0.15,France,Web,9.11,3,630.8275000000001
CMD04967,2024-05-04,Lucie Martin,Maison,Machine à café,2,833.86,0.05,Suisse,App,0.8,5,1584.334
CMD04968,2024-01-16,Carlos Gomez,Jouets,Puzzle,2,753.04,0.25,Suisse,Web,7.58,5,1129.56
CMD04969,2024-05-28,Emma Rossi,Mode,Jean,5,1106.86,0.15,Belgique,Web,8.75,5,4704.154999999999
CMD04970,2024-10-27,Sarah Moreau,Électronique,Ordinateur portable,5,234.46,0.25,Suisse,Magasin,14.73,2,879.2249999999999
CMD04971,2024-12-29,Sarah Moreau,Beauté,Rouge à lèvres,1,1068.62,0.05,France,App,12.98,4,1015.1889999999999
CMD04972,2024-03-17,Paolo Bianchi,Mode,Chaussures,1,984.54,0.3,Espagne,Web,13.05,4,689.1779999999999
CMD04973,2024-06-20,Ali Benali,Sport,Raquette,4,1660.81,0.3,France,Web,1.74,5,4650.267999999999
CMD04974,2024-04-07,Ali Benali,Jouets,Puzzle,2,866.1,0.1,Suisse,App,8.92,1,1558.98
CMD04975,2024-12-11,Paolo Bianchi,Mode,Montre,1,1780.35,0.05,France,Magasin,14.5,4,1691.3324999999998
CMD04976,2024-12-20,Sarah Moreau,Électronique,Ordinateur portable,2,637.35,0.2,Espagne,Web,14.23,4,1019.7600000000001
CMD04977,2024-04-25,Carlos Gomez,Maison,Mixeur,1,1339.27,0.2,Espagne,Web,14.69,4,1071.416
CMD04978,2024-12-07,Ali Benali,Maison,Ventilateur,5,1276.82,0.25,Allemagne,App,13.97,5,4788.075
CMD04979,2024-07-31,Paolo Bianchi,Beauté,Crème visage,2,1779.64,0.2,Belgique,Magasin,6.84,3,2847.4240000000004
CMD04980,2024-10-01,Paolo Bianchi,Mode,Veste,3,353.73,0.15,Belgique,App,6.39,1,902.0115000000001
CMD04981,2024-10-08,Jean Dupont,Mode,Sac à main,3,381.15,0.15,Allemagne,Web,8.12,1,971.9324999999998
CMD04982,2024-12-08,Nina Müller,Sport,Vélo,2,1593.07,0.2,Espagne,App,12.67,4,2548.9120000000003
CMD04983,2024-07-16,Lucie Martin,Mode,Montre,3,430.9,0.15,France,Magasin,0.48,5,1098.7949999999998
CMD04984,2024-12-07,Carlos Gomez,Beauté,Sérum,3,400.42,0.1,Belgique,App,8.7,4,1081.134
CMD04985,2024-12-09,Lucie Martin,Sport,Vélo,5,603.18,0.0,France,App,10.71,5,3015.8999999999996
CMD04986,2024-05-25,Sarah Moreau,Maison,Lampadaire,2,1161.11,0.2,Suisse,App,13.81,3,1857.7759999999998
CMD04987,2024-05-02,Carlos Gomez,Jouets,Jeu de société,2,866.4,0.1,Italie,App,7.0,1,1559.52
CMD04988,2024-09-02,Nina Müller,Électronique,Tablette,5,632.92,0.15,Maroc,App,14.08,1,2689.91
CMD04989,2024-04-11,Emma Rossi,Beauté,Sérum,5,50.26,0.0,Suisse,Web,10.58,3,251.29999999999998
CMD04990,2024-12-23,Léa Durand,Jouets,Lego,5,550.25,0.2,Suisse,App,6.58,1,2201.0
CMD04991,2024-05-31,Youssef El Amrani,Mode,Sac à main,3,1804.31,0.15,Italie,App,1.61,3,4600.9905
CMD04992,2024-07-25,Léa Durand,Électronique,Ordinateur portable,3,1176.27,0.3,Belgique,Web,14.96,3,2470.167
CMD04993,2024-10-13,Ali Benali,Électronique,Smartphone,1,1961.96,0.25,France,App,10.74,1,1471.47
CMD04994,2024-11-06,Ali Benali,Sport,Tapis de course,3,1316.5,0.0,Allemagne,Web,8.46,3,3949.5
CMD04995,2024-08-02,Emma Rossi,Maison,Aspirateur,2,1611.67,0.15,Maroc,Magasin,5.22,2,2739.839
CMD04996,2024-04-05,Carlos Gomez,Sport,Ballon,1,387.09,0.0,Suisse,Magasin,2.88,1,387.09
CMD04997,2024-12-15,Emma Rossi,Beauté,Parfum,1,1234.04,0.15,Belgique,Magasin,13.65,3,1048.934
CMD04998,2024-02-22,Nina Müller,Beauté,Shampoing,1,1959.13,0.25,Maroc,Magasin,7.0,1,1469.3475
CMD04999,2024-01-01,Paolo Bianchi,Sport,Raquette,4,1661.69,0.25,Belgique,App,7.09,4,4985.07
CMD05000,2024-09-26,Carlos Gomez,Maison,Ventilateur,5,193.28,0.05,Maroc,Magasin,6.59,1,918.0799999999999
CMD05001,2024-08-20,Youssef El Amrani,Sport,Raquette,2,905.28,0.05,France,Magasin,5.47,1,1720.032
CMD05002,2024-06-24,Youssef El Amrani,Sport,Raquette,3,1472.97,0.0,France,Magasin,0.44,4,4418.91
CMD05003,2024-08-18,Jean Dupont,Électronique,Smartphone,4,29.35,0.05,Maroc,Web,0.75,2,111.53
CMD05004,2024-06-16,Jean Dupont,Mode,Jean,2,1063.91,0.0,Belgique,App,10.42,2,2127.82
CMD05005,2024-12-10,Nina Müller,Électronique,TV 4K,1,428.56,0.2,Belgique,App,10.31,5,342.848
CMD05006,2024-09-22,Emma Rossi,Mode,Jean,4,1472.88,0.25,Suisse,Web,2.63,5,4418.64
CMD05007,2024-04-24,Léa Durand,Jouets,Puzzle,5,1630.05,0.1,Belgique,Magasin,8.11,2,7335.225
CMD05008,2024-04-29,Youssef El Amrani,Électronique,Smartphone,1,729.62,0.25,Suisse,Magasin,0.19,1,547.215
CMD05009,2024-03-18,Sarah Moreau,Maison,Lampadaire,2,1009.16,0.15,Espagne,App,12.63,5,1715.572
CMD05010,2024-07-19,Jean Dupont,Électronique,Smartphone,2,1283.11,0.15,Italie,Magasin,11.51,1,2181.287
CMD05011,2024-06-22,Carlos Gomez,Sport,Ballon,3,713.13,0.25,France,Web,10.39,3,1604.5425
CMD05012,2024-01-13,Emma Rossi,Beauté,Sérum,2,1939.48,0.05,Allemagne,Web,1.88,2,3685.0119999999997
CMD05013,2024-03-16,Ali Benali,Mode,Veste,4,293.14,0.3,Italie,Web,8.76,3,820.7919999999999
CMD05014,2024-07-09,Paolo Bianchi,Beauté,Rouge à lèvres,4,715.63,0.15,Belgique,Magasin,14.35,3,2433.142
CMD05015,2024-12-15,Emma Rossi,Mode,Sac à main,2,1509.15,0.15,Belgique,App,9.45,3,2565.5550000000003
CMD05016,2024-03-29,Lucie Martin,Mode,Sac à main,1,1903.7,0.2,France,Magasin,14.21,2,1522.96
CMD05017,2024-02-20,Emma Rossi,Mode,Sac à main,1,1418.62,0.25,Italie,Web,2.21,4,1063.965
CMD05018,2024-11-30,Nina Müller,Électronique,TV 4K,2,1325.03,0.15,Italie,App,3.86,4,2252.551
CMD05019,2024-05-19,Youssef El Amrani,Beauté,Rouge à lèvres,1,351.33,0.05,France,Web,7.1,5,333.76349999999996
CMD05020,2024-07-25,Nina Müller,Maison,Machine à café,5,1362.72,0.25,Allemagne,Web,6.62,5,5110.200000000001
CMD05021,2024-02-04,Jean Dupont,Beauté,Shampoing,3,1936.42,0.25,Italie,Magasin,0.31,4,4356.945
CMD05022,2024-10-26,Léa Durand,Jouets,Peluche,4,313.87,0.3,Italie,App,4.39,3,878.836
CMD05023,2024-08-11,Lucie Martin,Maison,Mixeur,3,1520.11,0.25,Espagne,App,6.37,4,3420.2475
CMD05024,2024-12-29,Nina Müller,Jouets,Jeu de société,2,292.31,0.3,Belgique,Magasin,4.63,2,409.234
CMD05025,2024-01-11,Ali Benali,Électronique,TV 4K,5,1959.82,0.3,Maroc,Magasin,13.42,5,6859.37
CMD05026,2024-04-03,Youssef El Amrani,Électronique,Smartphone,3,280.91,0.1,France,App,6.62,2,758.457
CMD05027,2024-08-08,Emma Rossi,Maison,Mixeur,5,1218.92,0.2,Suisse,Web,1.4,5,4875.68
CMD05028,2024-10-01,Jean Dupont,Beauté,Sérum,2,583.47,0.3,Maroc,App,5.89,2,816.858
CMD05029,2024-09-22,Emma Rossi,Jouets,Puzzle,4,1414.89,0.05,Italie,Web,14.89,4,5376.582
CMD05030,2024-09-28,Emma Rossi,Jouets,Jeu de société,3,1238.41,0.2,Italie,Magasin,11.85,4,2972.1840000000007
CMD05031,2024-03-17,Nina Müller,Beauté,Crème visage,4,1494.47,0.2,Belgique,App,0.99,1,4782.304
CMD05032,2024-11-09,Youssef El Amrani,Jouets,Peluche,5,1040.66,0.0,Allemagne,Web,6.93,5,5203.3
CMD05033,2024-07-14,Paolo Bianchi,Mode,Chaussures,5,323.26,0.25,Italie,Magasin,7.79,1,1212.225
CMD05034,2024-06-03,Jean Dupont,Maison,Mixeur,3,948.42,0.15,Allemagne,Web,9.41,2,2418.4709999999995
CMD05035,2024-08-08,Carlos Gomez,Jouets,Voiture téléguidée,2,363.69,0.1,Espagne,Magasin,7.72,2,654.642
CMD05036,2024-01-19,Paolo Bianchi,Électronique,Ordinateur portable,2,1631.79,0.0,Italie,App,13.78,1,3263.58
CMD05037,2024-03-10,Lucie Martin,Mode,Sac à main,3,969.81,0.1,Suisse,Magasin,13.3,3,2618.487
CMD05038,2024-05-26,Lucie Martin,Jouets,Voiture téléguidée,3,831.11,0.1,Allemagne,App,4.49,3,2243.997
CMD05039,2024-05-01,Léa Durand,Beauté,Shampoing,1,612.76,0.3,France,Magasin,8.71,5,428.93199999999996
CMD05040,2024-04-21,Lucie Martin,Mode,Montre,1,108.03,0.2,Allemagne,Web,2.18,2,86.424
CMD05041,2024-09-05,Léa Durand,Beauté,Rouge à lèvres,5,1486.14,0.3,Belgique,App,1.51,3,5201.49
CMD05042,2024-04-19,Paolo Bianchi,Maison,Aspirateur,2,283.75,0.0,Italie,Magasin,2.6,5,567.5
CMD05043,2024-09-19,Youssef El Amrani,Jouets,Lego,2,397.72,0.0,Maroc,Magasin,14.85,5,795.44
CMD05044,2024-04-27,Jean Dupont,Électronique,Tablette,2,1171.95,0.15,Suisse,Web,13.15,5,1992.315
CMD05045,2024-05-07,Jean Dupont,Jouets,Puzzle,1,326.22,0.2,Italie,App,7.5,2,260.97600000000006
CMD05046,2024-12-27,Jean Dupont,Maison,Mixeur,1,270.33,0.3,Allemagne,App,4.14,5,189.23099999999997
CMD05047,2024-06-07,Emma Rossi,Jouets,Puzzle,5,1928.28,0.0,Suisse,Web,11.6,2,9641.4
CMD05048,2024-03-19,Paolo Bianchi,Jouets,Puzzle,2,411.21,0.1,Maroc,Web,14.71,1,740.178
CMD05049,2024-01-16,Lucie Martin,Maison,Machine à café,1,910.17,0.15,Belgique,Web,8.13,5,773.6445
CMD05050,2024-12-16,Youssef El Amrani,Mode,Jean,3,162.63,0.25,Italie,Magasin,4.25,4,365.9175
CMD05051,2024-09-06,Ali Benali,Mode,Sac à main,1,294.57,0.1,Belgique,Magasin,9.72,5,265.113
CMD05052,2024-08-31,Sarah Moreau,Sport,Vélo,3,1912.91,0.25,Suisse,App,11.28,1,4304.047500000001
CMD05053,2024-07-01,Paolo Bianchi,Électronique,Smartphone,1,1677.68,0.1,Allemagne,Magasin,11.07,1,1509.912
CMD05054,2024-12-17,Youssef El Amrani,Jouets,Lego,5,251.29,0.3,France,Web,2.97,1,879.515
CMD05055,2024-12-12,Emma Rossi,Jouets,Jeu de société,1,1682.26,0.0,Maroc,Web,13.04,5,1682.26
CMD05056,2024-06-29,Lucie Martin,Mode,Sac à main,4,144.19,0.2,Maroc,App,7.16,3,461.408
CMD05057,2024-11-30,Jean Dupont,Maison,Ventilateur,2,1028.87,0.25,Espagne,Magasin,12.77,4,1543.3049999999998
CMD05058,2024-12-09,Youssef El Amrani,Mode,Sac à main,1,796.83,0.15,Italie,Web,7.49,2,677.3055
CMD05059,2024-01-10,Sarah Moreau,Électronique,Casque audio,4,1046.98,0.2,Belgique,App,3.64,1,3350.3360000000002
CMD05060,2024-04-03,Sarah Moreau,Maison,Mixeur,4,265.21,0.3,France,Web,6.91,2,742.5879999999999
CMD05061,2024-04-17,Ali Benali,Beauté,Parfum,4,91.27,0.2,France,App,4.5,2,292.064
CMD05062,2024-11-09,Jean Dupont,Mode,Montre,5,673.47,0.05,Suisse,Magasin,14.49,1,3198.9825
CMD05063,2024-08-15,Youssef El Amrani,Maison,Machine à café,5,409.29,0.1,Allemagne,Web,13.05,3,1841.805
CMD05064,2024-08-25,Paolo Bianchi,Mode,Sac à main,1,694.89,0.3,Suisse,Web,12.12,3,486.42299999999994
CMD05065,2024-01-21,Nina Müller,Électronique,TV 4K,1,1931.27,0.15,Espagne,Web,10.3,5,1641.5795
CMD05066,2024-02-28,Youssef El Amrani,Sport,Tapis de course,3,1544.56,0.25,Italie,Web,0.11,3,3475.26
CMD05067,2024-08-26,Lucie Martin,Jouets,Lego,3,1399.56,0.05,Italie,App,3.08,2,3988.746
CMD05068,2024-09-17,Ali Benali,Jouets,Lego,5,1542.94,0.3,Suisse,Web,9.99,1,5400.29
CMD05069,2024-10-25,Lucie Martin,Jouets,Jeu de société,4,1644.6,0.3,France,Web,5.51,4,4604.879999999999
CMD05070,2024-03-14,Youssef El Amrani,Jouets,Lego,3,437.32,0.05,Italie,App,6.79,5,1246.362
CMD05071,2024-01-06,Youssef El Amrani,Beauté,Shampoing,5,1801.35,0.3,Espagne,Web,14.75,5,6304.724999999999
CMD05072,2024-03-29,Emma Rossi,Maison,Mixeur,2,1701.73,0.05,Belgique,App,14.02,2,3233.287
CMD05073,2024-08-20,Youssef El Amrani,Sport,Chaussures de sport,5,1560.62,0.1,Suisse,App,5.27,1,7022.79
CMD05074,2024-01-27,Nina Müller,Maison,Lampadaire,1,1174.02,0.1,Italie,Web,8.87,3,1056.618
CMD05075,2024-01-08,Paolo Bianchi,Beauté,Crème visage,1,1709.11,0.25,Suisse,Magasin,1.19,4,1281.8325
CMD05076,2024-05-24,Lucie Martin,Mode,Chaussures,1,1652.0,0.0,Allemagne,Magasin,4.53,2,1652.0
CMD05077,2024-05-07,Nina Müller,Jouets,Jeu de société,1,79.97,0.25,Maroc,Magasin,0.79,5,59.9775
CMD05078,2024-05-15,Léa Durand,Mode,Sac à main,5,711.28,0.1,Suisse,Web,8.12,1,3200.7599999999998
CMD05079,2024-03-19,Carlos Gomez,Sport,Ballon,5,453.29,0.05,Maroc,App,2.09,1,2153.1275
CMD05080,2024-11-03,Emma Rossi,Électronique,Ordinateur portable,2,1786.57,0.3,Espagne,Magasin,2.86,1,2501.198
CMD05081,2024-07-16,Sarah Moreau,Mode,Montre,1,546.31,0.25,Maroc,Web,5.3,5,409.73249999999996
CMD05082,2024-11-11,Sarah Moreau,Jouets,Lego,5,1567.42,0.05,Espagne,Magasin,13.71,5,7445.245
CMD05083,2024-10-17,Paolo Bianchi,Jouets,Peluche,4,1110.94,0.05,Belgique,Web,14.35,1,4221.572
CMD05084,2024-06-17,Sarah Moreau,Mode,Chaussures,2,221.53,0.3,Allemagne,Magasin,5.85,2,310.142
CMD05085,2024-11-21,Léa Durand,Jouets,Peluche,4,1044.02,0.0,Allemagne,App,2.03,4,4176.08
CMD05086,2024-04-03,Léa Durand,Jouets,Lego,2,1966.42,0.25,Italie,App,12.8,5,2949.63
CMD05087,2024-05-10,Jean Dupont,Mode,Veste,4,721.86,0.0,Italie,Magasin,0.87,3,2887.44
CMD05088,2024-04-30,Léa Durand,Jouets,Jeu de société,1,465.59,0.2,Suisse,Magasin,0.09,3,372.472
CMD05089,2024-08-07,Paolo Bianchi,Électronique,TV 4K,1,267.87,0.0,France,App,0.66,3,267.87
CMD05090,2024-09-24,Ali Benali,Électronique,Casque audio,1,1645.59,0.15,Espagne,App,14.53,4,1398.7514999999999
CMD05091,2024-01-16,Sarah Moreau,Jouets,Jeu de société,3,1306.25,0.15,Maroc,App,1.43,3,3330.9375
CMD05092,2024-02-27,Lucie Martin,Maison,Ventilateur,3,1142.24,0.05,Espagne,App,5.35,5,3255.384
CMD05093,2024-03-29,Youssef El Amrani,Électronique,Smartphone,2,961.47,0.15,France,Magasin,13.39,1,1634.499
CMD05094,2024-06-19,Youssef El Amrani,Jouets,Puzzle,1,751.9,0.25,Allemagne,App,3.55,2,563.925
CMD05095,2024-01-26,Sarah Moreau,Sport,Tapis de course,1,1102.67,0.1,Belgique,Magasin,2.01,4,992.4030000000001
CMD05096,2024-11-09,Lucie Martin,Sport,Tapis de course,5,1759.81,0.25,Belgique,Magasin,6.93,4,6599.287499999999
CMD05097,2024-02-25,Jean Dupont,Beauté,Crème visage,4,1748.22,0.3,Allemagne,App,0.34,3,4895.016
CMD05098,2024-09-12,Carlos Gomez,Mode,Chaussures,1,1121.84,0.0,Allemagne,Magasin,8.35,5,1121.84
CMD05099,2024-01-30,Paolo Bianchi,Mode,Chaussures,1,1690.63,0.3,Italie,App,4.02,2,1183.441
CMD05100,2024-08-15,Lucie Martin,Beauté,Shampoing,2,895.85,0.3,Maroc,Web,1.1,1,1254.19
CMD05101,2024-04-04,Lucie Martin,Mode,Veste,5,1598.05,0.0,France,App,14.56,4,7990.25
CMD05102,2024-09-23,Emma Rossi,Jouets,Voiture téléguidée,2,86.02,0.2,Belgique,Web,3.12,4,137.632
CMD05103,2024-04-27,Sarah Moreau,Électronique,Smartphone,5,1777.52,0.2,France,Magasin,5.65,1,7110.080000000001
CMD05104,2024-03-29,Léa Durand,Mode,Veste,4,1338.38,0.05,Maroc,App,11.36,3,5085.844
CMD05105,2024-08-24,Jean Dupont,Jouets,Lego,4,913.16,0.1,Allemagne,App,8.74,2,3287.3759999999997
CMD05106,2024-04-14,Carlos Gomez,Maison,Lampadaire,4,464.03,0.3,Allemagne,Web,2.33,4,1299.2839999999999
CMD05107,2024-09-03,Jean Dupont,Sport,Chaussures de sport,2,30.32,0.15,Allemagne,Magasin,12.55,2,51.544
CMD05108,2024-04-29,Lucie Martin,Beauté,Rouge à lèvres,4,139.87,0.25,France,Web,4.12,4,419.61
CMD05109,2024-09-29,Sarah Moreau,Sport,Ballon,4,1153.26,0.3,France,App,7.21,2,3229.1279999999997
CMD05110,2024-11-28,Sarah Moreau,Jouets,Jeu de société,5,1458.16,0.2,Espagne,Magasin,12.2,2,5832.64
CMD05111,2024-12-22,Paolo Bianchi,Jouets,Puzzle,3,437.76,0.25,Allemagne,Magasin,2.84,4,984.96
CMD05112,2024-01-26,Lucie Martin,Jouets,Lego,3,1847.32,0.1,France,Magasin,14.28,2,4987.764
CMD05113,2024-08-07,Ali Benali,Maison,Mixeur,1,1212.34,0.15,Maroc,Web,11.83,1,1030.4889999999998
CMD05114,2024-02-01,Emma Rossi,Mode,Jean,5,825.76,0.0,Allemagne,Web,5.07,2,4128.8
CMD05115,2024-07-22,Emma Rossi,Mode,Jean,1,695.78,0.05,Suisse,Magasin,10.06,5,660.991
CMD05116,2024-02-09,Carlos Gomez,Sport,Vélo,1,285.14,0.05,Suisse,Magasin,13.31,3,270.883
CMD05117,2024-02-11,Paolo Bianchi,Beauté,Crème visage,2,1581.29,0.2,Belgique,Magasin,9.87,1,2530.0640000000003
CMD05118,2024-11-13,Lucie Martin,Mode,Sac à main,3,895.95,0.2,Espagne,Magasin,4.96,5,2150.28
CMD05119,2024-08-10,Ali Benali,Beauté,Rouge à lèvres,2,1079.75,0.1,France,App,11.77,2,1943.55
CMD05120,2024-11-13,Paolo Bianchi,Beauté,Sérum,3,1118.58,0.05,Suisse,Magasin,1.76,1,3187.9529999999995
CMD05121,2024-10-30,Carlos Gomez,Maison,Ventilateur,4,644.41,0.05,Belgique,Web,1.08,4,2448.758
CMD05122,2024-07-03,Paolo Bianchi,Sport,Raquette,4,310.73,0.15,France,App,9.56,2,1056.482
CMD05123,2024-09-09,Jean Dupont,Sport,Ballon,3,566.15,0.2,Suisse,App,4.17,5,1358.76
CMD05124,2024-04-06,Nina Müller,Mode,Sac à main,3,1878.39,0.25,Allemagne,Web,7.69,5,4226.3775000000005
CMD05125,2024-09-04,Jean Dupont,Beauté,Rouge à lèvres,4,1485.98,0.15,France,Magasin,6.69,5,5052.332
CMD05126,2024-03-14,Léa Durand,Beauté,Shampoing,1,783.34,0.1,France,App,6.29,2,705.0060000000001
CMD05127,2024-09-08,Carlos Gomez,Mode,Sac à main,5,1707.82,0.2,Italie,Web,3.04,3,6831.280000000001
CMD05128,2024-10-29,Paolo Bianchi,Électronique,TV 4K,4,1971.46,0.3,France,Magasin,0.32,4,5520.088
CMD05129,2024-10-05,Léa Durand,Mode,Sac à main,2,690.13,0.15,Italie,App,11.32,1,1173.221
CMD05130,2024-04-26,Léa Durand,Jouets,Voiture téléguidée,2,1171.89,0.1,Maroc,Web,7.29,3,2109.402
CMD05131,2024-03-07,Youssef El Amrani,Sport,Chaussures de sport,3,110.79,0.05,Allemagne,Web,13.35,5,315.75149999999996
CMD05132,2024-02-24,Léa Durand,Électronique,Smartphone,4,918.0,0.1,Maroc,Magasin,7.45,1,3304.8
CMD05133,2024-11-09,Ali Benali,Beauté,Sérum,1,627.3,0.3,Belgique,Web,9.68,4,439.10999999999996
CMD05134,2024-09-19,Jean Dupont,Sport,Tapis de course,4,1376.15,0.0,Espagne,Web,13.43,2,5504.6
CMD05135,2024-09-14,Léa Durand,Mode,Sac à main,5,228.48,0.1,Maroc,App,9.46,2,1028.1599999999999
CMD05136,2024-09-16,Jean Dupont,Mode,Veste,1,1978.68,0.0,Belgique,App,0.79,1,1978.68
CMD05137,2024-02-06,Paolo Bianchi,Jouets,Jeu de société,3,355.86,0.3,Italie,App,5.66,2,747.3059999999999
CMD05138,2024-08-14,Youssef El Amrani,Jouets,Lego,5,1138.88,0.2,France,App,13.11,5,4555.52
CMD05139,2024-11-01,Nina Müller,Mode,Chaussures,4,1549.19,0.05,Allemagne,App,6.14,2,5886.922
CMD05140,2024-05-21,Ali Benali,Sport,Vélo,4,1334.78,0.3,Maroc,App,14.19,4,3737.3839999999996
CMD05141,2024-09-30,Nina Müller,Maison,Lampadaire,1,1205.28,0.25,France,Magasin,3.67,1,903.96
CMD05142,2024-06-12,Carlos Gomez,Électronique,Ordinateur portable,4,727.96,0.3,Espagne,Magasin,5.73,4,2038.288
CMD05143,2024-04-08,Paolo Bianchi,Beauté,Parfum,3,1064.05,0.2,Italie,Magasin,3.3,2,2553.72
CMD05144,2024-12-08,Léa Durand,Mode,Veste,5,1339.61,0.2,Italie,Web,7.93,3,5358.44
CMD05145,2024-02-27,Paolo Bianchi,Sport,Vélo,4,1081.71,0.2,Italie,App,3.26,5,3461.472
CMD05146,2024-11-24,Nina Müller,Jouets,Peluche,3,907.57,0.3,Allemagne,App,6.21,2,1905.897
CMD05147,2024-10-10,Nina Müller,Sport,Tapis de course,5,1914.47,0.0,Allemagne,Magasin,10.78,3,9572.35
CMD05148,2024-07-15,Jean Dupont,Mode,Sac à main,1,323.97,0.05,Belgique,Magasin,0.38,1,307.7715
CMD05149,2024-07-24,Youssef El Amrani,Mode,Chaussures,4,1270.19,0.2,France,Web,6.09,2,4064.608
CMD05150,2024-12-27,Youssef El Amrani,Jouets,Voiture téléguidée,3,361.96,0.3,Espagne,App,4.61,4,760.1159999999999
CMD05151,2024-04-20,Lucie Martin,Maison,Mixeur,4,1688.81,0.3,Maroc,Magasin,10.88,4,4728.668
CMD05152,2024-10-23,Ali Benali,Électronique,Casque audio,5,1056.92,0.25,Belgique,App,5.14,1,3963.4500000000003
CMD05153,2024-08-21,Youssef El Amrani,Beauté,Parfum,1,257.24,0.3,Suisse,App,4.05,1,180.06799999999998
CMD05154,2024-05-04,Nina Müller,Électronique,Smartphone,4,58.2,0.15,Suisse,Magasin,3.12,2,197.88
CMD05155,2024-01-01,Lucie Martin,Électronique,Casque audio,1,1449.84,0.3,Maroc,Magasin,3.29,1,1014.8879999999999
CMD05156,2024-09-17,Nina Müller,Mode,Montre,3,705.45,0.25,Belgique,Magasin,5.04,4,1587.2625000000003
CMD05157,2024-12-08,Jean Dupont,Sport,Tapis de course,4,1162.24,0.3,Italie,App,3.78,4,3254.272
CMD05158,2024-03-06,Paolo Bianchi,Sport,Tapis de course,2,1297.6,0.0,France,Magasin,4.82,2,2595.2
CMD05159,2024-01-16,Lucie Martin,Maison,Aspirateur,5,1506.25,0.3,France,Magasin,4.61,4,5271.875
CMD05160,2024-03-27,Sarah Moreau,Mode,Jean,5,385.3,0.15,Italie,App,11.52,2,1637.5249999999999
CMD05161,2024-04-09,Lucie Martin,Sport,Ballon,5,911.13,0.1,Suisse,Web,6.38,1,4100.085
CMD05162,2024-09-25,Youssef El Amrani,Électronique,Smartphone,3,1246.18,0.3,Belgique,Magasin,9.36,4,2616.9779999999996
CMD05163,2024-11-05,Nina Müller,Jouets,Peluche,2,1562.65,0.15,Suisse,Magasin,2.52,5,2656.505
CMD05164,2024-10-11,Paolo Bianchi,Beauté,Parfum,2,492.33,0.05,Allemagne,App,0.96,4,935.4269999999999
CMD05165,2024-06-13,Emma Rossi,Beauté,Parfum,4,728.46,0.15,France,Magasin,14.44,5,2476.764
CMD05166,2024-01-09,Youssef El Amrani,Jouets,Voiture téléguidée,1,1856.62,0.15,Italie,Web,14.21,4,1578.127
CMD05167,2024-01-22,Jean Dupont,Électronique,TV 4K,4,593.06,0.0,Espagne,Magasin,5.3,4,2372.24
CMD05168,2024-02-02,Ali Benali,Électronique,Casque audio,3,76.01,0.0,Allemagne,App,2.84,5,228.03000000000003
CMD05169,2024-04-21,Paolo Bianchi,Mode,Sac à main,5,628.63,0.05,France,App,3.17,1,2985.9925
CMD05170,2024-09-14,Carlos Gomez,Sport,Raquette,2,945.54,0.25,Suisse,Magasin,5.29,4,1418.31
CMD05171,2024-04-05,Ali Benali,Mode,Sac à main,3,1706.04,0.25,Espagne,App,8.29,3,3838.59
CMD05172,2024-05-29,Paolo Bianchi,Beauté,Crème visage,5,565.76,0.2,France,Web,4.24,1,2263.0400000000004
CMD05173,2024-02-02,Léa Durand,Sport,Chaussures de sport,5,1041.69,0.05,Belgique,Web,6.12,2,4948.0275
CMD05174,2024-11-23,Jean Dupont,Mode,Jean,5,794.4,0.0,Allemagne,App,3.86,5,3972.0
CMD05175,2024-06-23,Jean Dupont,Sport,Chaussures de sport,4,1363.11,0.15,Allemagne,App,9.97,4,4634.574
CMD05176,2024-04-28,Ali Benali,Maison,Ventilateur,1,1700.26,0.0,Maroc,App,1.85,3,1700.26
CMD05177,2024-11-11,Nina Müller,Électronique,Casque audio,3,1235.31,0.2,Suisse,Web,9.36,5,2964.744
CMD05178,2024-09-23,Léa Durand,Sport,Raquette,1,1812.59,0.05,France,Web,10.59,2,1721.9605
CMD05179,2024-12-14,Carlos Gomez,Beauté,Sérum,3,1484.16,0.3,Maroc,App,1.9,1,3116.7360000000003
CMD05180,2024-02-13,Paolo Bianchi,Sport,Chaussures de sport,2,148.71,0.1,Italie,Web,2.15,2,267.678
CMD05181,2024-03-03,Ali Benali,Jouets,Puzzle,5,191.22,0.15,France,Web,0.71,5,812.685
CMD05182,2024-03-28,Léa Durand,Maison,Lampadaire,2,175.66,0.25,Belgique,App,0.63,3,263.49
CMD05183,2024-02-18,Carlos Gomez,Beauté,Crème visage,4,1879.03,0.3,France,App,13.5,3,5261.284
CMD05184,2024-05-18,Léa Durand,Beauté,Sérum,3,1429.18,0.2,France,Magasin,10.05,3,3430.032
CMD05185,2024-02-16,Youssef El Amrani,Maison,Ventilateur,1,766.38,0.1,Maroc,Magasin,10.24,5,689.742
CMD05186,2024-08-12,Lucie Martin,Sport,Chaussures de sport,3,1358.96,0.25,Maroc,Magasin,2.46,5,3057.66
CMD05187,2024-11-28,Carlos Gomez,Maison,Ventilateur,4,1352.39,0.0,Maroc,App,1.23,3,5409.56
CMD05188,2024-12-22,Paolo Bianchi,Électronique,Ordinateur portable,3,1518.09,0.15,Belgique,Web,3.31,1,3871.1294999999996
CMD05189,2024-10-10,Léa Durand,Électronique,Smartphone,1,1479.66,0.1,Maroc,Web,11.35,4,1331.6940000000002
CMD05190,2024-06-07,Jean Dupont,Beauté,Parfum,2,1293.0,0.25,Belgique,Magasin,2.54,1,1939.5
CMD05191,2024-10-17,Emma Rossi,Beauté,Shampoing,4,1185.08,0.0,France,Web,14.79,4,4740.32
CMD05192,2024-01-05,Emma Rossi,Beauté,Rouge à lèvres,4,1391.65,0.2,France,App,10.47,5,4453.280000000001
CMD05193,2024-10-19,Emma Rossi,Maison,Mixeur,3,1763.62,0.2,Suisse,Magasin,8.43,5,4232.688
CMD05194,2024-02-27,Nina Müller,Maison,Aspirateur,3,972.75,0.1,France,Magasin,14.94,4,2626.425
CMD05195,2024-04-12,Jean Dupont,Beauté,Sérum,3,665.57,0.05,Italie,App,8.77,5,1896.8745
CMD05196,2024-12-05,Lucie Martin,Sport,Raquette,3,1310.41,0.25,France,Magasin,9.6,2,2948.4225000000006
CMD05197,2024-03-14,Youssef El Amrani,Maison,Mixeur,1,349.46,0.05,France,App,10.61,2,331.98699999999997
CMD05198,2024-11-22,Léa Durand,Beauté,Sérum,1,1046.14,0.15,Maroc,Magasin,6.4,5,889.219
CMD05199,2024-10-01,Ali Benali,Beauté,Crème visage,2,285.99,0.05,Maroc,App,12.26,3,543.381
CMD05200,2024-12-17,Paolo Bianchi,Mode,Sac à main,5,427.61,0.0,Espagne,App,3.61,2,2138.05
CMD05201,2024-03-01,Ali Benali,Électronique,Ordinateur portable,5,509.84,0.1,Espagne,App,14.16,4,2294.2799999999997
CMD05202,2024-04-08,Jean Dupont,Sport,Tapis de course,1,89.45,0.2,Italie,Magasin,5.23,2,71.56
CMD05203,2024-11-21,Youssef El Amrani,Jouets,Puzzle,2,62.35,0.0,Espagne,App,6.63,1,124.7
CMD05204,2024-05-28,Ali Benali,Maison,Machine à café,5,1892.85,0.2,Italie,App,3.84,4,7571.400000000001
CMD05205,2024-10-28,Jean Dupont,Mode,Jean,2,948.34,0.05,France,Magasin,5.61,3,1801.846
CMD05206,2024-10-18,Lucie Martin,Mode,Jean,4,473.66,0.1,Allemagne,App,14.76,3,1705.1760000000002
CMD05207,2024-05-13,Sarah Moreau,Électronique,Tablette,4,1395.41,0.05,Suisse,Web,6.08,3,5302.558
CMD05208,2024-09-21,Ali Benali,Électronique,Tablette,5,80.61,0.3,Maroc,App,8.33,3,282.135
CMD05209,2024-01-18,Emma Rossi,Mode,Chaussures,3,1986.0,0.2,Espagne,Magasin,2.68,4,4766.400000000001
CMD05210,2024-08-28,Sarah Moreau,Maison,Aspirateur,5,1522.33,0.15,Belgique,Web,9.12,3,6469.902499999999
CMD05211,2024-08-13,Sarah Moreau,Sport,Chaussures de sport,1,1134.77,0.0,Belgique,Web,2.22,2,1134.77
CMD05212,2024-06-07,Emma Rossi,Sport,Chaussures de sport,4,1353.39,0.05,France,Magasin,12.07,1,5142.8820000000005
CMD05213,2024-08-07,Nina Müller,Sport,Chaussures de sport,4,629.2,0.2,France,Web,2.97,5,2013.4400000000003
CMD05214,2024-07-11,Nina Müller,Mode,Montre,4,435.81,0.1,Belgique,Magasin,3.36,1,1568.916
CMD05215,2024-07-22,Ali Benali,Mode,Sac à main,3,255.48,0.1,Suisse,Web,6.78,5,689.7959999999999
CMD05216,2024-01-25,Youssef El Amrani,Jouets,Lego,3,862.51,0.2,Espagne,Web,0.18,4,2070.024
CMD05217,2024-03-21,Lucie Martin,Électronique,Ordinateur portable,1,558.41,0.1,Maroc,App,2.17,2,502.56899999999996
CMD05218,2024-09-17,Nina Müller,Sport,Raquette,4,847.44,0.3,Espagne,Magasin,4.11,1,2372.832
CMD05219,2024-09-08,Ali Benali,Beauté,Crème visage,1,134.69,0.1,Maroc,Web,0.69,2,121.221
CMD05220,2024-05-05,Ali Benali,Jouets,Jeu de société,3,379.01,0.0,Belgique,Web,6.69,2,1137.03
CMD05221,2024-09-03,Paolo Bianchi,Maison,Lampadaire,4,579.18,0.25,Allemagne,Web,3.1,2,1737.54
CMD05222,2024-04-04,Youssef El Amrani,Maison,Mixeur,1,1787.37,0.0,Espagne,Web,3.99,5,1787.37
CMD05223,2024-01-04,Ali Benali,Sport,Chaussures de sport,3,1215.68,0.1,Espagne,Magasin,12.92,4,3282.3360000000002
CMD05224,2024-03-22,Léa Durand,Mode,Jean,2,1284.74,0.2,Italie,App,9.56,3,2055.5840000000003
CMD05225,2024-04-02,Ali Benali,Beauté,Sérum,1,1274.92,0.1,Italie,Magasin,9.82,3,1147.428
CMD05226,2024-01-06,Carlos Gomez,Beauté,Shampoing,2,558.72,0.2,Italie,Web,13.79,2,893.9520000000001
CMD05227,2024-05-17,Sarah Moreau,Mode,Jean,5,511.59,0.3,France,Magasin,4.56,5,1790.5649999999998
CMD05228,2024-12-21,Paolo Bianchi,Sport,Raquette,1,714.23,0.3,Suisse,Magasin,6.7,3,499.96099999999996
CMD05229,2024-07-16,Carlos Gomez,Maison,Machine à café,1,1562.26,0.15,Allemagne,App,11.98,3,1327.921
CMD05230,2024-05-25,Ali Benali,Beauté,Shampoing,1,1287.91,0.0,Suisse,Magasin,5.52,4,1287.91
CMD05231,2024-12-08,Ali Benali,Jouets,Jeu de société,3,1310.72,0.15,Suisse,Magasin,12.26,5,3342.336
CMD05232,2024-08-13,Léa Durand,Électronique,Ordinateur portable,2,1971.25,0.05,Belgique,App,0.98,1,3745.375
CMD05233,2024-06-20,Ali Benali,Sport,Raquette,4,1959.58,0.05,Maroc,App,1.78,2,7446.4039999999995
CMD05234,2024-11-02,Nina Müller,Mode,Veste,5,44.79,0.0,Italie,Web,4.73,5,223.95
CMD05235,2024-06-20,Emma Rossi,Maison,Aspirateur,3,1331.72,0.15,Espagne,Magasin,6.74,5,3395.886
CMD05236,2024-08-06,Jean Dupont,Sport,Tapis de course,5,116.73,0.1,Maroc,Web,1.77,5,525.285
CMD05237,2024-10-23,Sarah Moreau,Sport,Raquette,1,1457.09,0.1,France,App,13.81,3,1311.3809999999999
CMD05238,2024-05-28,Ali Benali,Beauté,Shampoing,1,181.15,0.3,Suisse,Magasin,3.87,3,126.80499999999999
CMD05239,2024-09-08,Sarah Moreau,Maison,Aspirateur,2,47.89,0.3,Espagne,App,7.11,3,67.04599999999999
CMD05240,2024-05-29,Nina Müller,Électronique,TV 4K,4,401.64,0.25,Suisse,App,12.51,2,1204.92
CMD05241,2024-12-18,Emma Rossi,Maison,Aspirateur,4,774.72,0.2,Espagne,App,2.2,1,2479.1040000000003
CMD05242,2024-01-31,Youssef El Amrani,Maison,Machine à café,3,809.83,0.25,Suisse,Magasin,7.65,5,1822.1175000000003
CMD05243,2024-09-19,Carlos Gomez,Électronique,TV 4K,4,1894.31,0.1,Suisse,Magasin,14.73,3,6819.516
CMD05244,2024-01-07,Sarah Moreau,Mode,Chaussures,4,68.98,0.2,Suisse,App,1.27,4,220.73600000000002
CMD05245,2024-03-27,Emma Rossi,Sport,Chaussures de sport,5,1006.65,0.15,Suisse,Web,0.39,5,4278.2625
CMD05246,2024-08-21,Jean Dupont,Maison,Mixeur,4,1707.3,0.05,Italie,Magasin,11.25,3,6487.74
CMD05247,2024-10-20,Carlos Gomez,Jouets,Puzzle,3,1022.45,0.2,France,Magasin,10.06,2,2453.8800000000006
CMD05248,2024-04-24,Nina Müller,Maison,Mixeur,1,1040.83,0.15,Espagne,Web,4.67,5,884.7054999999999
CMD05249,2024-04-25,Jean Dupont,Électronique,TV 4K,2,600.77,0.05,Allemagne,Web,14.14,5,1141.463
CMD05250,2024-08-08,Paolo Bianchi,Électronique,TV 4K,1,1012.8,0.05,Suisse,App,7.39,4,962.16
CMD05251,2024-02-06,Sarah Moreau,Sport,Chaussures de sport,3,574.05,0.3,Belgique,Magasin,7.31,4,1205.5049999999999
CMD05252,2024-02-15,Ali Benali,Maison,Mixeur,3,1409.44,0.2,France,Magasin,14.86,5,3382.656
CMD05253,2024-07-21,Léa Durand,Sport,Raquette,2,582.02,0.3,Maroc,Web,2.28,3,814.828
CMD05254,2024-09-12,Léa Durand,Jouets,Lego,4,553.59,0.05,Allemagne,Magasin,5.6,2,2103.642
CMD05255,2024-07-06,Léa Durand,Électronique,Smartphone,5,1001.72,0.3,Italie,Web,14.64,3,3506.02
CMD05256,2024-01-13,Lucie Martin,Sport,Vélo,3,1392.1,0.3,Suisse,Magasin,7.78,3,2923.4099999999994
CMD05257,2024-11-18,Ali Benali,Beauté,Crème visage,3,1444.72,0.2,Allemagne,Magasin,12.04,5,3467.328
CMD05258,2024-03-25,Léa Durand,Électronique,TV 4K,2,1228.78,0.2,Maroc,App,3.49,3,1966.048
CMD05259,2024-02-29,Paolo Bianchi,Sport,Chaussures de sport,1,707.31,0.05,Belgique,Web,13.8,2,671.9445
CMD05260,2024-03-03,Youssef El Amrani,Maison,Ventilateur,3,1790.04,0.2,Espagne,Web,11.48,4,4296.0960000000005
CMD05261,2024-06-24,Jean Dupont,Mode,Chaussures,4,14.44,0.05,Espagne,Magasin,14.89,3,54.87199999999999
CMD05262,2024-09-17,Lucie Martin,Beauté,Rouge à lèvres,1,1069.43,0.2,Allemagne,App,2.52,3,855.5440000000001
CMD05263,2024-11-19,Ali Benali,Mode,Sac à main,2,942.95,0.1,Maroc,App,4.97,5,1697.3100000000002
CMD05264,2024-04-12,Emma Rossi,Maison,Aspirateur,3,622.99,0.15,Belgique,Web,0.12,3,1588.6245
CMD05265,2024-08-13,Léa Durand,Mode,Montre,2,1567.79,0.2,Italie,Magasin,13.46,1,2508.464
CMD05266,2024-12-29,Emma Rossi,Sport,Vélo,4,436.02,0.0,Espagne,Web,1.45,3,1744.08
CMD05267,2024-02-07,Youssef El Amrani,Jouets,Peluche,4,13.33,0.25,Italie,App,13.43,2,39.99
CMD05268,2024-05-06,Nina Müller,Électronique,Ordinateur portable,2,1840.67,0.05,Belgique,Magasin,13.25,5,3497.273
CMD05269,2024-06-30,Jean Dupont,Mode,Veste,3,625.42,0.05,Espagne,App,9.05,4,1782.4469999999997
CMD05270,2024-05-25,Léa Durand,Jouets,Puzzle,5,792.31,0.25,Espagne,Web,6.16,2,2971.1625
CMD05271,2024-02-05,Paolo Bianchi,Maison,Machine à café,2,416.76,0.2,Maroc,Magasin,8.49,4,666.816
CMD05272,2024-09-10,Jean Dupont,Maison,Mixeur,3,1762.72,0.0,Italie,App,0.42,2,5288.16
CMD05273,2024-10-15,Emma Rossi,Jouets,Peluche,5,1151.98,0.1,Maroc,App,10.43,1,5183.91
CMD05274,2024-03-17,Youssef El Amrani,Maison,Lampadaire,2,1896.1,0.0,Italie,Magasin,12.36,2,3792.2
CMD05275,2024-10-24,Paolo Bianchi,Jouets,Jeu de société,4,680.78,0.0,Belgique,Web,7.47,3,2723.12
CMD05276,2024-04-10,Sarah Moreau,Électronique,Ordinateur portable,5,689.37,0.3,Belgique,Magasin,7.58,5,2412.7949999999996
CMD05277,2024-08-27,Ali Benali,Mode,Jean,4,662.12,0.2,Suisse,Magasin,7.46,3,2118.784
CMD05278,2024-11-19,Lucie Martin,Beauté,Shampoing,1,1558.35,0.15,Belgique,App,2.21,5,1324.5974999999999
CMD05279,2024-09-12,Jean Dupont,Sport,Raquette,4,1377.56,0.0,Suisse,Magasin,11.19,2,5510.24
CMD05280,2024-08-09,Nina Müller,Électronique,TV 4K,2,1361.48,0.2,Allemagne,Web,10.65,2,2178.368
CMD05281,2024-07-12,Ali Benali,Maison,Aspirateur,4,1848.43,0.15,Allemagne,App,4.03,3,6284.662
CMD05282,2024-07-29,Nina Müller,Sport,Chaussures de sport,2,448.37,0.25,Italie,Web,14.64,1,672.5550000000001
CMD05283,2024-04-17,Paolo Bianchi,Sport,Chaussures de sport,3,1355.54,0.0,France,Magasin,8.16,1,4066.62
CMD05284,2024-08-30,Jean Dupont,Électronique,Casque audio,2,1814.32,0.0,Espagne,Web,6.72,2,3628.64
CMD05285,2024-12-23,Sarah Moreau,Jouets,Peluche,2,1125.13,0.1,Espagne,Web,8.02,4,2025.2340000000002
CMD05286,2024-01-25,Lucie Martin,Beauté,Rouge à lèvres,4,1535.25,0.05,Italie,Web,13.16,5,5833.95
CMD05287,2024-07-04,Youssef El Amrani,Jouets,Jeu de société,5,603.54,0.2,France,App,12.97,1,2414.16
CMD05288,2024-06-20,Ali Benali,Sport,Raquette,1,1628.35,0.3,Allemagne,App,8.02,4,1139.8449999999998
CMD05289,2024-07-07,Lucie Martin,Jouets,Voiture téléguidée,2,1703.99,0.1,Maroc,Magasin,9.8,5,3067.1820000000002
CMD05290,2024-06-11,Léa Durand,Électronique,Tablette,2,257.43,0.1,Allemagne,Magasin,12.53,1,463.374
CMD05291,2024-11-03,Jean Dupont,Sport,Vélo,5,1607.73,0.15,Maroc,App,13.1,4,6832.8525
CMD05292,2024-05-01,Youssef El Amrani,Mode,Sac à main,1,23.66,0.3,Maroc,Magasin,12.4,3,16.561999999999998
CMD05293,2024-05-12,Nina Müller,Beauté,Parfum,2,360.9,0.25,Suisse,Web,5.21,2,541.3499999999999
CMD05294,2024-07-22,Emma Rossi,Beauté,Rouge à lèvres,3,1774.0,0.3,Italie,Web,9.93,4,3725.3999999999996
CMD05295,2024-06-12,Nina Müller,Maison,Aspirateur,4,1463.59,0.1,Italie,App,4.44,1,5268.924
CMD05296,2024-08-19,Carlos Gomez,Beauté,Sérum,2,843.04,0.3,France,Web,12.21,4,1180.2559999999999
CMD05297,2024-03-05,Carlos Gomez,Électronique,TV 4K,4,871.61,0.05,Suisse,Magasin,13.51,2,3312.118
CMD05298,2024-11-26,Jean Dupont,Sport,Raquette,5,583.93,0.2,Espagne,Web,4.84,5,2335.72
CMD05299,2024-01-15,Lucie Martin,Jouets,Puzzle,3,1285.81,0.3,Espagne,Magasin,12.63,5,2700.2009999999996
CMD05300,2024-09-04,Youssef El Amrani,Électronique,TV 4K,3,1605.72,0.15,Espagne,Web,2.85,5,4094.586
CMD05301,2024-08-06,Jean Dupont,Mode,Sac à main,4,1926.34,0.3,Espagne,App,8.9,1,5393.7519999999995
CMD05302,2024-05-10,Nina Müller,Beauté,Crème visage,4,1099.32,0.25,Italie,Magasin,1.09,1,3297.96
CMD05303,2024-01-01,Jean Dupont,Jouets,Jeu de société,2,157.41,0.05,France,Web,6.35,5,299.079
CMD05304,2024-12-06,Ali Benali,Mode,Chaussures,5,367.81,0.15,Maroc,Magasin,5.64,4,1563.1924999999999
CMD05305,2024-02-17,Emma Rossi,Sport,Chaussures de sport,1,1458.07,0.15,France,Web,4.52,3,1239.3595
CMD05306,2024-02-17,Youssef El Amrani,Électronique,Smartphone,4,1744.25,0.1,Suisse,Magasin,12.74,3,6279.3
CMD05307,2024-02-29,Paolo Bianchi,Sport,Vélo,5,1473.61,0.1,Italie,Magasin,6.99,1,6631.245
CMD05308,2024-07-06,Léa Durand,Sport,Tapis de course,4,1150.16,0.05,Belgique,App,5.11,4,4370.608
CMD05309,2024-09-01,Nina Müller,Électronique,TV 4K,4,783.45,0.1,Italie,Web,12.82,4,2820.42
CMD05310,2024-08-13,Emma Rossi,Électronique,Ordinateur portable,2,838.14,0.25,Belgique,App,10.06,4,1257.21
CMD05311,2024-10-09,Jean Dupont,Jouets,Lego,2,140.99,0.15,Belgique,App,0.2,3,239.68300000000002
CMD05312,2024-09-25,Emma Rossi,Jouets,Lego,2,1828.83,0.1,Suisse,Magasin,5.72,1,3291.894
CMD05313,2024-11-30,Jean Dupont,Beauté,Parfum,1,1362.55,0.1,Allemagne,App,14.04,4,1226.295
CMD05314,2024-11-03,Sarah Moreau,Mode,Chaussures,4,487.14,0.3,Allemagne,Magasin,0.53,1,1363.992
CMD05315,2024-10-09,Paolo Bianchi,Sport,Chaussures de sport,5,1922.83,0.25,Espagne,Magasin,3.68,1,7210.612499999999
CMD05316,2024-05-02,Jean Dupont,Électronique,Tablette,5,922.5,0.1,Italie,Magasin,5.33,4,4151.25
CMD05317,2024-09-12,Ali Benali,Beauté,Rouge à lèvres,3,1916.79,0.05,France,Web,14.28,2,5462.8515
CMD05318,2024-11-03,Carlos Gomez,Électronique,TV 4K,5,889.98,0.25,France,App,3.05,5,3337.4249999999997
CMD05319,2024-01-16,Nina Müller,Jouets,Lego,4,1533.38,0.0,France,Magasin,11.72,3,6133.52
CMD05320,2024-01-22,Ali Benali,Sport,Vélo,2,77.41,0.25,Maroc,Magasin,12.61,1,116.115
CMD05321,2024-05-12,Nina Müller,Mode,Sac à main,4,872.47,0.0,Allemagne,Web,3.44,2,3489.88
CMD05322,2024-05-17,Sarah Moreau,Maison,Ventilateur,5,323.07,0.3,Espagne,Web,7.61,4,1130.745
CMD05323,2024-09-19,Paolo Bianchi,Maison,Ventilateur,2,624.81,0.2,France,Web,5.12,3,999.6959999999999
CMD05324,2024-10-12,Nina Müller,Jouets,Lego,4,749.72,0.05,Maroc,Magasin,13.02,1,2848.936
CMD05325,2024-11-30,Emma Rossi,Électronique,Ordinateur portable,3,1058.81,0.2,Suisse,App,5.85,5,2541.1440000000002
CMD05326,2024-10-22,Léa Durand,Beauté,Rouge à lèvres,4,1254.57,0.25,Maroc,Web,4.94,3,3763.71
CMD05327,2024-01-18,Jean Dupont,Électronique,Tablette,4,279.13,0.25,France,Magasin,0.96,1,837.39
CMD05328,2024-06-23,Léa Durand,Sport,Raquette,3,1268.77,0.15,Italie,Magasin,8.24,1,3235.3635
CMD05329,2024-04-11,Emma Rossi,Sport,Tapis de course,4,1776.18,0.2,France,App,8.59,1,5683.776000000001
CMD05330,2024-04-10,Emma Rossi,Électronique,Casque audio,5,1617.54,0.2,Maroc,Magasin,1.06,1,6470.16
CMD05331,2024-07-04,Sarah Moreau,Jouets,Peluche,1,1926.29,0.25,Italie,App,6.91,5,1444.7175
CMD05332,2024-02-18,Léa Durand,Jouets,Jeu de société,3,1716.55,0.1,Belgique,App,2.2,4,4634.6849999999995
CMD05333,2024-06-05,Nina Müller,Sport,Tapis de course,2,1955.07,0.25,Maroc,App,3.89,3,2932.605
CMD05334,2024-04-21,Ali Benali,Jouets,Puzzle,2,765.34,0.2,Suisse,Magasin,5.91,3,1224.544
CMD05335,2024-04-11,Léa Durand,Sport,Vélo,2,1140.15,0.1,Belgique,Web,0.32,5,2052.2700000000004
CMD05336,2024-06-15,Carlos Gomez,Jouets,Peluche,2,837.03,0.1,Belgique,Magasin,1.49,1,1506.654
CMD05337,2024-08-08,Léa Durand,Électronique,Smartphone,2,1027.42,0.15,Suisse,Magasin,2.52,2,1746.614
CMD05338,2024-07-28,Sarah Moreau,Sport,Vélo,5,575.18,0.2,Espagne,Magasin,1.83,5,2300.72
CMD05339,2024-05-31,Jean Dupont,Beauté,Crème visage,3,660.0,0.3,France,Web,5.97,3,1386.0
CMD05340,2024-06-26,Sarah Moreau,Maison,Mixeur,2,1229.48,0.15,Maroc,Magasin,4.21,1,2090.116
CMD05341,2024-08-29,Ali Benali,Jouets,Puzzle,5,1854.06,0.1,Suisse,Magasin,13.36,3,8343.27
CMD05342,2024-03-09,Léa Durand,Électronique,Casque audio,4,1456.79,0.3,Espagne,App,6.73,3,4079.0119999999997
CMD05343,2024-09-08,Youssef El Amrani,Mode,Chaussures,5,1299.28,0.15,Espagne,Magasin,4.15,5,5521.94
CMD05344,2024-10-19,Sarah Moreau,Beauté,Sérum,1,1159.67,0.15,Espagne,App,3.54,4,985.7195
CMD05345,2024-01-03,Emma Rossi,Mode,Veste,1,1542.37,0.15,Suisse,Magasin,5.1,4,1311.0144999999998
CMD05346,2024-01-30,Carlos Gomez,Sport,Ballon,1,453.0,0.0,Maroc,Magasin,0.94,3,453.0
CMD05347,2024-11-14,Léa Durand,Jouets,Voiture téléguidée,4,1430.61,0.0,Italie,Magasin,10.99,3,5722.44
CMD05348,2024-07-25,Ali Benali,Mode,Montre,3,1520.65,0.05,France,Web,10.9,5,4333.852500000001
CMD05349,2024-10-10,Lucie Martin,Électronique,Tablette,5,197.46,0.25,Maroc,App,8.07,1,740.475
CMD05350,2024-04-04,Emma Rossi,Maison,Machine à café,2,447.88,0.3,Espagne,Magasin,9.29,4,627.0319999999999
CMD05351,2024-10-17,Nina Müller,Beauté,Crème visage,1,1789.66,0.3,Italie,Web,14.96,4,1252.762
CMD05352,2024-03-22,Paolo Bianchi,Mode,Chaussures,3,721.55,0.15,Belgique,App,1.2,3,1839.9524999999996
CMD05353,2024-07-29,Lucie Martin,Électronique,Ordinateur portable,5,1830.93,0.2,Allemagne,Magasin,6.55,1,7323.72
CMD05354,2024-08-09,Sarah Moreau,Mode,Veste,4,380.01,0.3,Allemagne,App,10.4,3,1064.028
CMD05355,2024-05-29,Paolo Bianchi,Mode,Jean,2,392.18,0.1,France,Magasin,1.07,3,705.924
CMD05356,2024-02-18,Jean Dupont,Mode,Veste,1,1481.83,0.3,Italie,App,12.26,3,1037.281
CMD05357,2024-01-11,Lucie Martin,Beauté,Rouge à lèvres,3,1148.03,0.2,France,Magasin,13.07,2,2755.2720000000004
CMD05358,2024-05-09,Ali Benali,Maison,Mixeur,3,1590.22,0.0,Suisse,Magasin,5.69,4,4770.66
CMD05359,2024-07-04,Paolo Bianchi,Beauté,Parfum,5,305.04,0.2,Belgique,App,9.14,4,1220.16
CMD05360,2024-12-19,Carlos Gomez,Beauté,Sérum,5,121.8,0.3,Italie,App,7.7,2,426.29999999999995
CMD05361,2024-03-22,Lucie Martin,Beauté,Parfum,5,1457.81,0.05,Italie,App,5.23,1,6924.597499999999
CMD05362,2024-07-29,Ali Benali,Mode,Chaussures,3,369.15,0.2,Italie,Magasin,14.01,2,885.9599999999999
CMD05363,2024-02-03,Lucie Martin,Sport,Chaussures de sport,1,661.45,0.15,Suisse,Web,11.96,2,562.2325000000001
CMD05364,2024-02-01,Paolo Bianchi,Électronique,Tablette,3,361.9,0.05,Allemagne,Magasin,7.48,2,1031.4149999999997
CMD05365,2024-07-27,Léa Durand,Électronique,Ordinateur portable,4,1542.01,0.25,Suisse,App,9.95,2,4626.03
CMD05366,2024-02-26,Youssef El Amrani,Mode,Jean,3,1790.38,0.1,France,Magasin,4.88,2,4834.026000000001
CMD05367,2024-04-25,Youssef El Amrani,Électronique,TV 4K,1,1512.11,0.1,France,Magasin,14.62,5,1360.899
CMD05368,2024-02-23,Léa Durand,Jouets,Puzzle,4,1772.6,0.05,France,Web,3.31,4,6735.879999999999
CMD05369,2024-07-07,Youssef El Amrani,Maison,Machine à café,3,652.14,0.1,Italie,Web,1.92,3,1760.778
CMD05370,2024-04-22,Sarah Moreau,Beauté,Shampoing,1,962.07,0.3,Allemagne,App,6.05,1,673.449
CMD05371,2024-11-27,Nina Müller,Électronique,Ordinateur portable,4,263.47,0.25,France,Web,9.83,5,790.4100000000001
CMD05372,2024-11-20,Carlos Gomez,Beauté,Crème visage,5,455.86,0.05,Allemagne,Magasin,5.87,4,2165.335
CMD05373,2024-07-18,Léa Durand,Jouets,Lego,2,759.66,0.3,Suisse,App,9.91,4,1063.524
CMD05374,2024-06-03,Carlos Gomez,Beauté,Shampoing,1,551.16,0.05,Belgique,Web,14.41,4,523.602
CMD05375,2024-07-07,Paolo Bianchi,Maison,Ventilateur,3,198.2,0.0,Italie,App,1.77,5,594.5999999999999
CMD05376,2024-10-16,Carlos Gomez,Sport,Ballon,4,1903.45,0.1,Espagne,Web,14.3,5,6852.42
CMD05377,2024-01-29,Jean Dupont,Jouets,Puzzle,4,867.04,0.0,Maroc,App,9.98,2,3468.16
CMD05378,2024-08-20,Lucie Martin,Sport,Vélo,3,1791.14,0.2,Suisse,Magasin,8.68,2,4298.736
CMD05379,2024-03-12,Léa Durand,Électronique,Tablette,4,1550.66,0.1,Belgique,App,0.02,1,5582.376
CMD05380,2024-07-31,Lucie Martin,Sport,Vélo,5,1129.4,0.25,Belgique,Web,4.63,1,4235.25
CMD05381,2024-06-28,Carlos Gomez,Maison,Mixeur,3,1452.0,0.2,Italie,Web,0.29,5,3484.8
CMD05382,2024-11-03,Emma Rossi,Électronique,TV 4K,1,251.59,0.15,France,Web,10.69,2,213.8515
CMD05383,2024-06-01,Nina Müller,Électronique,Tablette,2,1330.77,0.05,Allemagne,App,3.69,4,2528.4629999999997
CMD05384,2024-04-17,Ali Benali,Sport,Ballon,4,694.58,0.2,Italie,Web,14.96,5,2222.6560000000004
CMD05385,2024-10-03,Sarah Moreau,Électronique,Tablette,4,1503.0,0.0,Suisse,Web,10.6,3,6012.0
CMD05386,2024-06-29,Lucie Martin,Sport,Tapis de course,4,1723.03,0.2,France,Web,11.97,5,5513.696
CMD05387,2024-10-19,Youssef El Amrani,Mode,Veste,2,467.49,0.2,Belgique,Web,5.42,5,747.984
CMD05388,2024-04-26,Paolo Bianchi,Sport,Tapis de course,2,799.75,0.0,Suisse,Web,12.25,5,1599.5
CMD05389,2024-05-22,Carlos Gomez,Maison,Ventilateur,4,1713.2,0.15,Suisse,Magasin,7.02,4,5824.88
CMD05390,2024-04-03,Paolo Bianchi,Maison,Lampadaire,5,1664.36,0.0,Belgique,Web,2.71,5,8321.8
CMD05391,2024-02-29,Lucie Martin,Électronique,Casque audio,3,1256.74,0.0,Espagne,Magasin,8.46,3,3770.2200000000003
CMD05392,2024-06-14,Emma Rossi,Beauté,Crème visage,3,249.53,0.0,Italie,App,1.81,5,748.59
CMD05393,2024-08-19,Léa Durand,Maison,Aspirateur,2,1447.42,0.1,Suisse,Web,11.37,5,2605.356
CMD05394,2024-08-22,Léa Durand,Maison,Aspirateur,5,777.11,0.25,Italie,Magasin,12.75,1,2914.1625000000004
CMD05395,2024-05-09,Nina Müller,Beauté,Sérum,4,902.22,0.25,France,App,2.48,4,2706.66
CMD05396,2024-04-26,Emma Rossi,Jouets,Puzzle,3,1511.5,0.3,Espagne,Magasin,7.58,3,3174.1499999999996
CMD05397,2024-02-29,Carlos Gomez,Sport,Vélo,5,1474.35,0.1,Allemagne,Magasin,8.11,3,6634.575
CMD05398,2024-11-15,Ali Benali,Maison,Lampadaire,3,568.15,0.3,France,Magasin,8.47,3,1193.1149999999998
CMD05399,2024-10-23,Jean Dupont,Jouets,Lego,1,224.1,0.05,Belgique,Magasin,0.38,4,212.89499999999998
CMD05400,2024-09-29,Youssef El Amrani,Mode,Chaussures,1,1082.36,0.3,Italie,App,3.2,3,757.6519999999999
CMD05401,2024-03-27,Léa Durand,Mode,Montre,3,1288.68,0.1,Belgique,Magasin,7.09,3,3479.436
CMD05402,2024-06-03,Nina Müller,Maison,Aspirateur,5,874.36,0.3,Espagne,App,1.59,5,3060.2599999999998
CMD05403,2024-12-24,Ali Benali,Jouets,Jeu de société,5,1198.99,0.2,Belgique,Web,5.96,1,4795.96
CMD05404,2024-09-21,Lucie Martin,Beauté,Rouge à lèvres,4,76.88,0.2,Allemagne,Magasin,13.33,2,246.016
CMD05405,2024-02-24,Jean Dupont,Sport,Vélo,4,810.12,0.05,Belgique,App,4.09,4,3078.4559999999997
CMD05406,2024-04-13,Paolo Bianchi,Sport,Chaussures de sport,5,546.18,0.2,Maroc,Web,6.4,5,2184.72
CMD05407,2024-10-06,Emma Rossi,Mode,Chaussures,1,1586.47,0.3,Belgique,App,7.3,1,1110.529
CMD05408,2024-07-13,Paolo Bianchi,Jouets,Peluche,3,543.72,0.25,Espagne,Magasin,14.01,3,1223.3700000000001
CMD05409,2024-10-27,Nina Müller,Maison,Aspirateur,1,133.61,0.2,Italie,Magasin,8.99,1,106.88800000000002
CMD05410,2024-04-24,Nina Müller,Électronique,Smartphone,4,192.59,0.15,Maroc,Magasin,9.4,5,654.806
CMD05411,2024-10-11,Nina Müller,Jouets,Peluche,5,1961.81,0.1,Suisse,Web,1.75,1,8828.145
CMD05412,2024-08-11,Emma Rossi,Jouets,Jeu de société,5,1053.08,0.2,Allemagne,App,2.92,3,4212.32
CMD05413,2024-12-02,Jean Dupont,Mode,Sac à main,5,184.59,0.0,Espagne,App,10.7,5,922.95
CMD05414,2024-07-14,Nina Müller,Mode,Chaussures,2,230.76,0.2,France,Web,14.64,5,369.216
CMD05415,2024-06-22,Jean Dupont,Maison,Aspirateur,1,452.66,0.25,France,App,11.32,3,339.495
CMD05416,2024-02-21,Nina Müller,Maison,Aspirateur,5,548.85,0.3,Allemagne,App,9.63,4,1920.975
CMD05417,2024-04-13,Youssef El Amrani,Mode,Jean,2,1501.95,0.0,Allemagne,Web,4.98,4,3003.9
CMD05418,2024-10-03,Paolo Bianchi,Maison,Aspirateur,3,301.53,0.15,France,Web,14.57,2,768.9014999999999
CMD05419,2024-07-16,Carlos Gomez,Mode,Jean,2,407.4,0.0,Espagne,Web,8.93,3,814.8
CMD05420,2024-03-02,Léa Durand,Sport,Tapis de course,5,816.65,0.05,Espagne,App,3.45,4,3879.0874999999996
CMD05421,2024-02-24,Youssef El Amrani,Électronique,TV 4K,2,1196.93,0.25,Suisse,App,8.87,4,1795.395
CMD05422,2024-10-27,Léa Durand,Maison,Machine à café,1,264.17,0.25,Allemagne,Web,10.89,2,198.1275
CMD05423,2024-06-17,Ali Benali,Mode,Jean,4,1298.73,0.0,France,Magasin,4.98,4,5194.92
CMD05424,2024-09-16,Emma Rossi,Beauté,Shampoing,4,1931.01,0.15,Espagne,Web,0.41,4,6565.434
CMD05425,2024-02-15,Sarah Moreau,Sport,Vélo,2,1679.99,0.3,Suisse,Web,11.04,2,2351.986
CMD05426,2024-07-05,Nina Müller,Électronique,TV 4K,2,304.04,0.2,Suisse,Magasin,4.25,1,486.46400000000006
CMD05427,2024-07-16,Lucie Martin,Jouets,Peluche,1,557.35,0.25,Suisse,Web,0.41,1,418.01250000000005
CMD05428,2024-05-14,Paolo Bianchi,Mode,Chaussures,1,1824.54,0.1,Italie,App,8.18,3,1642.086
CMD05429,2024-08-07,Lucie Martin,Sport,Ballon,2,76.06,0.3,Espagne,App,11.85,1,106.484
CMD05430,2024-12-03,Léa Durand,Beauté,Crème visage,2,670.89,0.0,Belgique,Magasin,4.8,2,1341.78
CMD05431,2024-04-14,Youssef El Amrani,Maison,Mixeur,5,1727.02,0.15,Belgique,Web,7.01,5,7339.835
CMD05432,2024-03-28,Youssef El Amrani,Électronique,Tablette,2,1428.76,0.25,Espagne,Magasin,3.65,2,2143.14
CMD05433,2024-09-28,Carlos Gomez,Jouets,Puzzle,3,56.44,0.0,France,Magasin,2.77,4,169.32
CMD05434,2024-08-22,Emma Rossi,Maison,Machine à café,3,1737.55,0.3,Suisse,App,0.33,5,3648.8549999999996
CMD05435,2024-07-20,Nina Müller,Sport,Chaussures de sport,1,850.94,0.0,Espagne,App,6.46,2,850.94
CMD05436,2024-03-08,Jean Dupont,Jouets,Peluche,3,1618.9,0.2,Allemagne,Web,6.22,2,3885.3600000000006
CMD05437,2024-06-15,Jean Dupont,Mode,Jean,4,82.84,0.1,France,App,3.74,4,298.22400000000005
CMD05438,2024-10-16,Carlos Gomez,Jouets,Voiture téléguidée,4,1829.03,0.2,Espagne,App,5.59,5,5852.896000000001
CMD05439,2024-07-12,Lucie Martin,Électronique,Ordinateur portable,2,984.37,0.05,Espagne,Web,4.04,5,1870.3029999999999
CMD05440,2024-04-10,Sarah Moreau,Électronique,Ordinateur portable,3,1392.01,0.25,Suisse,Magasin,9.27,4,3132.0225
CMD05441,2024-08-26,Jean Dupont,Électronique,Smartphone,3,1340.73,0.0,Allemagne,App,10.93,2,4022.19
CMD05442,2024-02-23,Lucie Martin,Beauté,Crème visage,4,988.9,0.1,Maroc,Magasin,7.07,5,3560.04
CMD05443,2024-03-04,Ali Benali,Beauté,Parfum,4,924.26,0.25,Suisse,Web,11.66,5,2772.7799999999997
CMD05444,2024-04-03,Paolo Bianchi,Électronique,Ordinateur portable,2,1176.42,0.15,Suisse,App,1.22,4,1999.914
CMD05445,2024-05-31,Ali Benali,Sport,Chaussures de sport,5,567.95,0.25,Italie,Web,1.18,1,2129.8125
CMD05446,2024-01-14,Emma Rossi,Sport,Raquette,2,1957.47,0.0,Italie,App,11.4,4,3914.94
CMD05447,2024-01-16,Léa Durand,Beauté,Rouge à lèvres,4,1668.21,0.3,Maroc,Web,3.87,3,4670.987999999999
CMD05448,2024-03-22,Sarah Moreau,Jouets,Lego,2,340.74,0.25,Espagne,App,2.3,3,511.11
CMD05449,2024-03-12,Jean Dupont,Sport,Raquette,3,1330.96,0.3,Suisse,Magasin,2.65,3,2795.016
CMD05450,2024-03-24,Nina Müller,Mode,Veste,1,1440.23,0.0,Belgique,Web,7.49,4,1440.23
CMD05451,2024-10-11,Emma Rossi,Jouets,Peluche,2,1913.29,0.2,Espagne,App,12.38,3,3061.264
CMD05452,2024-11-30,Paolo Bianchi,Beauté,Sérum,1,557.99,0.3,Belgique,App,8.74,5,390.59299999999996
CMD05453,2024-12-28,Nina Müller,Mode,Montre,2,95.42,0.1,Belgique,Web,10.17,1,171.756
CMD05454,2024-10-21,Ali Benali,Sport,Raquette,4,1485.45,0.15,Espagne,Magasin,13.15,5,5050.53
CMD05455,2024-12-19,Carlos Gomez,Maison,Aspirateur,4,1317.78,0.2,Espagne,Web,11.12,4,4216.896
CMD05456,2024-12-23,Nina Müller,Électronique,Smartphone,1,94.87,0.05,France,Magasin,9.89,5,90.12650000000001
CMD05457,2024-06-12,Sarah Moreau,Sport,Ballon,2,1912.81,0.3,Suisse,Magasin,0.12,2,2677.9339999999997
CMD05458,2024-02-05,Sarah Moreau,Jouets,Lego,1,298.85,0.05,Suisse,App,11.73,1,283.9075
CMD05459,2024-05-31,Youssef El Amrani,Sport,Tapis de course,2,1320.91,0.0,Allemagne,App,9.89,2,2641.82
CMD05460,2024-07-14,Youssef El Amrani,Mode,Veste,4,1985.85,0.25,France,Web,11.83,3,5957.549999999999
CMD05461,2024-03-22,Sarah Moreau,Électronique,Tablette,1,1687.73,0.2,Maroc,Web,1.27,4,1350.1840000000002
CMD05462,2024-08-10,Paolo Bianchi,Beauté,Crème visage,2,401.45,0.25,Suisse,App,9.88,1,602.175
CMD05463,2024-11-28,Paolo Bianchi,Jouets,Voiture téléguidée,2,1160.02,0.05,Suisse,App,4.66,4,2204.038
CMD05464,2024-01-08,Sarah Moreau,Jouets,Puzzle,3,1086.47,0.1,Belgique,App,14.06,3,2933.469
CMD05465,2024-06-05,Lucie Martin,Sport,Ballon,5,1513.21,0.25,Allemagne,Magasin,12.61,3,5674.5375
CMD05466,2024-06-12,Jean Dupont,Maison,Lampadaire,3,1724.59,0.25,France,Web,2.52,4,3880.3274999999994
CMD05467,2024-11-01,Nina Müller,Beauté,Crème visage,4,1135.18,0.25,Espagne,App,8.76,5,3405.54
CMD05468,2024-01-30,Ali Benali,Électronique,Ordinateur portable,3,1297.63,0.2,Maroc,App,5.54,3,3114.3120000000004
CMD05469,2024-02-04,Nina Müller,Beauté,Rouge à lèvres,2,1322.32,0.15,Allemagne,Magasin,2.64,2,2247.944
CMD05470,2024-07-31,Youssef El Amrani,Beauté,Sérum,4,1003.09,0.0,France,Magasin,8.49,2,4012.36
CMD05471,2024-08-13,Nina Müller,Sport,Tapis de course,1,592.85,0.05,Allemagne,Magasin,2.44,2,563.2075
CMD05472,2024-12-16,Carlos Gomez,Jouets,Jeu de société,4,1697.99,0.0,Espagne,Magasin,5.66,3,6791.96
CMD05473,2024-10-16,Carlos Gomez,Électronique,Ordinateur portable,5,1524.4,0.15,Allemagne,Magasin,14.56,4,6478.7
CMD05474,2024-02-22,Jean Dupont,Sport,Tapis de course,1,1102.82,0.2,France,Magasin,5.16,3,882.256
CMD05475,2024-09-03,Youssef El Amrani,Jouets,Jeu de société,2,337.05,0.3,Allemagne,Web,8.46,3,471.87
CMD05476,2024-03-24,Jean Dupont,Maison,Mixeur,1,1915.4,0.2,Espagne,App,14.07,1,1532.3200000000002
CMD05477,2024-07-05,Emma Rossi,Sport,Chaussures de sport,5,1673.28,0.1,Espagne,Web,8.13,5,7529.76
CMD05478,2024-11-06,Lucie Martin,Sport,Tapis de course,5,372.47,0.1,Belgique,Magasin,8.98,5,1676.1150000000002
CMD05479,2024-11-24,Ali Benali,Maison,Lampadaire,5,859.58,0.15,Italie,App,8.45,4,3653.215
CMD05480,2024-10-21,Sarah Moreau,Sport,Tapis de course,4,285.91,0.15,Suisse,Web,4.63,1,972.094
CMD05481,2024-12-05,Emma Rossi,Beauté,Rouge à lèvres,4,54.66,0.15,Belgique,Web,9.64,1,185.844
CMD05482,2024-06-15,Carlos Gomez,Mode,Jean,5,986.03,0.05,Allemagne,App,14.9,1,4683.642499999999
CMD05483,2024-02-17,Sarah Moreau,Maison,Mixeur,2,1238.43,0.1,Suisse,Web,13.11,1,2229.174
CMD05484,2024-07-12,Ali Benali,Sport,Ballon,5,964.08,0.2,Italie,Web,9.31,3,3856.3200000000006
CMD05485,2024-08-09,Emma Rossi,Jouets,Puzzle,4,84.16,0.2,Allemagne,App,10.44,4,269.312
CMD05486,2024-12-24,Jean Dupont,Mode,Jean,2,166.75,0.1,Italie,Magasin,6.27,2,300.15000000000003
CMD05487,2024-06-26,Lucie Martin,Mode,Jean,1,1179.94,0.3,Italie,App,0.74,4,825.958
CMD05488,2024-11-13,Emma Rossi,Mode,Veste,3,1858.68,0.25,Belgique,Web,14.91,5,4182.03
CMD05489,2024-10-25,Emma Rossi,Beauté,Crème visage,5,1030.5,0.15,Allemagne,Magasin,9.47,1,4379.625
CMD05490,2024-11-12,Carlos Gomez,Maison,Aspirateur,5,1590.92,0.25,Allemagne,Magasin,6.51,3,5965.950000000001
CMD05491,2024-08-26,Carlos Gomez,Jouets,Voiture téléguidée,2,1472.13,0.15,Suisse,Magasin,13.28,4,2502.621
CMD05492,2024-06-02,Jean Dupont,Sport,Tapis de course,1,191.15,0.05,Allemagne,App,4.48,2,181.5925
CMD05493,2024-01-05,Ali Benali,Beauté,Parfum,4,720.33,0.3,Italie,App,6.98,5,2016.924
CMD05494,2024-11-30,Emma Rossi,Jouets,Lego,1,992.37,0.3,Suisse,Web,8.22,1,694.659
CMD05495,2024-07-17,Emma Rossi,Maison,Machine à café,2,1607.67,0.1,France,Magasin,11.57,5,2893.806
CMD05496,2024-01-13,Lucie Martin,Sport,Raquette,2,1174.59,0.05,Espagne,Web,5.85,5,2231.7209999999995
CMD05497,2024-01-14,Carlos Gomez,Maison,Machine à café,1,1654.35,0.25,Belgique,App,12.38,2,1240.7624999999998
CMD05498,2024-03-29,Emma Rossi,Mode,Jean,5,892.39,0.2,Allemagne,Web,9.47,5,3569.56
CMD05499,2024-05-27,Lucie Martin,Électronique,Smartphone,5,80.67,0.05,Suisse,Web,2.45,4,383.1825
CMD05500,2024-04-14,Paolo Bianchi,Jouets,Jeu de société,1,1200.28,0.05,Belgique,Web,7.47,5,1140.2659999999998
CMD05501,2024-11-16,Léa Durand,Maison,Lampadaire,2,1344.84,0.25,Allemagne,Web,9.45,3,2017.2599999999998
CMD05502,2024-06-19,Lucie Martin,Beauté,Parfum,5,1734.99,0.3,Italie,Web,5.25,4,6072.465
CMD05503,2024-08-25,Léa Durand,Électronique,Smartphone,2,1370.99,0.05,Suisse,App,4.97,2,2604.881
CMD05504,2024-11-19,Jean Dupont,Électronique,Ordinateur portable,4,1559.94,0.1,Maroc,Magasin,13.27,3,5615.784000000001
CMD05505,2024-09-06,Emma Rossi,Mode,Montre,1,1143.76,0.2,Espagne,Web,12.63,5,915.008
CMD05506,2024-09-14,Sarah Moreau,Maison,Lampadaire,3,1106.49,0.25,France,App,12.23,5,2489.6025
CMD05507,2024-09-13,Paolo Bianchi,Sport,Vélo,3,550.52,0.15,Italie,Web,12.88,5,1403.826
CMD05508,2024-10-28,Lucie Martin,Sport,Tapis de course,3,681.05,0.3,Suisse,Magasin,3.97,1,1430.205
CMD05509,2024-11-08,Lucie Martin,Sport,Chaussures de sport,3,751.36,0.15,Maroc,Magasin,0.54,5,1915.9679999999998
CMD05510,2024-10-18,Nina Müller,Beauté,Rouge à lèvres,3,358.21,0.15,Belgique,Web,12.21,1,913.4354999999998
CMD05511,2024-06-26,Carlos Gomez,Beauté,Crème visage,1,342.01,0.05,Maroc,Magasin,2.02,3,324.9095
CMD05512,2024-12-02,Youssef El Amrani,Électronique,TV 4K,3,1249.99,0.25,Suisse,Magasin,6.72,5,2812.4775
CMD05513,2024-11-20,Jean Dupont,Maison,Mixeur,1,1397.01,0.15,Suisse,Web,7.23,4,1187.4585
CMD05514,2024-06-29,Nina Müller,Sport,Ballon,2,1008.62,0.05,Allemagne,App,0.47,3,1916.378
CMD05515,2024-03-30,Nina Müller,Sport,Chaussures de sport,1,1941.1,0.1,France,App,12.07,4,1746.99
CMD05516,2024-11-04,Emma Rossi,Jouets,Peluche,2,1258.17,0.1,Italie,Magasin,13.21,3,2264.706
CMD05517,2024-01-30,Jean Dupont,Sport,Ballon,1,1527.01,0.05,Espagne,Web,0.83,3,1450.6595
CMD05518,2024-06-17,Nina Müller,Électronique,Ordinateur portable,4,1466.23,0.2,Belgique,App,10.6,5,4691.936000000001
CMD05519,2024-01-25,Ali Benali,Maison,Machine à café,3,776.41,0.0,Maroc,Magasin,0.73,2,2329.23
CMD05520,2024-12-04,Carlos Gomez,Électronique,Smartphone,2,1588.83,0.15,Maroc,Web,0.43,4,2701.011
CMD05521,2024-07-31,Lucie Martin,Mode,Montre,3,1717.26,0.05,Maroc,Magasin,3.54,3,4894.191
CMD05522,2024-11-06,Nina Müller,Mode,Chaussures,3,1198.14,0.1,Espagne,Magasin,7.94,2,3234.978
CMD05523,2024-05-16,Nina Müller,Sport,Vélo,5,1822.88,0.25,Belgique,App,4.89,3,6835.800000000001
CMD05524,2024-12-09,Nina Müller,Maison,Ventilateur,2,1805.49,0.3,Allemagne,Web,4.12,2,2527.6859999999997
CMD05525,2024-01-28,Youssef El Amrani,Électronique,Ordinateur portable,5,377.54,0.15,Suisse,App,11.37,5,1604.545
CMD05526,2024-11-17,Carlos Gomez,Électronique,Smartphone,5,1529.23,0.2,Espagne,Web,10.55,1,6116.92
CMD05527,2024-05-06,Jean Dupont,Mode,Sac à main,3,1860.31,0.0,Maroc,Web,10.99,5,5580.93
CMD05528,2024-04-21,Lucie Martin,Maison,Ventilateur,3,1927.4,0.3,Italie,Web,14.57,1,4047.5400000000004
CMD05529,2024-05-10,Léa Durand,Beauté,Parfum,2,1343.32,0.1,Belgique,App,12.81,5,2417.976
CMD05530,2024-03-28,Carlos Gomez,Maison,Aspirateur,3,1342.61,0.3,Espagne,Magasin,13.6,1,2819.4809999999998
CMD05531,2024-09-09,Sarah Moreau,Électronique,TV 4K,2,439.92,0.3,Italie,App,2.32,3,615.888
CMD05532,2024-08-07,Lucie Martin,Mode,Montre,1,1596.16,0.05,Allemagne,App,10.06,1,1516.352
CMD05533,2024-06-09,Emma Rossi,Beauté,Sérum,5,662.1,0.3,Allemagne,Magasin,11.61,4,2317.35
CMD05534,2024-11-16,Jean Dupont,Beauté,Parfum,3,83.43,0.2,France,App,1.11,1,200.23200000000003
CMD05535,2024-12-06,Ali Benali,Maison,Mixeur,5,1607.09,0.2,Maroc,Web,6.25,1,6428.360000000001
CMD05536,2024-08-05,Paolo Bianchi,Mode,Montre,3,744.84,0.15,Allemagne,Web,2.07,3,1899.3419999999999
CMD05537,2024-10-11,Nina Müller,Maison,Machine à café,3,1448.84,0.05,Belgique,Magasin,11.17,3,4129.1939999999995
CMD05538,2024-03-15,Ali Benali,Sport,Ballon,1,1343.24,0.1,Suisse,Web,8.29,2,1208.916
CMD05539,2024-03-24,Nina Müller,Mode,Veste,3,515.39,0.15,Belgique,Web,8.98,3,1314.2445
CMD05540,2024-11-04,Ali Benali,Mode,Veste,3,568.68,0.1,Allemagne,App,11.72,5,1535.436
CMD05541,2024-06-22,Léa Durand,Électronique,Casque audio,4,255.39,0.0,Suisse,App,11.56,2,1021.56
CMD05542,2024-08-24,Jean Dupont,Maison,Machine à café,3,1565.84,0.1,Italie,Magasin,1.11,3,4227.768
CMD05543,2024-02-01,Léa Durand,Sport,Vélo,3,1037.96,0.05,Italie,App,10.92,4,2958.186
CMD05544,2024-09-01,Ali Benali,Électronique,Ordinateur portable,1,129.99,0.0,Allemagne,Web,13.88,2,129.99
CMD05545,2024-06-26,Nina Müller,Mode,Sac à main,4,1298.4,0.05,Belgique,App,3.48,2,4933.92
CMD05546,2024-07-11,Sarah Moreau,Maison,Mixeur,3,1624.26,0.1,Italie,Magasin,14.07,3,4385.5019999999995
CMD05547,2024-04-01,Léa Durand,Sport,Ballon,4,1865.91,0.15,Italie,Web,10.9,1,6344.094
CMD05548,2024-01-18,Youssef El Amrani,Électronique,Ordinateur portable,4,824.32,0.25,France,App,2.38,5,2472.96
CMD05549,2024-12-01,Lucie Martin,Maison,Aspirateur,2,437.51,0.15,Italie,Web,8.48,2,743.7669999999999
CMD05550,2024-09-25,Youssef El Amrani,Maison,Ventilateur,5,1249.74,0.25,France,Web,7.55,5,4686.525
CMD05551,2024-11-04,Emma Rossi,Sport,Ballon,1,1853.38,0.0,Allemagne,Web,9.54,1,1853.38
CMD05552,2024-03-18,Lucie Martin,Sport,Chaussures de sport,4,1115.83,0.3,Italie,App,7.39,2,3124.3239999999996
CMD05553,2024-09-19,Lucie Martin,Beauté,Shampoing,3,1336.98,0.25,Belgique,Magasin,14.36,5,3008.205
CMD05554,2024-03-21,Carlos Gomez,Mode,Jean,1,152.57,0.15,Espagne,App,9.4,4,129.68449999999999
CMD05555,2024-06-22,Nina Müller,Mode,Sac à main,1,1603.96,0.0,Espagne,Web,11.98,3,1603.96
CMD05556,2024-04-01,Paolo Bianchi,Beauté,Parfum,5,1944.94,0.05,Belgique,Magasin,1.8,5,9238.465
CMD05557,2024-07-15,Emma Rossi,Sport,Vélo,1,541.39,0.1,France,Magasin,11.9,4,487.251
CMD05558,2024-04-12,Paolo Bianchi,Mode,Montre,4,1043.77,0.25,Suisse,App,14.55,4,3131.31
CMD05559,2024-10-27,Carlos Gomez,Beauté,Rouge à lèvres,4,1511.52,0.3,Belgique,Web,7.4,1,4232.255999999999
CMD05560,2024-06-24,Youssef El Amrani,Jouets,Lego,4,1654.02,0.2,Maroc,Web,6.86,1,5292.8640000000005
CMD05561,2024-04-08,Léa Durand,Mode,Montre,5,156.76,0.1,Maroc,App,4.86,4,705.42
CMD05562,2024-10-09,Léa Durand,Beauté,Crème visage,1,48.15,0.05,France,App,4.49,2,45.7425
CMD05563,2024-10-12,Jean Dupont,Sport,Ballon,3,410.62,0.3,Espagne,Web,5.83,3,862.302
CMD05564,2024-09-11,Lucie Martin,Jouets,Voiture téléguidée,3,362.76,0.1,Maroc,Web,10.48,5,979.452
CMD05565,2024-05-28,Ali Benali,Jouets,Lego,2,1405.73,0.05,Belgique,Web,0.17,5,2670.8869999999997
CMD05566,2024-10-20,Nina Müller,Maison,Aspirateur,1,230.94,0.05,France,Magasin,2.37,5,219.393
CMD05567,2024-06-21,Nina Müller,Électronique,Tablette,5,830.83,0.25,Allemagne,Web,11.87,5,3115.6125
CMD05568,2024-08-27,Emma Rossi,Beauté,Crème visage,4,1316.59,0.25,Maroc,Web,14.84,4,3949.7699999999995
CMD05569,2024-03-14,Lucie Martin,Beauté,Parfum,2,912.42,0.15,Espagne,Web,9.37,3,1551.1139999999998
CMD05570,2024-02-08,Lucie Martin,Beauté,Rouge à lèvres,3,1707.14,0.15,Italie,App,4.87,4,4353.207
CMD05571,2024-10-18,Sarah Moreau,Beauté,Shampoing,1,1345.12,0.15,Allemagne,App,0.39,2,1143.3519999999999
CMD05572,2024-04-13,Lucie Martin,Maison,Mixeur,2,1766.77,0.2,France,Magasin,7.44,5,2826.8320000000003
CMD05573,2024-12-07,Youssef El Amrani,Mode,Veste,4,172.61,0.3,Maroc,Web,10.06,3,483.308
CMD05574,2024-07-20,Lucie Martin,Maison,Lampadaire,3,285.54,0.2,Belgique,Magasin,9.93,1,685.2960000000002
CMD05575,2024-11-26,Paolo Bianchi,Mode,Jean,5,1346.5,0.2,Italie,Web,3.55,5,5386.0
CMD05576,2024-10-28,Paolo Bianchi,Mode,Veste,1,1062.27,0.05,Italie,Web,8.81,3,1009.1564999999999
CMD05577,2024-05-23,Emma Rossi,Sport,Tapis de course,1,218.74,0.0,France,App,1.88,3,218.74
CMD05578,2024-02-27,Carlos Gomez,Jouets,Jeu de société,1,227.15,0.2,Belgique,Web,4.69,2,181.72000000000003
CMD05579,2024-04-03,Jean Dupont,Beauté,Parfum,1,1978.3,0.1,Espagne,App,6.94,4,1780.47
CMD05580,2024-05-10,Paolo Bianchi,Beauté,Crème visage,3,1319.37,0.1,Espagne,App,13.81,1,3562.299
CMD05581,2024-05-23,Emma Rossi,Électronique,Smartphone,2,1970.99,0.0,Italie,Magasin,12.97,1,3941.98
CMD05582,2024-07-08,Nina Müller,Beauté,Rouge à lèvres,2,1756.56,0.0,Suisse,Web,0.26,3,3513.12
CMD05583,2024-09-03,Nina Müller,Jouets,Jeu de société,5,1451.41,0.3,Belgique,Magasin,7.48,4,5079.9349999999995
CMD05584,2024-10-27,Carlos Gomez,Électronique,Ordinateur portable,5,1709.98,0.3,Espagne,Web,6.96,4,5984.929999999999
CMD05585,2024-09-08,Lucie Martin,Sport,Vélo,2,937.02,0.15,Belgique,Web,6.21,4,1592.934
CMD05586,2024-11-17,Jean Dupont,Beauté,Rouge à lèvres,4,1333.04,0.05,France,Magasin,12.3,5,5065.552
CMD05587,2024-07-11,Ali Benali,Maison,Ventilateur,1,273.18,0.1,Espagne,App,5.76,1,245.86200000000002
CMD05588,2024-03-24,Sarah Moreau,Électronique,Tablette,1,1840.3,0.1,Suisse,App,3.39,2,1656.27
CMD05589,2024-08-14,Léa Durand,Mode,Veste,3,981.86,0.3,Espagne,Web,14.73,4,2061.906
CMD05590,2024-09-26,Emma Rossi,Jouets,Jeu de société,4,1005.14,0.15,Italie,Web,6.23,3,3417.4759999999997
CMD05591,2024-01-29,Léa Durand,Sport,Tapis de course,4,1994.9,0.2,Maroc,App,3.48,2,6383.68
CMD05592,2024-12-06,Sarah Moreau,Maison,Lampadaire,5,1940.48,0.2,Suisse,Web,11.95,1,7761.92
CMD05593,2024-09-22,Lucie Martin,Électronique,TV 4K,5,618.17,0.2,Maroc,Web,12.08,1,2472.6800000000003
CMD05594,2024-01-09,Léa Durand,Mode,Jean,3,518.73,0.1,Belgique,Web,3.83,3,1400.5710000000001
CMD05595,2024-03-05,Léa Durand,Jouets,Puzzle,2,1471.45,0.25,Maroc,Magasin,6.56,5,2207.175
CMD05596,2024-04-07,Ali Benali,Maison,Lampadaire,1,1296.04,0.0,Maroc,App,9.36,3,1296.04
CMD05597,2024-10-20,Youssef El Amrani,Jouets,Puzzle,1,1640.85,0.25,Suisse,App,7.92,3,1230.6374999999998
CMD05598,2024-11-11,Léa Durand,Électronique,Tablette,1,660.15,0.05,Espagne,Magasin,4.24,4,627.1424999999999
CMD05599,2024-09-29,Jean Dupont,Beauté,Crème visage,4,1501.22,0.15,Maroc,Magasin,0.5,1,5104.148
CMD05600,2024-04-13,Nina Müller,Jouets,Voiture téléguidée,3,1687.64,0.3,Belgique,App,1.31,5,3544.044
CMD05601,2024-04-18,Paolo Bianchi,Maison,Ventilateur,1,1355.02,0.1,Allemagne,Web,13.83,3,1219.518
CMD05602,2024-07-13,Ali Benali,Mode,Montre,4,60.07,0.3,Espagne,Magasin,6.62,4,168.196
CMD05603,2024-09-29,Lucie Martin,Jouets,Lego,4,1746.82,0.0,Italie,Web,2.79,5,6987.28
CMD05604,2024-01-29,Léa Durand,Maison,Ventilateur,2,47.27,0.2,France,App,13.63,4,75.632
CMD05605,2024-09-18,Ali Benali,Électronique,TV 4K,4,838.62,0.05,France,Magasin,8.49,2,3186.756
CMD05606,2024-01-24,Léa Durand,Beauté,Rouge à lèvres,3,1837.24,0.2,Allemagne,Web,5.68,3,4409.376
CMD05607,2024-01-03,Youssef El Amrani,Électronique,Ordinateur portable,4,1149.46,0.05,Espagne,App,11.22,1,4367.948
CMD05608,2024-07-06,Youssef El Amrani,Mode,Chaussures,1,67.49,0.15,Espagne,Magasin,8.05,3,57.366499999999995
CMD05609,2024-08-19,Nina Müller,Sport,Vélo,4,328.64,0.05,Espagne,Web,8.91,1,1248.8319999999999
CMD05610,2024-10-04,Emma Rossi,Mode,Montre,3,1109.03,0.3,France,Web,10.16,2,2328.9629999999997
CMD05611,2024-12-03,Paolo Bianchi,Jouets,Jeu de société,5,1541.24,0.1,Maroc,Magasin,4.46,2,6935.58
CMD05612,2024-07-04,Léa Durand,Électronique,Ordinateur portable,3,1605.89,0.25,France,Magasin,0.89,5,3613.2525
CMD05613,2024-03-14,Sarah Moreau,Maison,Mixeur,1,232.48,0.0,Espagne,Magasin,9.67,2,232.48
CMD05614,2024-02-18,Léa Durand,Sport,Tapis de course,4,1043.56,0.25,Maroc,Magasin,14.75,2,3130.68
CMD05615,2024-03-09,Paolo Bianchi,Jouets,Puzzle,2,1477.17,0.05,France,Magasin,4.44,1,2806.623
CMD05616,2024-11-24,Emma Rossi,Sport,Tapis de course,5,1890.08,0.3,Maroc,Magasin,10.38,4,6615.28
CMD05617,2024-11-22,Nina Müller,Jouets,Puzzle,2,412.11,0.2,Allemagne,App,7.69,1,659.3760000000001
CMD05618,2024-08-21,Emma Rossi,Électronique,Ordinateur portable,3,643.47,0.25,Allemagne,App,11.87,2,1447.8075000000001
CMD05619,2024-06-26,Ali Benali,Beauté,Parfum,4,1318.59,0.1,Suisse,Web,2.62,2,4746.924
CMD05620,2024-04-12,Jean Dupont,Beauté,Shampoing,5,738.64,0.15,Espagne,Magasin,12.79,1,3139.22
CMD05621,2024-08-19,Sarah Moreau,Sport,Ballon,2,1428.98,0.1,Espagne,Web,0.5,1,2572.164
CMD05622,2024-04-27,Emma Rossi,Électronique,TV 4K,5,442.91,0.1,Espagne,Web,5.01,4,1993.0950000000003
CMD05623,2024-06-18,Paolo Bianchi,Beauté,Sérum,5,1165.69,0.3,Allemagne,Magasin,3.69,5,4079.9150000000004
CMD05624,2024-06-22,Léa Durand,Maison,Ventilateur,5,1366.2,0.2,Italie,Web,1.85,4,5464.8
CMD05625,2024-09-23,Paolo Bianchi,Sport,Tapis de course,4,768.74,0.3,Espagne,Magasin,14.72,4,2152.4719999999998
CMD05626,2024-10-19,Emma Rossi,Jouets,Jeu de société,2,1783.59,0.3,Belgique,App,0.19,3,2497.026
CMD05627,2024-01-03,Sarah Moreau,Maison,Lampadaire,2,225.36,0.0,Italie,App,2.0,5,450.72
CMD05628,2024-02-29,Youssef El Amrani,Électronique,Smartphone,3,1846.96,0.3,Maroc,App,3.62,1,3878.616
CMD05629,2024-01-05,Nina Müller,Jouets,Peluche,2,201.14,0.2,France,Magasin,5.19,2,321.824
CMD05630,2024-04-23,Lucie Martin,Maison,Lampadaire,5,1293.34,0.25,Italie,App,13.67,4,4850.025
CMD05631,2024-05-08,Léa Durand,Sport,Raquette,4,881.02,0.2,Belgique,Magasin,3.19,5,2819.264
CMD05632,2024-12-23,Lucie Martin,Maison,Machine à café,4,725.98,0.1,France,Magasin,0.96,5,2613.5280000000002
CMD05633,2024-12-01,Ali Benali,Maison,Mixeur,2,931.06,0.1,Belgique,Magasin,0.92,1,1675.908
CMD05634,2024-10-19,Jean Dupont,Maison,Ventilateur,2,1051.07,0.1,Espagne,App,7.28,3,1891.926
CMD05635,2024-11-13,Youssef El Amrani,Sport,Ballon,2,1121.87,0.25,Espagne,Magasin,4.79,1,1682.8049999999998
CMD05636,2024-01-18,Sarah Moreau,Sport,Raquette,1,1542.67,0.25,France,Web,5.46,2,1157.0025
CMD05637,2024-11-04,Paolo Bianchi,Jouets,Voiture téléguidée,4,880.14,0.25,Suisse,App,9.6,4,2640.42
CMD05638,2024-12-12,Youssef El Amrani,Électronique,Smartphone,2,524.94,0.05,Italie,Magasin,12.64,1,997.3860000000001
CMD05639,2024-12-07,Léa Durand,Mode,Chaussures,2,1754.65,0.2,Espagne,Web,0.54,1,2807.4400000000005
CMD05640,2024-07-03,Paolo Bianchi,Maison,Aspirateur,5,1243.27,0.3,Suisse,App,3.3,1,4351.445
CMD05641,2024-06-04,Nina Müller,Mode,Jean,3,1069.64,0.15,Italie,App,13.27,1,2727.582
CMD05642,2024-03-08,Sarah Moreau,Mode,Montre,5,1958.47,0.2,Espagne,Web,11.11,2,7833.880000000001
CMD05643,2024-07-17,Youssef El Amrani,Sport,Ballon,4,1989.28,0.3,Maroc,Magasin,13.54,3,5569.9839999999995
CMD05644,2024-06-06,Paolo Bianchi,Beauté,Crème visage,1,1468.76,0.3,Espagne,Magasin,1.11,3,1028.1319999999998
CMD05645,2024-11-02,Carlos Gomez,Jouets,Puzzle,4,816.98,0.15,Espagne,Web,7.79,3,2777.732
CMD05646,2024-09-10,Sarah Moreau,Jouets,Lego,3,1402.84,0.25,Maroc,App,7.24,3,3156.3899999999994
CMD05647,2024-11-18,Lucie Martin,Beauté,Rouge à lèvres,4,1394.11,0.05,Allemagne,Magasin,13.07,4,5297.6179999999995
CMD05648,2024-01-12,Carlos Gomez,Sport,Chaussures de sport,5,1677.06,0.05,Maroc,App,13.46,5,7966.034999999999
CMD05649,2024-11-14,Nina Müller,Électronique,TV 4K,3,433.96,0.1,Italie,App,6.35,5,1171.692
CMD05650,2024-08-07,Lucie Martin,Mode,Jean,2,993.01,0.05,Belgique,Web,9.72,1,1886.7189999999998
CMD05651,2024-05-11,Lucie Martin,Électronique,Tablette,3,1143.42,0.2,Belgique,Web,2.18,5,2744.2080000000005
CMD05652,2024-01-31,Sarah Moreau,Jouets,Jeu de société,4,1047.62,0.3,Allemagne,Magasin,8.74,4,2933.3359999999993
CMD05653,2024-11-27,Lucie Martin,Jouets,Jeu de société,4,1058.91,0.05,Belgique,App,6.59,3,4023.858
CMD05654,2024-11-19,Ali Benali,Jouets,Puzzle,2,455.59,0.3,Belgique,Web,11.35,1,637.8259999999999
CMD05655,2024-01-31,Lucie Martin,Jouets,Lego,5,1070.39,0.1,France,App,5.81,3,4816.755000000001
CMD05656,2024-02-16,Ali Benali,Mode,Jean,1,1482.61,0.2,Italie,App,0.95,3,1186.088
CMD05657,2024-03-21,Léa Durand,Maison,Machine à café,1,1721.88,0.05,Espagne,Web,0.9,4,1635.786
CMD05658,2024-06-27,Paolo Bianchi,Jouets,Puzzle,1,620.05,0.1,France,Magasin,10.22,2,558.045
CMD05659,2024-08-24,Youssef El Amrani,Maison,Ventilateur,3,482.09,0.2,Allemagne,Web,2.97,4,1157.016
CMD05660,2024-02-09,Jean Dupont,Sport,Vélo,1,498.46,0.1,France,App,10.24,2,448.614
CMD05661,2024-12-19,Nina Müller,Maison,Machine à café,1,1374.05,0.05,Allemagne,Web,13.75,5,1305.3474999999999
CMD05662,2024-10-21,Emma Rossi,Électronique,Smartphone,2,751.18,0.1,Maroc,App,5.05,5,1352.124
CMD05663,2024-01-04,Ali Benali,Jouets,Voiture téléguidée,2,497.91,0.0,Maroc,Magasin,0.65,4,995.82
CMD05664,2024-02-01,Paolo Bianchi,Sport,Chaussures de sport,1,68.73,0.05,Belgique,App,4.86,5,65.2935
CMD05665,2024-01-14,Léa Durand,Électronique,Smartphone,1,1498.69,0.3,Suisse,Magasin,4.84,4,1049.083
CMD05666,2024-05-23,Emma Rossi,Beauté,Parfum,1,475.95,0.0,Maroc,Magasin,0.4,1,475.95
CMD05667,2024-05-31,Paolo Bianchi,Maison,Lampadaire,2,1945.39,0.0,Belgique,Magasin,11.12,2,3890.78
CMD05668,2024-08-17,Emma Rossi,Beauté,Crème visage,3,1803.32,0.1,Maroc,App,8.21,2,4868.964
CMD05669,2024-03-10,Emma Rossi,Beauté,Parfum,1,296.73,0.1,Belgique,Web,12.26,4,267.057
CMD05670,2024-06-28,Carlos Gomez,Beauté,Shampoing,4,1372.03,0.2,France,Web,14.82,3,4390.496
CMD05671,2024-06-02,Youssef El Amrani,Sport,Vélo,5,1519.59,0.05,Italie,Web,1.02,5,7218.0525
CMD05672,2024-11-29,Ali Benali,Jouets,Lego,3,37.64,0.1,Maroc,App,8.17,5,101.628
CMD05673,2024-02-01,Emma Rossi,Maison,Aspirateur,2,463.31,0.05,Maroc,Web,10.13,1,880.289
CMD05674,2024-12-04,Lucie Martin,Sport,Ballon,2,1574.6,0.05,France,Web,13.61,4,2991.74
CMD05675,2024-10-04,Carlos Gomez,Maison,Lampadaire,1,168.75,0.3,Maroc,Web,13.11,2,118.12499999999999
CMD05676,2024-12-04,Jean Dupont,Mode,Sac à main,4,1450.92,0.25,Belgique,Magasin,2.99,4,4352.76
CMD05677,2024-08-11,Paolo Bianchi,Sport,Tapis de course,1,406.96,0.3,Allemagne,Magasin,3.14,5,284.87199999999996
CMD05678,2024-10-25,Sarah Moreau,Mode,Veste,4,1657.67,0.25,Italie,Magasin,6.74,1,4973.01
CMD05679,2024-12-09,Carlos Gomez,Mode,Veste,4,1934.07,0.25,Italie,App,11.56,1,5802.21
CMD05680,2024-06-05,Paolo Bianchi,Sport,Ballon,4,1448.4,0.25,Italie,App,0.02,2,4345.200000000001
CMD05681,2024-08-24,Ali Benali,Maison,Mixeur,1,875.26,0.0,Italie,Web,10.13,5,875.26
CMD05682,2024-12-02,Ali Benali,Sport,Raquette,5,1184.86,0.2,Maroc,App,8.64,3,4739.44
CMD05683,2024-04-02,Emma Rossi,Maison,Aspirateur,4,855.89,0.3,France,App,6.91,1,2396.4919999999997
CMD05684,2024-12-17,Léa Durand,Sport,Ballon,3,122.62,0.25,Belgique,Magasin,4.05,4,275.895
CMD05685,2024-10-02,Lucie Martin,Mode,Sac à main,2,940.26,0.25,Suisse,App,2.97,4,1410.3899999999999
CMD05686,2024-06-18,Carlos Gomez,Beauté,Parfum,3,1177.15,0.05,Suisse,App,9.62,2,3354.8775
CMD05687,2024-01-11,Nina Müller,Jouets,Lego,2,183.88,0.3,Italie,Magasin,3.98,2,257.43199999999996
CMD05688,2024-02-02,Léa Durand,Électronique,Smartphone,3,795.35,0.15,Suisse,Magasin,14.19,2,2028.1425000000002
CMD05689,2024-11-08,Nina Müller,Électronique,TV 4K,5,49.13,0.05,France,Web,12.16,5,233.3675
CMD05690,2024-03-09,Youssef El Amrani,Maison,Machine à café,5,838.75,0.2,Belgique,App,11.59,2,3355.0
CMD05691,2024-07-29,Paolo Bianchi,Jouets,Voiture téléguidée,2,322.51,0.0,Maroc,Magasin,2.35,3,645.02
CMD05692,2024-12-01,Emma Rossi,Mode,Montre,3,1617.14,0.0,Allemagne,App,13.88,1,4851.42
CMD05693,2024-09-15,Emma Rossi,Mode,Chaussures,5,361.24,0.3,France,Magasin,7.92,4,1264.34
CMD05694,2024-11-12,Youssef El Amrani,Beauté,Parfum,3,239.3,0.25,Suisse,App,10.24,2,538.4250000000001
CMD05695,2024-07-21,Paolo Bianchi,Sport,Ballon,3,838.9,0.05,Belgique,App,10.59,1,2390.865
CMD05696,2024-07-01,Youssef El Amrani,Jouets,Voiture téléguidée,2,52.7,0.05,Suisse,Web,10.65,2,100.13
CMD05697,2024-05-09,Jean Dupont,Maison,Ventilateur,5,1215.77,0.0,Allemagne,Web,14.5,3,6078.85
CMD05698,2024-02-05,Ali Benali,Sport,Chaussures de sport,4,1152.57,0.1,France,Magasin,3.71,5,4149.2519999999995
CMD05699,2024-02-02,Emma Rossi,Électronique,Casque audio,2,1232.77,0.25,Belgique,Web,8.53,1,1849.155
CMD05700,2024-09-20,Nina Müller,Beauté,Rouge à lèvres,5,847.07,0.0,Italie,App,2.33,2,4235.35
CMD05701,2024-10-28,Paolo Bianchi,Jouets,Puzzle,4,1980.3,0.3,Suisse,App,1.66,1,5544.839999999999
CMD05702,2024-03-28,Carlos Gomez,Sport,Chaussures de sport,2,1979.52,0.2,Allemagne,Magasin,8.34,5,3167.232
CMD05703,2024-10-27,Paolo Bianchi,Beauté,Shampoing,4,1387.6,0.2,France,App,11.79,2,4440.32
CMD05704,2024-02-12,Nina Müller,Sport,Raquette,3,578.88,0.2,Belgique,Magasin,2.54,5,1389.312
CMD05705,2024-11-23,Jean Dupont,Sport,Tapis de course,2,128.46,0.1,France,Magasin,4.23,2,231.228
CMD05706,2024-10-04,Léa Durand,Sport,Tapis de course,2,605.65,0.15,Maroc,Magasin,14.7,3,1029.605
CMD05707,2024-01-08,Lucie Martin,Électronique,Casque audio,2,140.32,0.1,Espagne,App,13.42,5,252.576
CMD05708,2024-06-05,Carlos Gomez,Jouets,Lego,4,22.27,0.25,Allemagne,Web,4.65,4,66.81
CMD05709,2024-07-31,Paolo Bianchi,Beauté,Crème visage,1,1588.8,0.25,France,Web,1.71,2,1191.6
CMD05710,2024-08-17,Carlos Gomez,Mode,Jean,2,1475.54,0.25,France,Magasin,9.49,5,2213.31
CMD05711,2024-06-15,Paolo Bianchi,Sport,Tapis de course,4,408.91,0.1,Espagne,App,11.9,2,1472.076
CMD05712,2024-06-19,Emma Rossi,Mode,Jean,3,1544.83,0.3,Allemagne,Magasin,6.25,5,3244.1429999999996
CMD05713,2024-07-01,Nina Müller,Beauté,Shampoing,3,1068.53,0.1,Suisse,App,7.06,2,2885.0310000000004
CMD05714,2024-11-17,Carlos Gomez,Maison,Aspirateur,4,1716.23,0.0,Belgique,Magasin,11.96,4,6864.92
CMD05715,2024-01-27,Carlos Gomez,Beauté,Crème visage,1,155.19,0.25,Belgique,App,10.02,1,116.3925
CMD05716,2024-12-24,Paolo Bianchi,Beauté,Crème visage,4,1206.23,0.15,Allemagne,App,0.32,5,4101.182
CMD05717,2024-06-05,Lucie Martin,Mode,Montre,5,1464.19,0.2,Italie,App,8.49,1,5856.760000000001
CMD05718,2024-12-10,Lucie Martin,Maison,Machine à café,2,1039.27,0.3,Suisse,App,4.95,1,1454.9779999999998
CMD05719,2024-10-12,Nina Müller,Maison,Ventilateur,3,856.08,0.3,Suisse,App,9.5,3,1797.768
CMD05720,2024-10-15,Emma Rossi,Jouets,Voiture téléguidée,1,1979.77,0.0,Allemagne,Web,7.07,1,1979.77
CMD05721,2024-04-01,Léa Durand,Mode,Montre,4,978.04,0.25,Allemagne,App,9.82,5,2934.12
CMD05722,2024-05-19,Nina Müller,Beauté,Crème visage,4,506.85,0.1,Belgique,Magasin,13.83,2,1824.66
CMD05723,2024-01-16,Sarah Moreau,Mode,Chaussures,3,670.44,0.05,France,Web,5.89,3,1910.7540000000001
CMD05724,2024-04-28,Jean Dupont,Maison,Machine à café,1,1258.99,0.25,Belgique,Web,14.28,1,944.2425000000001
CMD05725,2024-07-25,Emma Rossi,Électronique,Smartphone,2,814.48,0.25,Belgique,Magasin,8.49,1,1221.72
CMD05726,2024-10-04,Ali Benali,Électronique,Casque audio,2,1631.03,0.05,Belgique,App,8.63,2,3098.957
CMD05727,2024-05-26,Paolo Bianchi,Maison,Aspirateur,4,1826.73,0.2,Suisse,Web,12.15,4,5845.536
CMD05728,2024-11-01,Jean Dupont,Maison,Mixeur,3,228.77,0.25,Suisse,App,14.02,2,514.7325000000001
CMD05729,2024-10-08,Léa Durand,Beauté,Parfum,2,304.86,0.3,Espagne,Magasin,7.12,4,426.804
CMD05730,2024-01-31,Léa Durand,Mode,Jean,5,1828.43,0.1,Italie,App,2.75,2,8227.935
CMD05731,2024-11-11,Léa Durand,Maison,Lampadaire,5,824.71,0.2,Maroc,Web,4.32,5,3298.84
CMD05732,2024-11-13,Carlos Gomez,Sport,Raquette,5,1833.91,0.15,Maroc,Web,14.8,1,7794.1175
CMD05733,2024-02-13,Carlos Gomez,Jouets,Peluche,2,723.38,0.0,France,App,4.22,3,1446.76
CMD05734,2024-01-07,Jean Dupont,Électronique,Smartphone,4,1362.71,0.15,France,Magasin,5.29,2,4633.214
CMD05735,2024-03-11,Léa Durand,Électronique,TV 4K,4,973.81,0.0,Maroc,App,11.19,1,3895.24
CMD05736,2024-12-03,Lucie Martin,Électronique,Ordinateur portable,5,1269.64,0.05,Suisse,Web,5.51,1,6030.79
CMD05737,2024-02-10,Lucie Martin,Beauté,Sérum,1,1771.34,0.05,Italie,Web,6.15,2,1682.773
CMD05738,2024-01-28,Nina Müller,Jouets,Jeu de société,3,1071.23,0.2,Espagne,Magasin,2.5,5,2570.952
CMD05739,2024-10-31,Nina Müller,Mode,Sac à main,3,1631.08,0.2,Maroc,Web,3.7,2,3914.592
CMD05740,2024-02-29,Paolo Bianchi,Mode,Montre,2,1210.01,0.1,Allemagne,App,11.28,1,2178.018
CMD05741,2024-06-08,Sarah Moreau,Électronique,Casque audio,4,521.04,0.15,Suisse,Web,8.18,2,1771.5359999999998
CMD05742,2024-09-03,Ali Benali,Électronique,Casque audio,2,95.36,0.25,France,Magasin,8.97,1,143.04
CMD05743,2024-09-01,Nina Müller,Jouets,Puzzle,3,1812.21,0.3,Maroc,Web,14.3,5,3805.6409999999996
CMD05744,2024-10-18,Carlos Gomez,Électronique,Tablette,4,148.24,0.3,Italie,Web,4.93,2,415.072
CMD05745,2024-05-30,Jean Dupont,Maison,Machine à café,2,1275.44,0.1,Allemagne,App,8.26,3,2295.7920000000004
CMD05746,2024-03-08,Paolo Bianchi,Électronique,Casque audio,4,1572.69,0.0,Belgique,Magasin,8.53,4,6290.76
CMD05747,2024-05-04,Sarah Moreau,Électronique,Ordinateur portable,3,1360.83,0.05,Suisse,Web,3.13,2,3878.3654999999994
CMD05748,2024-03-29,Jean Dupont,Mode,Montre,3,897.9,0.05,Espagne,Magasin,8.16,3,2559.015
CMD05749,2024-05-15,Sarah Moreau,Jouets,Peluche,2,289.71,0.2,Allemagne,Magasin,7.38,3,463.536
CMD05750,2024-02-12,Emma Rossi,Jouets,Voiture téléguidée,1,25.73,0.1,Espagne,Magasin,6.55,2,23.157
CMD05751,2024-01-21,Carlos Gomez,Maison,Lampadaire,4,1456.44,0.1,Maroc,App,12.72,2,5243.184
CMD05752,2024-01-09,Emma Rossi,Beauté,Crème visage,3,1828.26,0.15,France,Magasin,8.47,2,4662.063
CMD05753,2024-07-20,Ali Benali,Sport,Chaussures de sport,2,1367.33,0.05,Espagne,Web,1.25,4,2597.9269999999997
CMD05754,2024-11-26,Lucie Martin,Beauté,Crème visage,2,698.65,0.25,Suisse,Web,2.79,5,1047.975
CMD05755,2024-10-19,Jean Dupont,Maison,Ventilateur,5,1024.81,0.1,Espagne,App,10.95,5,4611.6449999999995
CMD05756,2024-04-17,Sarah Moreau,Électronique,Tablette,1,822.68,0.2,Espagne,Web,14.61,2,658.144
CMD05757,2024-09-24,Lucie Martin,Électronique,Smartphone,4,109.85,0.15,Belgique,Magasin,9.19,2,373.48999999999995
CMD05758,2024-03-15,Nina Müller,Beauté,Crème visage,3,267.25,0.05,Allemagne,Web,14.93,2,761.6624999999999
CMD05759,2024-12-22,Lucie Martin,Électronique,Tablette,5,1907.23,0.05,Allemagne,Magasin,10.97,1,9059.342499999999
CMD05760,2024-01-27,Emma Rossi,Maison,Aspirateur,3,976.5,0.1,Maroc,Magasin,12.89,4,2636.55
CMD05761,2024-01-21,Sarah Moreau,Électronique,Tablette,1,1003.86,0.3,Maroc,App,0.16,2,702.702
CMD05762,2024-06-21,Emma Rossi,Maison,Ventilateur,4,304.19,0.15,Allemagne,Magasin,2.47,1,1034.2459999999999
CMD05763,2024-10-19,Nina Müller,Mode,Jean,5,133.01,0.0,Belgique,Magasin,0.22,4,665.05
CMD05764,2024-12-13,Emma Rossi,Beauté,Shampoing,2,1972.02,0.2,France,Magasin,4.69,1,3155.232
CMD05765,2024-09-17,Carlos Gomez,Mode,Jean,4,475.02,0.15,Maroc,App,4.92,2,1615.068
CMD05766,2024-02-21,Youssef El Amrani,Mode,Montre,3,1806.93,0.05,Allemagne,App,5.13,3,5149.7505
CMD05767,2024-10-07,Paolo Bianchi,Maison,Ventilateur,1,1563.44,0.1,Italie,Magasin,14.9,2,1407.096
CMD05768,2024-12-27,Ali Benali,Sport,Chaussures de sport,1,960.55,0.0,France,Web,11.31,3,960.55
CMD05769,2024-07-30,Carlos Gomez,Beauté,Parfum,2,377.22,0.05,Maroc,Web,3.83,4,716.7180000000001
CMD05770,2024-08-14,Nina Müller,Électronique,Tablette,4,785.6,0.0,Suisse,Magasin,8.35,4,3142.4
CMD05771,2024-04-30,Emma Rossi,Jouets,Voiture téléguidée,1,526.38,0.3,Maroc,Web,1.71,3,368.46599999999995
CMD05772,2024-02-23,Carlos Gomez,Mode,Sac à main,1,1426.25,0.15,Maroc,Web,1.63,2,1212.3125
CMD05773,2024-07-13,Ali Benali,Maison,Lampadaire,2,1964.41,0.2,Allemagne,Web,7.67,5,3143.0560000000005
CMD05774,2024-03-21,Nina Müller,Jouets,Puzzle,1,290.12,0.15,France,App,9.65,2,246.602
CMD05775,2024-01-14,Paolo Bianchi,Maison,Aspirateur,2,803.51,0.3,Maroc,Web,13.79,1,1124.914
CMD05776,2024-02-29,Jean Dupont,Mode,Jean,2,332.46,0.05,Suisse,Web,2.38,2,631.674
CMD05777,2024-03-23,Lucie Martin,Mode,Sac à main,4,1678.85,0.3,France,App,4.95,4,4700.78
CMD05778,2024-11-18,Paolo Bianchi,Beauté,Crème visage,2,241.92,0.05,Maroc,Web,0.69,3,459.64799999999997
CMD05779,2024-02-07,Sarah Moreau,Maison,Lampadaire,4,157.6,0.25,Italie,Magasin,8.61,2,472.79999999999995
CMD05780,2024-09-05,Emma Rossi,Sport,Tapis de course,4,1971.24,0.15,Italie,Magasin,1.46,3,6702.215999999999
CMD05781,2024-12-22,Ali Benali,Beauté,Shampoing,2,839.03,0.15,Suisse,Magasin,1.89,4,1426.3509999999999
CMD05782,2024-09-11,Nina Müller,Électronique,Tablette,5,1026.73,0.25,Allemagne,App,8.65,3,3850.2374999999997
CMD05783,2024-10-10,Carlos Gomez,Beauté,Shampoing,5,149.93,0.15,Espagne,Magasin,7.26,5,637.2025000000001
CMD05784,2024-07-25,Lucie Martin,Électronique,Smartphone,2,705.61,0.2,Maroc,Magasin,4.76,4,1128.976
CMD05785,2024-09-22,Lucie Martin,Électronique,Ordinateur portable,1,1175.32,0.3,Belgique,Magasin,3.63,4,822.7239999999999
CMD05786,2024-10-29,Ali Benali,Beauté,Rouge à lèvres,4,1283.28,0.05,Allemagne,Magasin,4.74,5,4876.464
CMD05787,2024-03-20,Lucie Martin,Maison,Machine à café,4,1301.72,0.05,Belgique,Magasin,0.59,2,4946.536
CMD05788,2024-01-14,Emma Rossi,Beauté,Sérum,2,989.28,0.05,Maroc,Web,5.58,2,1879.6319999999998
CMD05789,2024-07-03,Sarah Moreau,Maison,Mixeur,3,214.04,0.15,France,App,12.57,1,545.802
CMD05790,2024-12-14,Lucie Martin,Électronique,Tablette,4,1259.98,0.2,Belgique,Magasin,8.28,4,4031.936
CMD05791,2024-05-12,Carlos Gomez,Jouets,Peluche,1,1284.17,0.0,Maroc,Web,10.27,1,1284.17
CMD05792,2024-01-27,Emma Rossi,Beauté,Parfum,2,1494.21,0.1,Belgique,Magasin,13.36,5,2689.578
CMD05793,2024-03-01,Emma Rossi,Sport,Raquette,2,1277.6,0.2,Maroc,Web,8.93,3,2044.1599999999999
CMD05794,2024-03-16,Carlos Gomez,Jouets,Lego,2,184.67,0.3,Maroc,Magasin,6.42,5,258.53799999999995
CMD05795,2024-12-28,Ali Benali,Électronique,Tablette,2,1216.94,0.15,Suisse,Magasin,13.83,4,2068.7980000000002
CMD05796,2024-03-05,Sarah Moreau,Maison,Ventilateur,5,1287.01,0.2,France,App,14.2,1,5148.040000000001
CMD05797,2024-04-07,Emma Rossi,Maison,Ventilateur,4,1761.88,0.25,Allemagne,App,5.66,1,5285.64
CMD05798,2024-02-23,Emma Rossi,Jouets,Puzzle,4,1180.45,0.05,Belgique,App,11.98,3,4485.71
CMD05799,2024-03-07,Sarah Moreau,Mode,Jean,4,810.71,0.2,Maroc,Magasin,12.0,1,2594.2720000000004
CMD05800,2024-10-05,Youssef El Amrani,Sport,Ballon,3,1840.33,0.0,Suisse,Magasin,11.09,1,5520.99
CMD05801,2024-09-04,Emma Rossi,Électronique,Casque audio,5,42.37,0.3,Espagne,Web,9.14,4,148.295
CMD05802,2024-09-16,Emma Rossi,Jouets,Jeu de société,4,415.03,0.1,France,Web,11.59,1,1494.108
CMD05803,2024-07-29,Ali Benali,Jouets,Lego,3,391.78,0.05,Suisse,App,14.3,4,1116.5729999999999
CMD05804,2024-03-08,Carlos Gomez,Électronique,Tablette,4,1387.94,0.15,Belgique,Web,3.46,4,4718.996
CMD05805,2024-10-04,Nina Müller,Électronique,Smartphone,2,1565.53,0.3,Maroc,App,7.16,5,2191.7419999999997
CMD05806,2024-04-07,Carlos Gomez,Maison,Ventilateur,5,638.14,0.1,Allemagne,Magasin,4.12,3,2871.63
CMD05807,2024-08-14,Lucie Martin,Mode,Jean,1,1884.23,0.0,Suisse,Magasin,4.63,3,1884.23
CMD05808,2024-09-27,Ali Benali,Sport,Ballon,1,272.79,0.1,Belgique,Web,14.72,5,245.51100000000002
CMD05809,2024-10-27,Jean Dupont,Sport,Chaussures de sport,4,1846.94,0.25,Espagne,Web,9.13,2,5540.82
CMD05810,2024-01-31,Carlos Gomez,Sport,Chaussures de sport,5,419.43,0.15,Espagne,App,5.02,2,1782.5775
CMD05811,2024-12-04,Emma Rossi,Électronique,Tablette,4,1954.15,0.1,France,Magasin,8.34,1,7034.9400000000005
CMD05812,2024-03-12,Nina Müller,Beauté,Crème visage,3,882.22,0.15,France,Web,0.03,4,2249.6609999999996
CMD05813,2024-05-14,Lucie Martin,Jouets,Voiture téléguidée,2,1831.51,0.0,Suisse,Magasin,3.57,2,3663.02
CMD05814,2024-11-04,Ali Benali,Maison,Lampadaire,4,498.42,0.05,Espagne,Web,9.77,4,1893.9959999999999
CMD05815,2024-11-19,Sarah Moreau,Maison,Aspirateur,2,844.74,0.2,Belgique,Web,4.37,2,1351.584
CMD05816,2024-07-02,Ali Benali,Maison,Lampadaire,5,992.31,0.2,France,App,12.02,1,3969.24
CMD05817,2024-05-12,Carlos Gomez,Sport,Chaussures de sport,5,86.98,0.25,Maroc,App,10.75,5,326.175
CMD05818,2024-01-11,Paolo Bianchi,Beauté,Crème visage,2,1311.24,0.3,Espagne,Magasin,13.34,2,1835.7359999999999
CMD05819,2024-02-14,Jean Dupont,Électronique,Ordinateur portable,3,550.34,0.15,Espagne,Magasin,6.29,1,1403.367
CMD05820,2024-04-09,Carlos Gomez,Électronique,Smartphone,2,455.45,0.3,Italie,Web,9.62,3,637.63
CMD05821,2024-12-21,Sarah Moreau,Jouets,Voiture téléguidée,4,1667.24,0.0,Allemagne,App,7.37,1,6668.96
CMD05822,2024-03-04,Nina Müller,Jouets,Peluche,5,1177.14,0.3,Belgique,Magasin,8.9,1,4119.990000000001
CMD05823,2024-10-27,Lucie Martin,Jouets,Voiture téléguidée,2,1405.94,0.1,Belgique,Magasin,9.1,1,2530.692
CMD05824,2024-11-22,Léa Durand,Beauté,Parfum,2,17.1,0.25,Belgique,App,6.59,1,25.650000000000002
CMD05825,2024-03-05,Sarah Moreau,Jouets,Peluche,2,1655.26,0.15,Allemagne,Web,2.62,1,2813.942
CMD05826,2024-05-05,Ali Benali,Électronique,Ordinateur portable,1,1709.83,0.0,Belgique,App,6.86,5,1709.83
CMD05827,2024-09-05,Emma Rossi,Maison,Machine à café,5,1172.58,0.15,Suisse,Magasin,1.06,2,4983.464999999999
CMD05828,2024-07-30,Jean Dupont,Jouets,Peluche,4,73.4,0.0,Suisse,Web,13.51,2,293.6
CMD05829,2024-04-13,Nina Müller,Sport,Raquette,3,639.67,0.1,Espagne,Magasin,8.53,1,1727.109
CMD05830,2024-12-13,Carlos Gomez,Électronique,Ordinateur portable,2,576.55,0.0,Suisse,App,0.94,5,1153.1
CMD05831,2024-04-15,Emma Rossi,Sport,Vélo,4,1385.22,0.25,France,App,8.85,5,4155.66
CMD05832,2024-01-27,Paolo Bianchi,Beauté,Crème visage,4,1353.27,0.1,Espagne,App,0.9,1,4871.772
CMD05833,2024-02-07,Jean Dupont,Électronique,Smartphone,5,248.75,0.25,Belgique,App,14.2,2,932.8125
CMD05834,2024-01-13,Jean Dupont,Électronique,Smartphone,3,1597.7,0.3,Maroc,Magasin,3.96,5,3355.17
CMD05835,2024-04-14,Emma Rossi,Sport,Vélo,2,342.28,0.3,Italie,App,4.93,4,479.19199999999995
CMD05836,2024-03-14,Paolo Bianchi,Jouets,Puzzle,3,1724.78,0.05,Italie,Magasin,10.65,4,4915.623
CMD05837,2024-07-01,Emma Rossi,Beauté,Rouge à lèvres,2,1816.54,0.3,France,Magasin,1.27,5,2543.156
CMD05838,2024-04-09,Emma Rossi,Mode,Jean,2,1514.74,0.25,Allemagne,Magasin,14.68,1,2272.11
CMD05839,2024-01-12,Léa Durand,Beauté,Rouge à lèvres,4,112.99,0.25,France,App,10.43,4,338.96999999999997
CMD05840,2024-11-17,Youssef El Amrani,Beauté,Shampoing,3,796.74,0.3,France,App,4.07,4,1673.154
CMD05841,2024-09-17,Léa Durand,Jouets,Lego,4,114.12,0.2,France,Web,12.13,5,365.184
CMD05842,2024-04-09,Lucie Martin,Électronique,Tablette,5,1874.11,0.05,Italie,App,12.15,2,8902.0225
CMD05843,2024-09-06,Youssef El Amrani,Électronique,Tablette,5,1208.37,0.2,Italie,Web,0.49,5,4833.48
CMD05844,2024-05-16,Léa Durand,Beauté,Sérum,3,1307.87,0.2,Suisse,Magasin,13.89,4,3138.888
CMD05845,2024-10-31,Emma Rossi,Électronique,Ordinateur portable,1,1624.81,0.1,Belgique,App,1.76,5,1462.329
CMD05846,2024-11-14,Emma Rossi,Électronique,Ordinateur portable,2,630.7,0.15,Belgique,Web,2.65,3,1072.19
CMD05847,2024-05-23,Youssef El Amrani,Beauté,Parfum,3,1642.75,0.15,Suisse,Magasin,12.49,3,4189.0125
CMD05848,2024-01-27,Sarah Moreau,Mode,Chaussures,5,1637.77,0.05,Espagne,Web,8.93,5,7779.4075
CMD05849,2024-11-07,Lucie Martin,Mode,Montre,2,621.73,0.0,France,Magasin,7.84,5,1243.46
CMD05850,2024-06-29,Lucie Martin,Jouets,Puzzle,4,1319.8,0.3,Espagne,Web,2.62,1,3695.4399999999996
CMD05851,2024-04-21,Ali Benali,Maison,Machine à café,5,1731.59,0.1,Allemagne,Magasin,3.01,2,7792.154999999999
CMD05852,2024-11-07,Léa Durand,Jouets,Voiture téléguidée,4,426.8,0.05,Espagne,App,12.82,5,1621.84
CMD05853,2024-03-04,Emma Rossi,Sport,Chaussures de sport,3,853.99,0.2,France,App,0.48,4,2049.5760000000005
CMD05854,2024-01-10,Nina Müller,Mode,Chaussures,3,1262.65,0.3,France,Web,3.54,3,2651.565
CMD05855,2024-11-13,Ali Benali,Sport,Ballon,4,1595.92,0.1,France,Web,7.27,3,5745.312000000001
CMD05856,2024-07-23,Paolo Bianchi,Jouets,Puzzle,3,1606.05,0.3,Espagne,Magasin,1.15,2,3372.7049999999995
CMD05857,2024-05-08,Nina Müller,Mode,Montre,1,456.4,0.1,Suisse,App,6.5,1,410.76
CMD05858,2024-11-24,Jean Dupont,Maison,Ventilateur,5,1855.43,0.2,Maroc,Web,12.55,1,7421.72
CMD05859,2024-04-12,Nina Müller,Maison,Machine à café,4,170.72,0.2,France,App,9.87,4,546.304
CMD05860,2024-03-28,Nina Müller,Beauté,Crème visage,1,751.84,0.25,France,App,6.41,2,563.88
CMD05861,2024-07-19,Jean Dupont,Beauté,Shampoing,3,1532.07,0.0,Allemagne,App,8.85,5,4596.21
CMD05862,2024-07-07,Paolo Bianchi,Électronique,Smartphone,3,1394.33,0.05,Espagne,Magasin,0.22,5,3973.8405
CMD05863,2024-01-19,Sarah Moreau,Jouets,Puzzle,4,1657.84,0.05,Suisse,App,9.33,1,6299.7919999999995
CMD05864,2024-06-25,Ali Benali,Maison,Ventilateur,1,1599.26,0.0,France,App,2.28,2,1599.26
CMD05865,2024-11-12,Ali Benali,Maison,Lampadaire,4,1937.63,0.0,France,Magasin,10.95,2,7750.52
CMD05866,2024-10-12,Emma Rossi,Sport,Chaussures de sport,5,1529.0,0.1,Maroc,App,14.79,5,6880.5
CMD05867,2024-03-18,Lucie Martin,Électronique,Tablette,4,356.72,0.25,France,App,0.94,2,1070.16
CMD05868,2024-08-27,Emma Rossi,Mode,Montre,1,1417.7,0.2,Allemagne,App,2.31,4,1134.16
CMD05869,2024-02-16,Sarah Moreau,Jouets,Jeu de société,2,892.14,0.0,Belgique,Web,5.5,4,1784.28
CMD05870,2024-01-24,Ali Benali,Beauté,Sérum,3,1086.46,0.05,Allemagne,App,9.06,3,3096.411
CMD05871,2024-04-02,Carlos Gomez,Mode,Chaussures,4,1744.83,0.3,Espagne,Magasin,0.34,4,4885.523999999999
CMD05872,2024-06-15,Paolo Bianchi,Maison,Machine à café,1,1880.23,0.15,Italie,App,8.17,3,1598.1955
CMD05873,2024-06-01,Youssef El Amrani,Maison,Mixeur,5,925.03,0.25,Belgique,App,11.34,4,3468.8624999999997
CMD05874,2024-02-05,Emma Rossi,Sport,Chaussures de sport,3,1571.5,0.3,Espagne,Web,5.33,1,3300.1499999999996
CMD05875,2024-01-21,Nina Müller,Jouets,Lego,2,375.18,0.0,Maroc,App,14.58,5,750.36
CMD05876,2024-04-07,Carlos Gomez,Électronique,Tablette,2,1871.41,0.05,Belgique,Web,6.46,1,3555.679
CMD05877,2024-10-14,Carlos Gomez,Mode,Chaussures,3,1603.88,0.3,Maroc,Magasin,10.76,5,3368.148
CMD05878,2024-02-28,Jean Dupont,Maison,Mixeur,2,531.2,0.3,Allemagne,Magasin,11.7,3,743.6800000000001
CMD05879,2024-06-17,Lucie Martin,Jouets,Puzzle,3,170.03,0.05,Belgique,Magasin,10.03,2,484.5855
CMD05880,2024-05-06,Emma Rossi,Sport,Ballon,3,1130.33,0.3,Suisse,App,8.12,5,2373.6929999999998
CMD05881,2024-04-16,Carlos Gomez,Jouets,Jeu de société,4,1788.26,0.05,Allemagne,App,14.8,2,6795.388
CMD05882,2024-01-24,Ali Benali,Électronique,Casque audio,1,334.18,0.3,Suisse,Magasin,8.7,2,233.926
CMD05883,2024-03-23,Nina Müller,Beauté,Sérum,3,1994.88,0.0,Maroc,App,11.46,3,5984.64
CMD05884,2024-09-18,Nina Müller,Jouets,Peluche,5,496.07,0.2,Italie,Magasin,2.38,5,1984.28
CMD05885,2024-08-26,Ali Benali,Jouets,Lego,5,1809.57,0.1,Belgique,Magasin,6.24,3,8143.0650000000005
CMD05886,2024-01-31,Léa Durand,Sport,Chaussures de sport,3,1134.59,0.1,Suisse,Magasin,13.72,4,3063.3929999999996
CMD05887,2024-12-20,Paolo Bianchi,Électronique,TV 4K,2,227.48,0.0,Suisse,Magasin,9.23,1,454.96
CMD05888,2024-07-21,Paolo Bianchi,Mode,Chaussures,4,462.37,0.2,Maroc,Magasin,3.51,2,1479.584
CMD05889,2024-07-01,Youssef El Amrani,Maison,Lampadaire,5,1696.79,0.2,Maroc,Magasin,6.14,2,6787.160000000001
CMD05890,2024-08-09,Emma Rossi,Jouets,Voiture téléguidée,4,455.29,0.1,Allemagne,Magasin,3.75,1,1639.044
CMD05891,2024-08-05,Lucie Martin,Jouets,Puzzle,4,1840.02,0.3,Italie,App,6.46,3,5152.056
CMD05892,2024-03-04,Jean Dupont,Sport,Vélo,5,451.09,0.15,Espagne,Magasin,1.94,1,1917.1324999999997
CMD05893,2024-08-04,Youssef El Amrani,Mode,Montre,4,1187.36,0.0,Allemagne,Web,5.4,1,4749.44
CMD05894,2024-01-02,Jean Dupont,Jouets,Peluche,3,1811.4,0.1,Belgique,Web,3.26,1,4890.780000000001
CMD05895,2024-05-20,Ali Benali,Jouets,Puzzle,1,168.97,0.25,France,Magasin,2.15,5,126.72749999999999
CMD05896,2024-06-14,Ali Benali,Beauté,Crème visage,5,1683.47,0.2,Maroc,Magasin,4.2,2,6733.880000000001
CMD05897,2024-01-12,Jean Dupont,Électronique,Ordinateur portable,5,906.79,0.1,France,Web,13.7,5,4080.555
CMD05898,2024-10-25,Carlos Gomez,Jouets,Puzzle,4,567.03,0.3,Maroc,Magasin,9.95,2,1587.6839999999997
CMD05899,2024-04-22,Youssef El Amrani,Sport,Ballon,1,212.21,0.2,Allemagne,Web,11.5,4,169.76800000000003
CMD05900,2024-01-06,Jean Dupont,Maison,Ventilateur,3,1011.61,0.3,France,App,12.64,2,2124.381
CMD05901,2024-08-26,Paolo Bianchi,Jouets,Peluche,2,80.4,0.0,Espagne,Web,5.03,3,160.8
CMD05902,2024-02-16,Jean Dupont,Mode,Jean,4,1421.89,0.25,Maroc,Web,8.81,3,4265.67
CMD05903,2024-05-05,Sarah Moreau,Sport,Chaussures de sport,5,477.8,0.05,Maroc,Web,14.24,3,2269.5499999999997
CMD05904,2024-06-26,Paolo Bianchi,Beauté,Shampoing,4,693.89,0.2,Maroc,Magasin,0.9,1,2220.448
CMD05905,2024-12-15,Emma Rossi,Sport,Vélo,1,887.15,0.05,Italie,Magasin,9.86,1,842.7924999999999
CMD05906,2024-08-28,Youssef El Amrani,Électronique,Ordinateur portable,5,180.54,0.15,Italie,Web,7.95,1,767.295
CMD05907,2024-04-07,Emma Rossi,Sport,Chaussures de sport,2,837.4,0.05,Belgique,App,14.77,1,1591.06
CMD05908,2024-05-27,Emma Rossi,Beauté,Shampoing,5,267.76,0.25,Maroc,Web,13.43,4,1004.0999999999999
CMD05909,2024-10-23,Nina Müller,Électronique,Tablette,4,1052.48,0.2,Espagne,App,4.41,4,3367.936
CMD05910,2024-09-16,Léa Durand,Sport,Tapis de course,5,668.05,0.0,Belgique,Magasin,0.21,3,3340.25
CMD05911,2024-04-18,Paolo Bianchi,Maison,Ventilateur,4,577.4,0.3,Italie,Magasin,11.24,3,1616.7199999999998
CMD05912,2024-06-24,Paolo Bianchi,Sport,Raquette,1,1099.86,0.1,France,App,8.23,4,989.8739999999999
CMD05913,2024-04-12,Carlos Gomez,Maison,Machine à café,4,1760.77,0.25,Espagne,Magasin,0.05,4,5282.3099999999995
CMD05914,2024-02-18,Jean Dupont,Beauté,Shampoing,5,1492.42,0.2,Belgique,App,7.74,1,5969.68
CMD05915,2024-05-19,Paolo Bianchi,Électronique,Smartphone,2,1667.8,0.1,Suisse,App,14.14,3,3002.04
CMD05916,2024-11-11,Paolo Bianchi,Jouets,Peluche,1,669.0,0.2,Italie,App,12.73,5,535.2
CMD05917,2024-10-07,Youssef El Amrani,Mode,Montre,5,1707.48,0.05,Italie,App,4.11,2,8110.529999999999
CMD05918,2024-09-21,Sarah Moreau,Maison,Aspirateur,2,901.66,0.25,France,Magasin,12.58,4,1352.49
CMD05919,2024-04-28,Nina Müller,Beauté,Sérum,5,855.77,0.1,Maroc,Magasin,5.31,2,3850.9650000000006
CMD05920,2024-09-30,Ali Benali,Jouets,Puzzle,3,1457.35,0.3,Belgique,Web,6.29,5,3060.4349999999995
CMD05921,2024-02-23,Jean Dupont,Beauté,Crème visage,2,1121.87,0.25,Suisse,Magasin,0.37,4,1682.8049999999998
CMD05922,2024-06-09,Carlos Gomez,Sport,Chaussures de sport,1,1308.84,0.25,Maroc,Magasin,10.64,1,981.6299999999999
CMD05923,2024-07-27,Léa Durand,Jouets,Peluche,5,621.01,0.3,France,Magasin,12.29,3,2173.535
CMD05924,2024-07-12,Paolo Bianchi,Maison,Ventilateur,3,1398.52,0.05,Suisse,Web,3.79,4,3985.7819999999992
CMD05925,2024-12-01,Paolo Bianchi,Mode,Montre,5,749.75,0.15,Belgique,Magasin,4.58,5,3186.4375
CMD05926,2024-05-05,Nina Müller,Mode,Veste,1,59.56,0.1,Allemagne,Web,10.56,5,53.604000000000006
CMD05927,2024-08-14,Lucie Martin,Beauté,Parfum,5,1231.82,0.15,Allemagne,Web,9.29,4,5235.235
CMD05928,2024-12-15,Ali Benali,Jouets,Puzzle,2,1734.58,0.1,Allemagne,App,11.46,3,3122.244
CMD05929,2024-11-15,Jean Dupont,Maison,Aspirateur,1,378.07,0.2,France,Magasin,1.79,5,302.456
CMD05930,2024-03-16,Ali Benali,Sport,Chaussures de sport,1,145.42,0.2,France,Web,3.52,5,116.336
CMD05931,2024-06-18,Jean Dupont,Maison,Machine à café,3,712.53,0.3,Italie,App,0.29,3,1496.313
CMD05932,2024-01-06,Nina Müller,Beauté,Crème visage,2,23.73,0.1,Italie,App,1.55,3,42.714
CMD05933,2024-08-29,Emma Rossi,Mode,Veste,4,1337.74,0.3,Italie,Web,12.89,5,3745.6719999999996
CMD05934,2024-11-26,Ali Benali,Sport,Chaussures de sport,1,249.73,0.25,Allemagne,Web,9.51,1,187.29749999999999
CMD05935,2024-12-20,Sarah Moreau,Beauté,Rouge à lèvres,3,1376.82,0.25,Allemagne,Magasin,13.34,3,3097.8450000000003
CMD05936,2024-10-19,Paolo Bianchi,Mode,Montre,1,1362.82,0.05,France,Magasin,1.1,3,1294.6789999999999
CMD05937,2024-03-17,Lucie Martin,Sport,Raquette,1,1160.2,0.05,Espagne,App,3.12,1,1102.19
CMD05938,2024-08-16,Carlos Gomez,Maison,Lampadaire,4,651.95,0.1,Allemagne,Magasin,0.81,4,2347.0200000000004
CMD05939,2024-09-20,Léa Durand,Jouets,Puzzle,4,860.7,0.0,Espagne,Magasin,14.42,4,3442.8
CMD05940,2024-09-23,Youssef El Amrani,Beauté,Rouge à lèvres,4,1310.58,0.05,Maroc,App,5.6,5,4980.204
CMD05941,2024-10-11,Nina Müller,Beauté,Crème visage,1,406.46,0.2,Suisse,Magasin,6.24,3,325.168
CMD05942,2024-12-14,Youssef El Amrani,Électronique,TV 4K,1,1311.27,0.05,Maroc,App,6.72,2,1245.7065
CMD05943,2024-10-26,Paolo Bianchi,Jouets,Peluche,2,689.21,0.3,Allemagne,Web,12.86,5,964.894
CMD05944,2024-08-28,Paolo Bianchi,Sport,Chaussures de sport,2,107.12,0.25,France,App,10.25,2,160.68
CMD05945,2024-08-01,Youssef El Amrani,Mode,Jean,3,69.75,0.0,France,Magasin,6.72,5,209.25
CMD05946,2024-12-08,Ali Benali,Électronique,Casque audio,4,1222.26,0.0,Suisse,Magasin,2.97,2,4889.04
CMD05947,2024-06-03,Carlos Gomez,Électronique,TV 4K,1,1333.75,0.2,Maroc,Magasin,8.44,4,1067.0
CMD05948,2024-08-09,Sarah Moreau,Maison,Lampadaire,4,428.98,0.05,Espagne,Web,7.45,3,1630.124
CMD05949,2024-07-09,Lucie Martin,Beauté,Parfum,1,1099.95,0.25,Suisse,App,1.77,2,824.9625000000001
CMD05950,2024-08-31,Youssef El Amrani,Sport,Vélo,4,1482.04,0.1,Italie,App,5.61,3,5335.344
CMD05951,2024-10-26,Jean Dupont,Beauté,Sérum,5,674.66,0.15,Maroc,Magasin,3.17,4,2867.305
CMD05952,2024-10-23,Emma Rossi,Maison,Machine à café,1,1627.01,0.1,Italie,App,14.07,2,1464.309
CMD05953,2024-12-28,Carlos Gomez,Jouets,Jeu de société,1,1754.72,0.3,Belgique,Magasin,14.24,4,1228.3039999999999
CMD05954,2024-02-17,Carlos Gomez,Mode,Veste,3,1650.81,0.05,Maroc,App,12.4,5,4704.8085
CMD05955,2024-07-17,Sarah Moreau,Jouets,Voiture téléguidée,5,1099.13,0.15,Suisse,App,7.65,1,4671.302500000001
CMD05956,2024-09-01,Sarah Moreau,Mode,Chaussures,4,856.62,0.1,Belgique,Web,0.4,3,3083.832
CMD05957,2024-11-11,Léa Durand,Jouets,Puzzle,3,392.74,0.0,France,Web,4.4,5,1178.22
CMD05958,2024-11-30,Paolo Bianchi,Mode,Jean,2,655.56,0.15,Espagne,App,1.86,1,1114.4519999999998
CMD05959,2024-06-14,Nina Müller,Maison,Lampadaire,4,49.55,0.25,France,Web,7.35,2,148.64999999999998
CMD05960,2024-12-30,Nina Müller,Mode,Jean,5,555.68,0.2,Espagne,App,8.95,2,2222.72
CMD05961,2024-11-27,Paolo Bianchi,Mode,Chaussures,2,148.38,0.0,Espagne,Web,14.32,3,296.76
CMD05962,2024-08-19,Emma Rossi,Beauté,Crème visage,3,840.31,0.1,France,Magasin,3.13,5,2268.837
CMD05963,2024-08-14,Carlos Gomez,Électronique,TV 4K,3,1324.33,0.15,Maroc,App,14.85,3,3377.0415
CMD05964,2024-12-02,Lucie Martin,Jouets,Voiture téléguidée,1,637.39,0.0,France,Web,13.9,2,637.39
CMD05965,2024-01-12,Emma Rossi,Maison,Lampadaire,2,1756.96,0.1,Espagne,App,4.59,2,3162.5280000000002
CMD05966,2024-06-01,Ali Benali,Beauté,Parfum,4,767.5,0.05,Maroc,App,13.92,2,2916.5
CMD05967,2024-07-26,Léa Durand,Électronique,Tablette,1,1895.46,0.1,Belgique,Web,2.18,4,1705.914
CMD05968,2024-10-12,Paolo Bianchi,Sport,Chaussures de sport,1,1126.95,0.05,Allemagne,App,1.35,2,1070.6025
CMD05969,2024-03-05,Emma Rossi,Maison,Lampadaire,1,837.71,0.15,France,Web,5.36,2,712.0535
CMD05970,2024-09-20,Jean Dupont,Mode,Montre,4,1605.69,0.05,Suisse,Web,5.98,5,6101.622
CMD05971,2024-12-20,Youssef El Amrani,Mode,Chaussures,5,1686.9,0.15,Belgique,Magasin,2.84,4,7169.325
CMD05972,2024-08-09,Sarah Moreau,Maison,Machine à café,4,927.86,0.05,France,App,0.8,2,3525.868
CMD05973,2024-04-06,Paolo Bianchi,Sport,Tapis de course,5,1040.07,0.25,Italie,Magasin,9.62,5,3900.2625
CMD05974,2024-07-29,Carlos Gomez,Mode,Chaussures,1,815.68,0.3,Italie,App,12.46,4,570.9759999999999
CMD05975,2024-12-07,Emma Rossi,Jouets,Puzzle,5,1748.17,0.2,Allemagne,App,13.98,3,6992.68
CMD05976,2024-05-18,Carlos Gomez,Électronique,Casque audio,1,1602.8,0.0,Suisse,App,13.05,4,1602.8
CMD05977,2024-04-22,Carlos Gomez,Maison,Lampadaire,2,428.21,0.05,France,App,0.01,2,813.5989999999999
CMD05978,2024-05-01,Youssef El Amrani,Mode,Veste,2,847.07,0.05,Espagne,Web,14.91,4,1609.433
CMD05979,2024-05-31,Nina Müller,Sport,Raquette,4,618.85,0.15,Maroc,App,2.03,4,2104.09
CMD05980,2024-04-09,Ali Benali,Mode,Montre,2,425.75,0.0,Italie,Web,12.82,3,851.5
CMD05981,2024-08-17,Lucie Martin,Beauté,Sérum,3,1079.66,0.05,Maroc,Web,7.51,2,3077.0310000000004
CMD05982,2024-05-28,Sarah Moreau,Électronique,Casque audio,1,742.34,0.3,Suisse,Web,8.81,2,519.638
CMD05983,2024-10-16,Emma Rossi,Maison,Mixeur,1,95.01,0.15,Espagne,App,5.94,5,80.7585
CMD05984,2024-01-08,Sarah Moreau,Jouets,Jeu de société,1,1482.56,0.15,France,App,11.16,4,1260.176
CMD05985,2024-04-30,Léa Durand,Maison,Machine à café,2,1780.33,0.15,France,App,1.76,4,3026.5609999999997
CMD05986,2024-01-31,Léa Durand,Mode,Jean,1,1377.96,0.0,Italie,Web,13.61,2,1377.96
CMD05987,2024-02-07,Léa Durand,Électronique,Smartphone,3,1899.11,0.1,Allemagne,App,11.93,3,5127.597
CMD05988,2024-05-08,Jean Dupont,Beauté,Crème visage,1,1688.11,0.3,Suisse,Magasin,3.1,1,1181.677
CMD05989,2024-06-09,Emma Rossi,Jouets,Jeu de société,4,555.55,0.2,Espagne,App,12.01,5,1777.76
CMD05990,2024-02-05,Nina Müller,Mode,Jean,1,1687.49,0.15,Allemagne,Magasin,7.42,3,1434.3664999999999
CMD05991,2024-11-01,Carlos Gomez,Beauté,Parfum,5,1140.4,0.25,Allemagne,Magasin,7.97,5,4276.5
CMD05992,2024-12-08,Paolo Bianchi,Électronique,Ordinateur portable,1,1054.63,0.05,Maroc,Web,9.25,1,1001.8985
CMD05993,2024-01-15,Emma Rossi,Électronique,Tablette,3,138.42,0.1,Maroc,Magasin,0.19,5,373.734
CMD05994,2024-03-24,Jean Dupont,Mode,Montre,1,1310.35,0.15,Suisse,Magasin,0.97,1,1113.7975
CMD05995,2024-09-30,Youssef El Amrani,Mode,Veste,3,1418.93,0.0,Allemagne,App,4.08,3,4256.79
CMD05996,2024-12-14,Jean Dupont,Sport,Raquette,5,82.62,0.15,Espagne,App,5.68,4,351.135
CMD05997,2024-09-29,Carlos Gomez,Beauté,Sérum,1,586.26,0.1,Espagne,Magasin,5.39,4,527.634
CMD05998,2024-09-13,Youssef El Amrani,Maison,Aspirateur,4,429.81,0.25,Suisse,App,12.81,1,1289.43
CMD05999,2024-11-08,Jean Dupont,Sport,Vélo,3,1300.89,0.25,Italie,Magasin,7.51,4,2927.0025
CMD06000,2024-03-30,Nina Müller,Maison,Machine à café,4,746.11,0.3,Espagne,Web,5.31,5,2089.1079999999997
CMD06001,2024-06-01,Sarah Moreau,Jouets,Puzzle,2,541.64,0.0,Belgique,App,9.09,2,1083.28
CMD06002,2024-04-20,Youssef El Amrani,Électronique,Smartphone,1,1150.06,0.25,Belgique,App,0.51,5,862.545
CMD06003,2024-10-18,Jean Dupont,Beauté,Crème visage,4,782.42,0.05,Belgique,Magasin,7.6,3,2973.196
CMD06004,2024-11-19,Sarah Moreau,Mode,Montre,4,891.06,0.3,Suisse,App,12.81,5,2494.968
CMD06005,2024-08-07,Youssef El Amrani,Beauté,Sérum,2,1980.92,0.05,Maroc,Magasin,0.75,4,3763.748
CMD06006,2024-09-22,Lucie Martin,Maison,Mixeur,5,184.79,0.25,Allemagne,Magasin,12.18,3,692.9625
CMD06007,2024-01-30,Léa Durand,Électronique,Ordinateur portable,4,422.28,0.15,France,App,10.09,2,1435.752
CMD06008,2024-05-19,Nina Müller,Mode,Jean,5,472.41,0.3,Belgique,Magasin,12.5,3,1653.435
CMD06009,2024-03-20,Paolo Bianchi,Maison,Ventilateur,3,871.84,0.0,Maroc,Magasin,14.4,4,2615.52
CMD06010,2024-01-18,Youssef El Amrani,Maison,Machine à café,5,860.27,0.2,Maroc,Magasin,11.17,5,3441.0800000000004
CMD06011,2024-09-20,Sarah Moreau,Sport,Vélo,5,1759.66,0.25,Espagne,Magasin,0.64,2,6598.725
CMD06012,2024-03-18,Youssef El Amrani,Beauté,Crème visage,4,1800.58,0.05,Allemagne,Magasin,9.67,1,6842.204
CMD06013,2024-03-04,Paolo Bianchi,Électronique,TV 4K,3,1692.81,0.15,Maroc,Magasin,0.09,5,4316.6655
CMD06014,2024-04-04,Lucie Martin,Électronique,Smartphone,5,677.41,0.05,France,App,11.14,1,3217.6974999999998
CMD06015,2024-04-30,Emma Rossi,Beauté,Shampoing,2,1312.33,0.1,Allemagne,Magasin,12.09,3,2362.194
CMD06016,2024-10-28,Paolo Bianchi,Jouets,Voiture téléguidée,5,1520.9,0.15,Suisse,Magasin,7.7,3,6463.825
CMD06017,2024-04-15,Sarah Moreau,Jouets,Lego,2,951.44,0.1,Maroc,Magasin,14.68,3,1712.592
CMD06018,2024-12-01,Lucie Martin,Électronique,Casque audio,1,1994.26,0.0,Maroc,Web,4.29,2,1994.26
CMD06019,2024-06-10,Léa Durand,Beauté,Parfum,3,704.97,0.1,Belgique,App,12.53,1,1903.4189999999999
CMD06020,2024-10-01,Nina Müller,Jouets,Jeu de société,5,796.14,0.15,Suisse,Web,12.22,4,3383.595
CMD06021,2024-04-20,Youssef El Amrani,Jouets,Voiture téléguidée,5,1322.4,0.05,Espagne,Magasin,2.58,2,6281.4
CMD06022,2024-01-12,Ali Benali,Jouets,Voiture téléguidée,5,1080.6,0.3,Espagne,Web,10.33,2,3782.1
CMD06023,2024-07-05,Sarah Moreau,Jouets,Peluche,2,52.85,0.15,Suisse,Web,11.74,5,89.845
CMD06024,2024-04-05,Nina Müller,Mode,Montre,3,418.46,0.05,Maroc,Web,7.75,2,1192.6109999999999
CMD06025,2024-11-23,Carlos Gomez,Mode,Chaussures,2,914.98,0.3,Belgique,App,6.6,2,1280.972
CMD06026,2024-02-18,Emma Rossi,Sport,Chaussures de sport,5,665.06,0.15,Allemagne,Magasin,14.08,5,2826.5049999999997
CMD06027,2024-04-18,Paolo Bianchi,Jouets,Puzzle,4,1544.51,0.3,Maroc,Web,8.86,2,4324.628
CMD06028,2024-11-02,Paolo Bianchi,Sport,Raquette,1,572.55,0.2,Suisse,App,0.22,3,458.03999999999996
CMD06029,2024-12-09,Sarah Moreau,Mode,Jean,3,470.46,0.3,Italie,Web,10.25,2,987.9659999999999
CMD06030,2024-06-10,Jean Dupont,Beauté,Shampoing,2,1449.9,0.05,Italie,App,2.26,4,2754.81
CMD06031,2024-09-17,Ali Benali,Électronique,Smartphone,4,305.9,0.05,Allemagne,Web,10.37,2,1162.4199999999998
CMD06032,2024-01-27,Ali Benali,Maison,Machine à café,3,694.39,0.1,Allemagne,Web,8.56,3,1874.853
CMD06033,2024-07-23,Jean Dupont,Électronique,TV 4K,2,1316.09,0.25,Allemagne,App,10.8,4,1974.1349999999998
CMD06034,2024-02-04,Paolo Bianchi,Jouets,Jeu de société,1,311.67,0.25,Espagne,App,12.89,3,233.7525
CMD06035,2024-05-13,Paolo Bianchi,Beauté,Rouge à lèvres,5,540.94,0.25,Belgique,Magasin,4.8,3,2028.525
CMD06036,2024-11-05,Emma Rossi,Mode,Chaussures,3,1036.11,0.05,Italie,Web,10.81,5,2952.9134999999997
CMD06037,2024-01-28,Paolo Bianchi,Jouets,Peluche,1,967.18,0.1,Italie,Web,6.29,3,870.462
CMD06038,2024-05-02,Ali Benali,Sport,Raquette,4,55.89,0.15,France,App,9.47,1,190.026
CMD06039,2024-10-29,Jean Dupont,Jouets,Puzzle,4,1718.31,0.25,Allemagne,App,8.63,3,5154.93
CMD06040,2024-11-14,Lucie Martin,Maison,Lampadaire,3,893.65,0.2,Belgique,App,12.78,3,2144.7599999999998
CMD06041,2024-12-09,Lucie Martin,Beauté,Sérum,5,1703.89,0.3,France,Web,10.98,5,5963.615
CMD06042,2024-02-22,Paolo Bianchi,Sport,Tapis de course,4,1019.44,0.0,Espagne,App,8.32,3,4077.76
CMD06043,2024-02-18,Paolo Bianchi,Électronique,Smartphone,5,960.16,0.1,Italie,Web,5.24,1,4320.72
CMD06044,2024-03-27,Emma Rossi,Électronique,Ordinateur portable,2,870.8,0.2,Allemagne,Magasin,11.41,3,1393.28
CMD06045,2024-03-19,Nina Müller,Mode,Jean,2,1328.88,0.1,Belgique,App,4.85,1,2391.9840000000004
CMD06046,2024-12-07,Paolo Bianchi,Sport,Tapis de course,5,1626.86,0.15,Suisse,App,5.28,5,6914.154999999999
CMD06047,2024-02-03,Léa Durand,Mode,Veste,3,1199.31,0.1,Suisse,App,12.26,2,3238.1369999999997
CMD06048,2024-07-31,Jean Dupont,Maison,Ventilateur,3,820.12,0.15,Belgique,Magasin,6.82,3,2091.306
CMD06049,2024-01-12,Nina Müller,Mode,Montre,2,1430.25,0.2,Maroc,App,3.6,5,2288.4
CMD06050,2024-03-23,Emma Rossi,Sport,Raquette,4,1573.88,0.05,Allemagne,App,14.11,2,5980.744
CMD06051,2024-09-03,Youssef El Amrani,Mode,Veste,1,566.42,0.25,Maroc,Web,1.83,5,424.81499999999994
CMD06052,2024-06-23,Paolo Bianchi,Électronique,TV 4K,3,1984.22,0.0,Suisse,App,14.83,5,5952.66
CMD06053,2024-05-11,Nina Müller,Sport,Vélo,4,1913.76,0.15,France,App,12.19,5,6506.784
CMD06054,2024-08-31,Emma Rossi,Électronique,TV 4K,3,780.93,0.15,Allemagne,Web,5.41,2,1991.3715
CMD06055,2024-01-18,Ali Benali,Mode,Chaussures,5,617.85,0.15,Allemagne,Web,8.63,1,2625.8624999999997
CMD06056,2024-04-20,Jean Dupont,Maison,Aspirateur,1,327.94,0.1,Maroc,App,14.88,4,295.146
CMD06057,2024-08-11,Paolo Bianchi,Mode,Veste,1,643.09,0.05,Espagne,App,2.17,1,610.9355
CMD06058,2024-05-06,Nina Müller,Beauté,Parfum,2,593.64,0.1,Italie,Web,1.12,3,1068.552
CMD06059,2024-05-15,Ali Benali,Maison,Aspirateur,2,831.74,0.2,Espagne,Magasin,12.77,2,1330.784
CMD06060,2024-12-13,Léa Durand,Électronique,Ordinateur portable,2,1089.14,0.0,Italie,App,9.47,4,2178.28
CMD06061,2024-03-12,Jean Dupont,Maison,Aspirateur,3,667.44,0.15,Belgique,App,5.96,1,1701.9720000000002
CMD06062,2024-02-06,Nina Müller,Mode,Jean,5,407.95,0.2,Maroc,App,12.55,5,1631.8000000000002
CMD06063,2024-05-11,Youssef El Amrani,Électronique,TV 4K,5,1624.19,0.25,Maroc,App,9.22,3,6090.712500000001
CMD06064,2024-09-17,Youssef El Amrani,Jouets,Puzzle,3,1793.72,0.0,Maroc,App,11.59,5,5381.16
CMD06065,2024-09-03,Emma Rossi,Beauté,Parfum,3,222.0,0.3,Espagne,Magasin,4.31,4,466.2
CMD06066,2024-06-29,Léa Durand,Mode,Montre,2,657.08,0.05,Espagne,Magasin,6.17,3,1248.452
CMD06067,2024-06-14,Carlos Gomez,Mode,Montre,5,1485.04,0.2,Espagne,Magasin,3.87,1,5940.16
CMD06068,2024-08-25,Lucie Martin,Jouets,Peluche,2,952.74,0.3,Italie,Web,9.6,4,1333.836
CMD06069,2024-12-13,Jean Dupont,Beauté,Sérum,4,53.24,0.05,Suisse,Web,13.26,2,202.312
CMD06070,2024-01-22,Emma Rossi,Maison,Aspirateur,5,232.94,0.15,Allemagne,App,2.18,2,989.995
CMD06071,2024-01-24,Ali Benali,Électronique,Casque audio,1,206.41,0.3,Suisse,Web,11.94,3,144.487
CMD06072,2024-06-19,Youssef El Amrani,Électronique,Casque audio,1,134.17,0.25,Suisse,App,12.45,3,100.6275
CMD06073,2024-07-19,Léa Durand,Électronique,Ordinateur portable,5,1999.19,0.0,France,App,7.61,1,9995.95
CMD06074,2024-02-23,Carlos Gomez,Sport,Chaussures de sport,3,312.76,0.1,Suisse,Web,8.83,2,844.452
CMD06075,2024-02-11,Lucie Martin,Électronique,Ordinateur portable,5,1509.85,0.2,Belgique,App,9.71,1,6039.400000000001
CMD06076,2024-04-16,Nina Müller,Beauté,Shampoing,5,1828.89,0.05,Italie,App,10.11,1,8687.2275
CMD06077,2024-08-31,Ali Benali,Maison,Machine à café,3,1005.72,0.25,Maroc,Web,4.44,1,2262.87
CMD06078,2024-03-09,Nina Müller,Mode,Sac à main,2,852.12,0.2,Maroc,Magasin,3.11,1,1363.392
CMD06079,2024-08-16,Lucie Martin,Mode,Jean,2,1977.83,0.1,France,Magasin,7.65,1,3560.094
CMD06080,2024-09-21,Ali Benali,Électronique,Tablette,1,286.36,0.0,Italie,Web,10.63,1,286.36
CMD06081,2024-01-12,Sarah Moreau,Sport,Tapis de course,5,1322.68,0.2,Maroc,Magasin,2.06,1,5290.720000000001
CMD06082,2024-04-15,Paolo Bianchi,Sport,Tapis de course,3,1431.76,0.05,Allemagne,Web,0.73,1,4080.5159999999996
CMD06083,2024-07-21,Jean Dupont,Maison,Mixeur,3,492.55,0.05,Maroc,Magasin,0.71,4,1403.7675
CMD06084,2024-08-31,Nina Müller,Sport,Vélo,3,882.3,0.05,Belgique,Web,7.3,4,2514.5549999999994
CMD06085,2024-01-08,Ali Benali,Électronique,TV 4K,4,1337.48,0.15,Suisse,Web,8.23,4,4547.432
CMD06086,2024-02-13,Sarah Moreau,Mode,Veste,3,1844.04,0.0,Italie,Magasin,13.51,2,5532.12
CMD06087,2024-10-07,Ali Benali,Jouets,Puzzle,3,642.42,0.15,Italie,App,13.82,5,1638.1709999999998
CMD06088,2024-02-22,Lucie Martin,Jouets,Jeu de société,4,1324.65,0.2,Maroc,Magasin,3.41,5,4238.88
CMD06089,2024-04-04,Sarah Moreau,Beauté,Parfum,5,1570.55,0.1,Espagne,App,6.84,5,7067.475
CMD06090,2024-04-03,Sarah Moreau,Sport,Raquette,1,1750.26,0.3,Suisse,Magasin,6.47,3,1225.182
CMD06091,2024-02-24,Léa Durand,Maison,Mixeur,4,878.72,0.15,Espagne,App,1.65,2,2987.648
CMD06092,2024-06-14,Jean Dupont,Mode,Veste,2,1001.02,0.25,Espagne,App,8.88,1,1501.53
CMD06093,2024-01-17,Sarah Moreau,Sport,Chaussures de sport,4,1524.14,0.25,Suisse,Magasin,6.86,2,4572.42
CMD06094,2024-10-30,Jean Dupont,Sport,Raquette,1,1934.68,0.3,Allemagne,Web,7.61,2,1354.276
CMD06095,2024-02-10,Jean Dupont,Mode,Chaussures,1,1245.0,0.15,Maroc,Magasin,1.09,1,1058.25
CMD06096,2024-06-27,Léa Durand,Jouets,Peluche,1,1819.35,0.2,Maroc,App,8.58,3,1455.48
CMD06097,2024-10-22,Carlos Gomez,Mode,Sac à main,5,1114.44,0.05,Belgique,Web,3.21,1,5293.59
CMD06098,2024-11-25,Emma Rossi,Maison,Aspirateur,1,1689.27,0.0,Espagne,Web,7.56,4,1689.27
CMD06099,2024-09-03,Nina Müller,Maison,Mixeur,4,1681.93,0.3,Italie,Magasin,12.78,1,4709.4039999999995
CMD06100,2024-04-18,Emma Rossi,Beauté,Sérum,5,58.19,0.1,Italie,Magasin,6.22,3,261.855
CMD06101,2024-06-16,Sarah Moreau,Jouets,Lego,2,588.91,0.05,Maroc,App,5.3,4,1118.9289999999999
CMD06102,2024-03-29,Nina Müller,Électronique,Ordinateur portable,4,630.77,0.05,Suisse,Magasin,5.66,1,2396.926
CMD06103,2024-06-12,Paolo Bianchi,Maison,Ventilateur,2,491.82,0.2,Maroc,Magasin,1.31,4,786.912
CMD06104,2024-06-15,Ali Benali,Beauté,Crème visage,2,1330.73,0.25,Suisse,Magasin,6.18,1,1996.095
CMD06105,2024-11-06,Lucie Martin,Électronique,Ordinateur portable,1,532.97,0.25,Allemagne,Magasin,5.73,3,399.7275
CMD06106,2024-01-06,Lucie Martin,Mode,Montre,5,1821.3,0.2,France,Magasin,12.96,3,7285.200000000001
CMD06107,2024-09-03,Lucie Martin,Beauté,Sérum,4,1020.43,0.15,Italie,Magasin,13.54,4,3469.4619999999995
CMD06108,2024-11-03,Jean Dupont,Électronique,Smartphone,3,996.21,0.0,Maroc,Magasin,13.33,4,2988.63
CMD06109,2024-04-24,Lucie Martin,Beauté,Shampoing,5,740.49,0.0,Belgique,Web,1.77,3,3702.45
CMD06110,2024-02-03,Sarah Moreau,Maison,Mixeur,3,144.59,0.05,Italie,Web,13.72,1,412.08149999999995
CMD06111,2024-08-01,Nina Müller,Sport,Vélo,4,778.24,0.3,Suisse,Web,4.81,5,2179.0719999999997
CMD06112,2024-06-14,Youssef El Amrani,Électronique,Ordinateur portable,5,880.77,0.25,Belgique,App,12.06,3,3302.8875000000003
CMD06113,2024-08-27,Youssef El Amrani,Électronique,Ordinateur portable,1,519.26,0.25,France,Web,3.63,4,389.445
CMD06114,2024-04-06,Léa Durand,Jouets,Peluche,5,299.66,0.0,Belgique,Magasin,14.66,3,1498.3000000000002
CMD06115,2024-03-05,Sarah Moreau,Maison,Ventilateur,3,1953.2,0.15,Allemagne,Web,13.09,1,4980.66
CMD06116,2024-04-30,Jean Dupont,Sport,Tapis de course,2,1665.67,0.1,Maroc,Magasin,4.45,2,2998.206
CMD06117,2024-11-07,Léa Durand,Maison,Ventilateur,5,1937.42,0.3,France,Magasin,13.59,5,6780.97
CMD06118,2024-07-30,Youssef El Amrani,Beauté,Sérum,4,1192.09,0.0,Belgique,Web,11.61,3,4768.36
CMD06119,2024-07-25,Sarah Moreau,Mode,Chaussures,1,997.14,0.25,Maroc,Magasin,8.68,2,747.855
CMD06120,2024-08-25,Nina Müller,Beauté,Crème visage,3,526.06,0.1,Belgique,App,1.33,3,1420.3619999999999
CMD06121,2024-01-09,Ali Benali,Jouets,Peluche,3,499.8,0.15,Maroc,Web,6.66,4,1274.49
CMD06122,2024-07-08,Emma Rossi,Électronique,Casque audio,1,1300.4,0.2,Belgique,Web,7.34,4,1040.3200000000002
CMD06123,2024-08-16,Nina Müller,Maison,Ventilateur,3,720.59,0.1,Allemagne,Magasin,13.37,2,1945.593
CMD06124,2024-07-31,Carlos Gomez,Beauté,Sérum,1,556.99,0.25,France,App,11.59,2,417.7425
CMD06125,2024-05-20,Sarah Moreau,Mode,Montre,5,1029.78,0.25,Suisse,Web,9.91,3,3861.6749999999997
CMD06126,2024-03-15,Ali Benali,Électronique,Tablette,4,76.69,0.05,France,App,5.99,2,291.42199999999997
CMD06127,2024-08-21,Sarah Moreau,Mode,Veste,1,1815.89,0.2,Italie,App,0.33,1,1452.7120000000002
CMD06128,2024-05-26,Carlos Gomez,Mode,Montre,5,1871.18,0.2,Suisse,Magasin,9.93,2,7484.72
CMD06129,2024-04-30,Jean Dupont,Jouets,Peluche,3,573.06,0.1,France,Magasin,11.03,3,1547.262
CMD06130,2024-03-20,Léa Durand,Beauté,Crème visage,3,1394.04,0.2,Allemagne,App,9.44,5,3345.696
CMD06131,2024-05-24,Ali Benali,Jouets,Voiture téléguidée,3,1136.2,0.2,Allemagne,Magasin,4.58,5,2726.8800000000006
CMD06132,2024-01-18,Lucie Martin,Électronique,Casque audio,4,1570.84,0.25,Suisse,Web,3.82,5,4712.5199999999995
CMD06133,2024-12-26,Paolo Bianchi,Mode,Sac à main,5,252.99,0.0,France,Magasin,12.65,3,1264.95
CMD06134,2024-11-15,Lucie Martin,Maison,Lampadaire,3,590.84,0.0,Belgique,App,12.85,5,1772.52
CMD06135,2024-04-26,Ali Benali,Jouets,Jeu de société,3,1486.28,0.25,Suisse,Web,3.91,1,3344.13
CMD06136,2024-08-23,Carlos Gomez,Maison,Mixeur,5,1900.63,0.25,Suisse,Web,1.85,4,7127.362500000001
CMD06137,2024-11-28,Léa Durand,Maison,Mixeur,3,48.72,0.2,Italie,Magasin,13.13,3,116.928
CMD06138,2024-01-20,Nina Müller,Maison,Mixeur,3,923.99,0.25,Suisse,Magasin,10.0,5,2078.9775
CMD06139,2024-02-21,Ali Benali,Électronique,Casque audio,4,1403.42,0.0,Belgique,Web,1.16,3,5613.68
CMD06140,2024-04-11,Emma Rossi,Maison,Ventilateur,2,1234.76,0.3,France,App,13.43,1,1728.664
CMD06141,2024-03-13,Lucie Martin,Électronique,Tablette,2,754.96,0.3,Italie,App,5.99,2,1056.944
CMD06142,2024-04-08,Léa Durand,Mode,Veste,1,1903.26,0.3,Belgique,App,9.38,1,1332.282
CMD06143,2024-04-08,Léa Durand,Mode,Chaussures,2,956.36,0.3,France,App,11.6,1,1338.904
CMD06144,2024-02-26,Lucie Martin,Jouets,Puzzle,3,190.0,0.25,Espagne,Web,2.05,2,427.5
CMD06145,2024-11-25,Lucie Martin,Maison,Machine à café,2,353.69,0.1,Belgique,Web,0.49,4,636.642
CMD06146,2024-12-20,Youssef El Amrani,Beauté,Parfum,1,1029.21,0.1,Maroc,Web,7.5,5,926.2890000000001
CMD06147,2024-04-29,Emma Rossi,Électronique,Casque audio,4,334.57,0.2,Suisse,Magasin,8.73,5,1070.624
CMD06148,2024-04-24,Carlos Gomez,Beauté,Sérum,1,1965.6,0.1,Espagne,Magasin,6.92,1,1769.04
CMD06149,2024-10-05,Léa Durand,Beauté,Crème visage,5,1458.67,0.05,Maroc,App,9.4,4,6928.6825
CMD06150,2024-10-30,Jean Dupont,Mode,Montre,3,1605.87,0.3,France,Magasin,0.29,5,3372.3269999999998
CMD06151,2024-07-25,Paolo Bianchi,Maison,Machine à café,3,1601.56,0.15,Maroc,Web,2.06,3,4083.978
CMD06152,2024-04-15,Jean Dupont,Sport,Chaussures de sport,1,268.83,0.25,Suisse,App,12.54,5,201.6225
CMD06153,2024-04-11,Lucie Martin,Électronique,Ordinateur portable,2,143.43,0.15,Espagne,App,3.91,5,243.83100000000002
CMD06154,2024-12-15,Emma Rossi,Sport,Chaussures de sport,1,1610.24,0.25,Italie,Magasin,10.4,5,1207.68
CMD06155,2024-11-30,Carlos Gomez,Électronique,Ordinateur portable,4,73.23,0.0,Espagne,Web,8.95,2,292.92
CMD06156,2024-03-24,Sarah Moreau,Sport,Ballon,2,1805.26,0.25,Espagne,Web,10.27,2,2707.89
CMD06157,2024-11-02,Youssef El Amrani,Beauté,Sérum,1,1929.71,0.05,France,Magasin,10.79,4,1833.2245
CMD06158,2024-09-07,Paolo Bianchi,Sport,Tapis de course,5,239.48,0.1,Maroc,Web,0.75,2,1077.6599999999999
CMD06159,2024-08-21,Jean Dupont,Sport,Tapis de course,2,1946.38,0.15,Italie,Web,7.24,3,3308.846
CMD06160,2024-01-19,Paolo Bianchi,Jouets,Peluche,5,1300.17,0.0,Espagne,Magasin,1.23,2,6500.85
CMD06161,2024-08-08,Carlos Gomez,Beauté,Sérum,2,744.31,0.1,Italie,App,5.9,4,1339.758
CMD06162,2024-08-09,Sarah Moreau,Mode,Sac à main,1,1253.89,0.2,Maroc,App,13.65,3,1003.1120000000001
CMD06163,2024-01-21,Paolo Bianchi,Maison,Aspirateur,3,625.65,0.2,Suisse,Web,10.02,4,1501.56
CMD06164,2024-07-29,Lucie Martin,Beauté,Crème visage,5,1880.94,0.2,Allemagne,Magasin,4.62,2,7523.760000000001
CMD06165,2024-12-17,Lucie Martin,Jouets,Voiture téléguidée,2,1816.06,0.3,Suisse,Web,13.86,5,2542.484
CMD06166,2024-12-19,Sarah Moreau,Sport,Vélo,1,892.49,0.2,Allemagne,Web,6.28,1,713.9920000000001
CMD06167,2024-11-21,Lucie Martin,Sport,Chaussures de sport,2,1510.08,0.05,Suisse,App,12.71,4,2869.1519999999996
CMD06168,2024-05-07,Sarah Moreau,Beauté,Shampoing,4,524.66,0.15,Belgique,App,12.9,5,1783.8439999999998
CMD06169,2024-11-15,Lucie Martin,Mode,Veste,2,1002.78,0.25,Allemagne,Magasin,7.11,2,1504.17
CMD06170,2024-06-28,Lucie Martin,Sport,Tapis de course,5,27.53,0.1,Espagne,App,14.29,4,123.885
CMD06171,2024-09-02,Lucie Martin,Mode,Veste,2,1722.44,0.0,Allemagne,Magasin,2.36,2,3444.88
CMD06172,2024-06-12,Lucie Martin,Maison,Aspirateur,3,1883.27,0.2,Allemagne,Web,9.22,4,4519.848
CMD06173,2024-08-26,Léa Durand,Beauté,Shampoing,2,618.06,0.15,Italie,Magasin,9.28,1,1050.7019999999998
CMD06174,2024-02-28,Sarah Moreau,Électronique,Ordinateur portable,4,200.73,0.2,Maroc,Magasin,2.73,5,642.336
CMD06175,2024-09-27,Paolo Bianchi,Électronique,Tablette,4,1249.91,0.3,Allemagne,Magasin,6.68,1,3499.748
CMD06176,2024-02-16,Léa Durand,Maison,Aspirateur,4,1234.35,0.25,Allemagne,Magasin,11.33,2,3703.0499999999997
CMD06177,2024-09-06,Léa Durand,Maison,Lampadaire,1,1935.08,0.1,Suisse,Magasin,12.19,4,1741.572
CMD06178,2024-01-24,Paolo Bianchi,Électronique,Smartphone,5,1435.69,0.25,Maroc,Magasin,11.6,2,5383.837500000001
CMD06179,2024-10-18,Nina Müller,Jouets,Peluche,5,1269.05,0.3,Allemagne,App,9.87,1,4441.674999999999
CMD06180,2024-07-02,Nina Müller,Beauté,Rouge à lèvres,5,1326.96,0.15,France,Magasin,4.32,2,5639.58
CMD06181,2024-06-06,Nina Müller,Maison,Ventilateur,1,87.99,0.0,Maroc,Web,12.33,4,87.99
CMD06182,2024-12-26,Emma Rossi,Maison,Ventilateur,4,1237.99,0.05,Allemagne,App,8.59,3,4704.362
CMD06183,2024-09-30,Lucie Martin,Jouets,Peluche,3,53.47,0.3,Belgique,Magasin,4.86,1,112.28699999999999
CMD06184,2024-04-30,Sarah Moreau,Mode,Montre,1,1998.26,0.1,Allemagne,App,10.81,2,1798.434
CMD06185,2024-06-15,Sarah Moreau,Jouets,Lego,5,516.56,0.2,Suisse,Web,4.1,2,2066.24
CMD06186,2024-06-05,Léa Durand,Électronique,TV 4K,4,1915.0,0.15,France,Magasin,7.8,1,6511.0
CMD06187,2024-06-07,Carlos Gomez,Beauté,Shampoing,2,1965.56,0.1,Maroc,App,13.42,5,3538.008
CMD06188,2024-09-18,Nina Müller,Beauté,Crème visage,3,1067.0,0.1,Italie,App,7.32,1,2880.9
CMD06189,2024-06-14,Emma Rossi,Sport,Vélo,2,1727.5,0.0,Espagne,Magasin,8.61,5,3455.0
CMD06190,2024-10-15,Carlos Gomez,Sport,Tapis de course,3,1909.22,0.15,Italie,Web,12.49,2,4868.5109999999995
CMD06191,2024-02-05,Emma Rossi,Maison,Ventilateur,2,871.69,0.25,Maroc,App,14.93,1,1307.535
CMD06192,2024-06-07,Emma Rossi,Mode,Sac à main,3,476.04,0.3,Belgique,Web,7.58,3,999.684
CMD06193,2024-04-25,Sarah Moreau,Sport,Vélo,3,46.88,0.15,France,Web,14.71,4,119.54400000000001
CMD06194,2024-08-16,Jean Dupont,Électronique,Casque audio,5,1414.26,0.05,France,App,4.67,1,6717.735
CMD06195,2024-08-11,Ali Benali,Beauté,Crème visage,4,624.22,0.05,Espagne,Web,2.32,4,2372.036
CMD06196,2024-09-21,Jean Dupont,Maison,Mixeur,1,342.61,0.1,Suisse,Magasin,7.98,3,308.34900000000005
CMD06197,2024-09-05,Paolo Bianchi,Beauté,Crème visage,1,571.43,0.25,France,App,2.66,1,428.5725
CMD06198,2024-06-01,Léa Durand,Sport,Chaussures de sport,4,733.09,0.15,Allemagne,App,5.59,1,2492.506
CMD06199,2024-06-09,Léa Durand,Jouets,Lego,4,904.74,0.05,Suisse,App,12.03,2,3438.0119999999997
CMD06200,2024-06-30,Paolo Bianchi,Maison,Lampadaire,1,81.11,0.25,Suisse,App,4.82,1,60.832499999999996
CMD06201,2024-03-04,Youssef El Amrani,Sport,Vélo,4,1424.23,0.3,Italie,App,6.3,2,3987.8439999999996
CMD06202,2024-01-02,Carlos Gomez,Maison,Lampadaire,1,1559.09,0.2,Espagne,Magasin,9.65,2,1247.272
CMD06203,2024-01-07,Ali Benali,Sport,Chaussures de sport,5,1897.48,0.25,Maroc,App,4.9,1,7115.549999999999
CMD06204,2024-11-10,Paolo Bianchi,Beauté,Rouge à lèvres,1,168.6,0.1,Maroc,App,14.61,3,151.74
CMD06205,2024-07-16,Jean Dupont,Sport,Ballon,1,1781.81,0.15,Allemagne,Magasin,0.77,3,1514.5384999999999
CMD06206,2024-08-24,Ali Benali,Électronique,Tablette,2,717.33,0.3,Espagne,Web,7.61,2,1004.262
CMD06207,2024-05-07,Nina Müller,Sport,Ballon,1,1559.39,0.2,Maroc,Magasin,9.14,2,1247.5120000000002
CMD06208,2024-09-12,Léa Durand,Beauté,Shampoing,2,815.58,0.25,Allemagne,Magasin,1.73,5,1223.3700000000001
CMD06209,2024-06-12,Emma Rossi,Maison,Machine à café,1,120.49,0.15,Maroc,Web,5.04,5,102.4165
CMD06210,2024-10-05,Carlos Gomez,Mode,Veste,5,1531.61,0.15,Espagne,Magasin,10.31,5,6509.342499999999
CMD06211,2024-11-03,Nina Müller,Mode,Sac à main,2,1736.42,0.0,Allemagne,Web,6.54,2,3472.84
CMD06212,2024-06-25,Sarah Moreau,Sport,Vélo,5,435.5,0.25,Maroc,Web,2.7,2,1633.125
CMD06213,2024-07-05,Youssef El Amrani,Mode,Jean,5,1911.6,0.25,Suisse,App,13.36,3,7168.5
CMD06214,2024-10-17,Ali Benali,Jouets,Jeu de société,4,591.37,0.25,Allemagne,Magasin,13.41,2,1774.1100000000001
CMD06215,2024-10-22,Nina Müller,Beauté,Crème visage,2,1338.03,0.15,Suisse,App,13.85,5,2274.651
CMD06216,2024-02-24,Youssef El Amrani,Mode,Montre,1,1664.08,0.0,Espagne,App,0.02,3,1664.08
CMD06217,2024-04-12,Youssef El Amrani,Jouets,Lego,1,1639.62,0.3,Maroc,App,1.57,3,1147.734
CMD06218,2024-09-25,Lucie Martin,Électronique,Smartphone,3,465.35,0.05,Belgique,Magasin,3.46,4,1326.2475000000002
CMD06219,2024-03-08,Léa Durand,Mode,Chaussures,1,585.94,0.2,Espagne,App,11.9,1,468.75200000000007
CMD06220,2024-04-17,Youssef El Amrani,Beauté,Crème visage,4,245.29,0.3,Maroc,Web,12.07,1,686.8119999999999
CMD06221,2024-04-16,Ali Benali,Sport,Raquette,3,1600.69,0.3,Belgique,App,9.23,3,3361.4489999999996
CMD06222,2024-07-21,Paolo Bianchi,Électronique,Ordinateur portable,2,1404.3,0.2,Allemagne,App,11.93,3,2246.88
CMD06223,2024-03-05,Emma Rossi,Électronique,Casque audio,3,1791.62,0.1,Allemagne,Magasin,0.43,1,4837.374
CMD06224,2024-03-09,Ali Benali,Électronique,Tablette,1,703.26,0.15,Espagne,Web,11.7,2,597.771
CMD06225,2024-11-02,Carlos Gomez,Sport,Chaussures de sport,1,1246.53,0.15,Suisse,Magasin,11.45,4,1059.5505
CMD06226,2024-09-01,Léa Durand,Sport,Chaussures de sport,1,1855.99,0.15,Espagne,Magasin,12.46,3,1577.5915
CMD06227,2024-01-26,Lucie Martin,Maison,Mixeur,2,1569.68,0.1,Espagne,App,12.25,2,2825.424
CMD06228,2024-07-18,Lucie Martin,Maison,Ventilateur,2,323.31,0.1,Espagne,App,4.44,1,581.958
CMD06229,2024-08-07,Emma Rossi,Maison,Ventilateur,2,1606.36,0.1,Suisse,Magasin,8.66,2,2891.448
CMD06230,2024-09-13,Lucie Martin,Électronique,Ordinateur portable,5,1460.13,0.05,Allemagne,App,3.39,4,6935.6175
CMD06231,2024-09-27,Lucie Martin,Beauté,Sérum,1,1837.16,0.1,Italie,App,8.68,5,1653.4440000000002
CMD06232,2024-07-16,Carlos Gomez,Électronique,Casque audio,4,272.85,0.25,France,Magasin,10.44,1,818.5500000000001
CMD06233,2024-01-16,Léa Durand,Jouets,Puzzle,4,1996.48,0.1,Espagne,Web,1.08,4,7187.328
CMD06234,2024-03-18,Ali Benali,Jouets,Jeu de société,5,1125.24,0.25,Belgique,Web,6.72,2,4219.65
CMD06235,2024-09-29,Ali Benali,Jouets,Puzzle,2,1883.71,0.1,Italie,Magasin,11.59,4,3390.6780000000003
CMD06236,2024-06-21,Nina Müller,Électronique,Ordinateur portable,4,890.18,0.2,Belgique,App,5.0,5,2848.576
CMD06237,2024-04-18,Emma Rossi,Mode,Chaussures,4,50.19,0.2,Espagne,App,5.29,3,160.608
CMD06238,2024-11-05,Carlos Gomez,Sport,Tapis de course,4,623.31,0.3,Allemagne,Web,10.93,4,1745.2679999999998
CMD06239,2024-10-19,Lucie Martin,Électronique,Ordinateur portable,4,896.89,0.15,Espagne,App,4.28,1,3049.426
CMD06240,2024-06-13,Léa Durand,Mode,Montre,1,700.51,0.1,Belgique,Magasin,9.51,1,630.4590000000001
CMD06241,2024-12-16,Youssef El Amrani,Jouets,Voiture téléguidée,4,13.9,0.3,Espagne,Magasin,1.79,4,38.92
CMD06242,2024-04-02,Carlos Gomez,Jouets,Lego,2,92.86,0.05,Allemagne,Web,9.17,2,176.434
CMD06243,2024-05-03,Emma Rossi,Électronique,Tablette,3,1820.77,0.2,Allemagne,App,7.52,2,4369.848
CMD06244,2024-10-30,Sarah Moreau,Mode,Sac à main,4,169.03,0.05,Suisse,Magasin,3.18,5,642.314
CMD06245,2024-10-14,Léa Durand,Jouets,Jeu de société,2,1172.21,0.05,Belgique,App,4.94,4,2227.199
CMD06246,2024-06-25,Nina Müller,Mode,Sac à main,4,1824.19,0.05,France,Magasin,4.28,4,6931.922
CMD06247,2024-02-24,Paolo Bianchi,Électronique,TV 4K,5,935.87,0.25,Allemagne,Magasin,0.11,3,3509.5125000000003
CMD06248,2024-07-10,Nina Müller,Beauté,Shampoing,2,81.31,0.0,Italie,Magasin,6.28,2,162.62
CMD06249,2024-11-01,Ali Benali,Mode,Sac à main,2,891.48,0.05,Espagne,App,4.5,2,1693.812
CMD06250,2024-08-17,Paolo Bianchi,Sport,Ballon,3,1187.13,0.25,Maroc,Magasin,2.27,3,2671.0425000000005
CMD06251,2024-11-15,Nina Müller,Beauté,Parfum,1,1455.64,0.1,Espagne,App,13.65,2,1310.076
CMD06252,2024-01-26,Léa Durand,Sport,Ballon,1,340.34,0.1,Allemagne,App,12.22,4,306.306
CMD06253,2024-07-01,Sarah Moreau,Mode,Chaussures,2,1535.53,0.3,Maroc,Magasin,9.04,4,2149.7419999999997
CMD06254,2024-05-03,Paolo Bianchi,Jouets,Jeu de société,4,1511.87,0.15,Espagne,Web,12.04,3,5140.357999999999
CMD06255,2024-06-10,Youssef El Amrani,Électronique,Casque audio,2,314.93,0.15,Maroc,Magasin,0.48,5,535.381
CMD06256,2024-10-21,Léa Durand,Beauté,Parfum,4,995.72,0.3,Italie,Web,2.79,3,2788.016
CMD06257,2024-04-27,Sarah Moreau,Jouets,Lego,2,868.75,0.15,Belgique,Web,13.71,3,1476.875
CMD06258,2024-09-14,Paolo Bianchi,Maison,Lampadaire,5,1277.47,0.0,Allemagne,Web,9.97,4,6387.35
CMD06259,2024-07-06,Paolo Bianchi,Électronique,Ordinateur portable,5,921.3,0.1,Italie,Magasin,14.72,3,4145.85
CMD06260,2024-09-06,Youssef El Amrani,Beauté,Rouge à lèvres,1,645.67,0.25,Allemagne,Web,14.57,2,484.25249999999994
CMD06261,2024-07-21,Lucie Martin,Sport,Tapis de course,1,1768.83,0.15,Espagne,Web,8.08,4,1503.5055
CMD06262,2024-10-08,Youssef El Amrani,Mode,Veste,1,1211.85,0.05,Allemagne,Web,13.61,5,1151.2575
CMD06263,2024-04-28,Emma Rossi,Beauté,Rouge à lèvres,4,1939.25,0.15,France,Web,9.34,5,6593.45
CMD06264,2024-01-07,Carlos Gomez,Beauté,Sérum,1,1596.6,0.25,France,App,1.23,1,1197.4499999999998
CMD06265,2024-11-01,Youssef El Amrani,Sport,Raquette,1,89.12,0.25,Allemagne,Magasin,10.09,4,66.84
CMD06266,2024-01-22,Emma Rossi,Électronique,Smartphone,2,461.17,0.3,Italie,Magasin,12.76,2,645.638
CMD06267,2024-05-18,Ali Benali,Mode,Chaussures,1,197.51,0.05,Suisse,Web,5.97,2,187.63449999999997
CMD06268,2024-06-06,Lucie Martin,Beauté,Sérum,2,733.15,0.25,Suisse,Web,3.05,4,1099.725
CMD06269,2024-03-13,Carlos Gomez,Maison,Ventilateur,3,380.99,0.3,Allemagne,App,14.15,1,800.079
CMD06270,2024-04-04,Léa Durand,Électronique,Casque audio,2,1825.48,0.05,Espagne,Web,2.41,5,3468.412
CMD06271,2024-06-20,Emma Rossi,Électronique,TV 4K,4,1356.38,0.15,Maroc,Magasin,0.42,3,4611.692
CMD06272,2024-11-14,Emma Rossi,Sport,Chaussures de sport,4,857.11,0.25,Maroc,Web,14.7,3,2571.33
CMD06273,2024-12-03,Emma Rossi,Jouets,Lego,5,841.66,0.1,Italie,App,10.38,2,3787.4700000000003
CMD06274,2024-04-03,Ali Benali,Électronique,Casque audio,4,46.83,0.3,Belgique,Magasin,12.52,3,131.124
CMD06275,2024-08-09,Carlos Gomez,Maison,Machine à café,3,1051.68,0.15,Espagne,App,12.58,4,2681.784
CMD06276,2024-06-15,Emma Rossi,Électronique,Casque audio,2,397.53,0.05,Belgique,Web,12.1,2,755.3069999999999
CMD06277,2024-08-01,Carlos Gomez,Sport,Tapis de course,5,1536.67,0.15,Suisse,Web,14.09,1,6530.8475
CMD06278,2024-10-30,Sarah Moreau,Maison,Aspirateur,2,1535.91,0.1,Allemagne,App,8.33,5,2764.6380000000004
CMD06279,2024-07-28,Emma Rossi,Mode,Montre,5,1721.94,0.3,Suisse,App,9.41,2,6026.79
CMD06280,2024-05-26,Carlos Gomez,Maison,Machine à café,3,792.79,0.05,Allemagne,App,11.77,3,2259.4514999999997
CMD06281,2024-04-17,Ali Benali,Jouets,Peluche,4,451.77,0.05,Allemagne,Magasin,7.86,1,1716.7259999999999
CMD06282,2024-12-13,Sarah Moreau,Maison,Aspirateur,5,347.09,0.05,Allemagne,Web,1.43,2,1648.6774999999998
CMD06283,2024-01-19,Jean Dupont,Beauté,Rouge à lèvres,2,167.03,0.1,Maroc,App,7.47,3,300.654
CMD06284,2024-11-06,Lucie Martin,Sport,Chaussures de sport,3,533.92,0.25,Belgique,Magasin,12.44,5,1201.3199999999997
CMD06285,2024-09-08,Youssef El Amrani,Jouets,Lego,5,1050.61,0.05,Italie,Magasin,14.98,3,4990.397499999999
CMD06286,2024-05-16,Lucie Martin,Maison,Lampadaire,1,227.6,0.25,Suisse,Web,1.34,5,170.7
CMD06287,2024-07-10,Emma Rossi,Maison,Aspirateur,3,938.74,0.15,Espagne,App,7.72,5,2393.7870000000003
CMD06288,2024-04-04,Lucie Martin,Électronique,Ordinateur portable,3,51.08,0.1,Suisse,Magasin,5.98,3,137.91600000000003
CMD06289,2024-02-14,Nina Müller,Sport,Ballon,2,414.74,0.0,Maroc,Magasin,0.47,3,829.48
CMD06290,2024-10-04,Sarah Moreau,Maison,Mixeur,3,784.63,0.0,France,Magasin,3.39,3,2353.89
CMD06291,2024-07-03,Paolo Bianchi,Beauté,Shampoing,2,1651.07,0.25,Allemagne,Web,4.85,5,2476.605
CMD06292,2024-10-02,Sarah Moreau,Maison,Lampadaire,3,1418.45,0.3,Allemagne,Magasin,10.4,5,2978.745
CMD06293,2024-11-16,Youssef El Amrani,Beauté,Sérum,1,1523.41,0.1,Suisse,Magasin,2.36,4,1371.0690000000002
CMD06294,2024-08-22,Youssef El Amrani,Maison,Ventilateur,3,487.11,0.0,Suisse,Magasin,11.0,1,1461.33
CMD06295,2024-01-31,Lucie Martin,Beauté,Rouge à lèvres,5,1581.25,0.25,Suisse,App,12.28,5,5929.6875
CMD06296,2024-12-27,Youssef El Amrani,Mode,Montre,4,693.43,0.25,Espagne,Web,13.38,3,2080.29
CMD06297,2024-07-13,Carlos Gomez,Beauté,Parfum,5,1572.81,0.0,Suisse,App,11.31,5,7864.049999999999
CMD06298,2024-03-21,Emma Rossi,Beauté,Crème visage,1,999.07,0.25,Belgique,Web,7.07,4,749.3025
CMD06299,2024-06-04,Paolo Bianchi,Mode,Veste,3,1261.46,0.0,Belgique,Magasin,13.03,4,3784.38
CMD06300,2024-11-09,Nina Müller,Jouets,Lego,5,1433.64,0.0,Italie,App,1.37,1,7168.200000000001
CMD06301,2024-04-17,Youssef El Amrani,Jouets,Voiture téléguidée,3,1991.6,0.3,Allemagne,Magasin,12.51,5,4182.36
CMD06302,2024-09-06,Lucie Martin,Électronique,Smartphone,1,314.04,0.1,Allemagne,Web,10.0,3,282.636
CMD06303,2024-08-16,Lucie Martin,Mode,Jean,2,990.13,0.0,France,Web,2.93,2,1980.26
CMD06304,2024-01-04,Emma Rossi,Beauté,Rouge à lèvres,2,1126.89,0.1,Espagne,App,14.65,1,2028.4020000000003
CMD06305,2024-10-21,Nina Müller,Maison,Mixeur,3,629.34,0.3,Belgique,Magasin,12.83,3,1321.6139999999998
CMD06306,2024-02-11,Paolo Bianchi,Maison,Mixeur,4,976.24,0.05,Allemagne,Magasin,1.49,4,3709.712
CMD06307,2024-08-07,Ali Benali,Mode,Sac à main,2,1829.77,0.15,Maroc,Magasin,1.55,1,3110.609
CMD06308,2024-09-02,Sarah Moreau,Mode,Montre,3,813.87,0.25,Allemagne,Magasin,9.8,3,1831.2075
CMD06309,2024-05-15,Nina Müller,Mode,Sac à main,4,1008.63,0.05,Suisse,Magasin,7.06,4,3832.794
CMD06310,2024-10-17,Jean Dupont,Mode,Jean,2,1218.66,0.2,Allemagne,App,3.87,3,1949.8560000000002
CMD06311,2024-10-09,Sarah Moreau,Beauté,Parfum,1,171.2,0.3,Maroc,Magasin,10.38,3,119.83999999999999
CMD06312,2024-12-01,Sarah Moreau,Mode,Chaussures,1,1910.66,0.05,Italie,App,1.98,5,1815.127
CMD06313,2024-01-25,Emma Rossi,Jouets,Peluche,5,1531.61,0.25,Allemagne,Magasin,8.77,4,5743.537499999999
CMD06314,2024-04-20,Ali Benali,Électronique,Casque audio,5,511.34,0.3,Allemagne,Web,2.21,1,1789.6899999999998
CMD06315,2024-03-30,Lucie Martin,Jouets,Jeu de société,4,663.79,0.1,Espagne,Web,3.16,4,2389.644
CMD06316,2024-12-16,Lucie Martin,Mode,Sac à main,1,1021.33,0.0,Allemagne,App,5.9,5,1021.33
CMD06317,2024-04-20,Jean Dupont,Maison,Mixeur,5,706.24,0.3,Maroc,Web,10.21,5,2471.8399999999997
CMD06318,2024-11-23,Ali Benali,Sport,Ballon,1,1436.8,0.05,Espagne,Web,12.79,1,1364.9599999999998
CMD06319,2024-08-13,Lucie Martin,Mode,Veste,4,139.76,0.1,Belgique,App,6.93,1,503.13599999999997
CMD06320,2024-11-04,Lucie Martin,Mode,Montre,4,1463.26,0.0,France,App,13.41,5,5853.04
CMD06321,2024-10-10,Youssef El Amrani,Sport,Chaussures de sport,4,1243.1,0.0,Espagne,App,11.65,3,4972.4
CMD06322,2024-04-20,Léa Durand,Maison,Lampadaire,2,772.48,0.25,Espagne,Web,2.64,5,1158.72
CMD06323,2024-10-13,Ali Benali,Jouets,Peluche,5,1424.33,0.1,France,App,11.55,1,6409.485
CMD06324,2024-12-03,Carlos Gomez,Beauté,Sérum,4,1225.13,0.0,Espagne,Magasin,6.9,4,4900.52
CMD06325,2024-04-29,Sarah Moreau,Sport,Chaussures de sport,1,919.78,0.2,France,Web,8.2,1,735.8240000000001
CMD06326,2024-07-05,Ali Benali,Beauté,Crème visage,5,267.2,0.2,Belgique,Magasin,13.49,5,1068.8
CMD06327,2024-10-24,Ali Benali,Maison,Mixeur,4,130.1,0.25,Suisse,Magasin,4.17,3,390.29999999999995
CMD06328,2024-11-09,Jean Dupont,Électronique,Ordinateur portable,2,1566.08,0.25,France,App,3.64,1,2349.12
CMD06329,2024-01-08,Léa Durand,Maison,Aspirateur,2,81.54,0.0,Espagne,Magasin,3.89,4,163.08
CMD06330,2024-09-18,Léa Durand,Jouets,Lego,4,1627.25,0.2,Espagne,Web,5.02,1,5207.200000000001
CMD06331,2024-02-16,Lucie Martin,Mode,Chaussures,3,1166.62,0.0,France,Web,12.44,2,3499.8599999999997
CMD06332,2024-10-24,Nina Müller,Mode,Chaussures,1,1378.12,0.05,Espagne,App,0.52,4,1309.214
CMD06333,2024-09-28,Youssef El Amrani,Jouets,Voiture téléguidée,2,299.14,0.15,Allemagne,App,12.55,4,508.53799999999995
CMD06334,2024-09-16,Lucie Martin,Maison,Mixeur,4,198.36,0.1,Maroc,Magasin,10.92,3,714.0960000000001
CMD06335,2024-08-26,Youssef El Amrani,Beauté,Shampoing,1,1508.62,0.1,Maroc,App,9.58,1,1357.758
CMD06336,2024-02-23,Nina Müller,Électronique,Tablette,3,533.44,0.0,Italie,Web,2.55,2,1600.3200000000002
CMD06337,2024-03-22,Paolo Bianchi,Beauté,Sérum,2,399.28,0.15,Italie,App,12.15,3,678.776
CMD06338,2024-10-20,Ali Benali,Maison,Aspirateur,5,1579.67,0.15,Belgique,Web,0.71,3,6713.5975
CMD06339,2024-10-23,Paolo Bianchi,Beauté,Shampoing,4,1687.43,0.2,Allemagne,App,0.13,3,5399.776000000001
CMD06340,2024-11-28,Youssef El Amrani,Électronique,Casque audio,4,651.93,0.2,Maroc,Magasin,13.55,1,2086.176
CMD06341,2024-05-26,Sarah Moreau,Mode,Chaussures,4,186.22,0.05,Espagne,Magasin,3.53,1,707.636
CMD06342,2024-07-31,Ali Benali,Maison,Mixeur,2,272.13,0.2,France,App,1.09,2,435.408
CMD06343,2024-10-30,Sarah Moreau,Maison,Ventilateur,1,718.32,0.2,Allemagne,Web,7.97,3,574.6560000000001
CMD06344,2024-08-16,Emma Rossi,Mode,Veste,3,604.95,0.15,Maroc,App,12.61,4,1542.6225000000002
CMD06345,2024-08-07,Carlos Gomez,Sport,Tapis de course,1,630.04,0.05,Allemagne,Magasin,0.51,2,598.5379999999999
CMD06346,2024-06-20,Paolo Bianchi,Beauté,Crème visage,3,935.62,0.2,France,App,8.2,4,2245.4880000000003
CMD06347,2024-02-19,Youssef El Amrani,Sport,Chaussures de sport,1,886.05,0.05,Belgique,Web,3.47,1,841.7475
CMD06348,2024-01-17,Ali Benali,Mode,Veste,1,1846.76,0.1,France,App,11.26,5,1662.084
CMD06349,2024-09-21,Emma Rossi,Sport,Raquette,5,1059.83,0.1,Maroc,Web,7.82,5,4769.235
CMD06350,2024-11-17,Youssef El Amrani,Jouets,Jeu de société,2,577.16,0.1,Maroc,Web,9.98,3,1038.888
CMD06351,2024-08-16,Nina Müller,Électronique,Tablette,5,951.91,0.1,Espagne,Magasin,2.76,4,4283.595
CMD06352,2024-03-24,Ali Benali,Sport,Tapis de course,3,302.97,0.15,Belgique,Web,14.17,4,772.5735000000001
CMD06353,2024-10-26,Emma Rossi,Jouets,Puzzle,3,770.41,0.0,Suisse,Magasin,7.44,3,2311.23
CMD06354,2024-09-02,Jean Dupont,Jouets,Peluche,1,1149.81,0.15,Allemagne,Magasin,1.89,4,977.3385
CMD06355,2024-01-31,Ali Benali,Maison,Machine à café,5,1600.54,0.25,Suisse,App,7.21,2,6002.025
CMD06356,2024-03-09,Léa Durand,Beauté,Shampoing,2,1124.78,0.1,France,Magasin,2.71,3,2024.604
CMD06357,2024-07-27,Carlos Gomez,Sport,Vélo,1,1278.79,0.3,Italie,Web,6.32,5,895.1529999999999
CMD06358,2024-08-23,Emma Rossi,Mode,Veste,3,1239.28,0.05,Belgique,Magasin,6.54,2,3531.948
CMD06359,2024-02-12,Jean Dupont,Électronique,Ordinateur portable,2,593.39,0.0,Allemagne,App,1.0,1,1186.78
CMD06360,2024-03-14,Carlos Gomez,Maison,Machine à café,2,959.64,0.15,Italie,Web,4.53,2,1631.388
CMD06361,2024-07-29,Emma Rossi,Sport,Tapis de course,1,1965.39,0.25,Belgique,App,7.95,2,1474.0425
CMD06362,2024-09-18,Sarah Moreau,Sport,Tapis de course,4,803.77,0.2,Espagne,Magasin,1.2,1,2572.0640000000003
CMD06363,2024-09-27,Paolo Bianchi,Mode,Jean,5,1023.21,0.25,Maroc,Magasin,1.43,4,3837.0375000000004
CMD06364,2024-11-19,Ali Benali,Électronique,Tablette,5,1971.52,0.3,Allemagne,Web,9.74,2,6900.32
CMD06365,2024-07-16,Paolo Bianchi,Électronique,TV 4K,4,1730.39,0.1,Maroc,Magasin,6.36,5,6229.404
CMD06366,2024-11-14,Youssef El Amrani,Jouets,Voiture téléguidée,2,1994.87,0.0,Suisse,App,10.45,3,3989.74
CMD06367,2024-04-04,Ali Benali,Jouets,Lego,1,557.16,0.1,Allemagne,Magasin,1.42,2,501.44399999999996
CMD06368,2024-10-13,Léa Durand,Sport,Tapis de course,4,1078.8,0.0,Maroc,Web,11.07,1,4315.2
CMD06369,2024-11-27,Ali Benali,Jouets,Voiture téléguidée,2,1966.01,0.3,France,Web,13.03,4,2752.4139999999998
CMD06370,2024-04-04,Léa Durand,Électronique,TV 4K,3,1412.67,0.15,Suisse,App,4.08,2,3602.3085
CMD06371,2024-01-19,Youssef El Amrani,Maison,Aspirateur,2,112.71,0.25,Allemagne,Magasin,6.75,4,169.065
CMD06372,2024-08-13,Paolo Bianchi,Sport,Ballon,4,1180.73,0.0,France,App,4.16,1,4722.92
CMD06373,2024-11-19,Léa Durand,Mode,Montre,5,77.3,0.2,Suisse,Web,10.16,2,309.20000000000005
CMD06374,2024-11-20,Ali Benali,Sport,Tapis de course,4,581.39,0.15,Espagne,Web,13.67,2,1976.7259999999999
CMD06375,2024-06-17,Emma Rossi,Électronique,Smartphone,5,615.04,0.05,Espagne,Magasin,7.31,3,2921.4399999999996
CMD06376,2024-04-15,Sarah Moreau,Beauté,Parfum,2,1623.92,0.05,Italie,Web,8.92,1,3085.448
CMD06377,2024-11-12,Youssef El Amrani,Beauté,Sérum,1,896.89,0.05,Maroc,Web,10.61,2,852.0455
CMD06378,2024-07-10,Léa Durand,Maison,Aspirateur,4,748.48,0.0,Maroc,Magasin,12.32,3,2993.92
CMD06379,2024-02-14,Youssef El Amrani,Maison,Mixeur,3,1389.25,0.15,Belgique,App,12.77,1,3542.5875
CMD06380,2024-05-05,Lucie Martin,Maison,Aspirateur,5,586.55,0.15,Suisse,Web,7.7,1,2492.8375
CMD06381,2024-04-07,Nina Müller,Jouets,Puzzle,3,1560.91,0.3,Espagne,App,6.24,4,3277.911
CMD06382,2024-11-13,Léa Durand,Sport,Tapis de course,5,997.04,0.1,Belgique,Web,10.15,4,4486.68
CMD06383,2024-04-30,Nina Müller,Beauté,Crème visage,1,132.77,0.1,Suisse,Magasin,5.85,4,119.49300000000001
CMD06384,2024-05-11,Nina Müller,Sport,Ballon,4,661.37,0.0,Allemagne,Web,6.05,4,2645.48
CMD06385,2024-08-30,Paolo Bianchi,Sport,Ballon,1,204.97,0.0,Italie,Web,2.13,3,204.97
CMD06386,2024-07-08,Jean Dupont,Mode,Jean,2,779.54,0.0,Italie,Magasin,10.36,4,1559.08
CMD06387,2024-05-07,Ali Benali,Maison,Aspirateur,5,1879.69,0.2,Espagne,App,8.07,2,7518.760000000001
CMD06388,2024-10-24,Nina Müller,Sport,Chaussures de sport,4,1243.76,0.0,Maroc,Magasin,12.29,5,4975.04
CMD06389,2024-02-28,Jean Dupont,Mode,Jean,2,1798.17,0.2,Espagne,Magasin,9.89,2,2877.072
CMD06390,2024-01-05,Nina Müller,Mode,Montre,4,1619.78,0.1,Suisse,App,2.29,1,5831.208
CMD06391,2024-07-07,Paolo Bianchi,Électronique,Ordinateur portable,2,1351.26,0.0,Belgique,App,7.07,4,2702.52
CMD06392,2024-05-12,Lucie Martin,Maison,Machine à café,4,148.77,0.3,Belgique,App,5.4,2,416.556
CMD06393,2024-08-10,Nina Müller,Mode,Jean,4,1388.25,0.2,Belgique,App,4.21,4,4442.400000000001
CMD06394,2024-07-09,Sarah Moreau,Beauté,Shampoing,4,1021.0,0.3,Allemagne,Web,1.48,4,2858.7999999999997
CMD06395,2024-11-25,Youssef El Amrani,Maison,Aspirateur,1,698.86,0.3,Allemagne,Magasin,12.57,4,489.202
CMD06396,2024-01-15,Sarah Moreau,Mode,Montre,4,1686.23,0.2,France,Magasin,14.94,3,5395.936000000001
CMD06397,2024-02-26,Léa Durand,Mode,Veste,4,465.33,0.2,Suisse,App,11.35,3,1489.056
CMD06398,2024-11-22,Nina Müller,Sport,Raquette,3,1698.96,0.05,Belgique,Web,9.81,1,4842.036
CMD06399,2024-05-05,Emma Rossi,Sport,Ballon,2,1728.08,0.0,France,Magasin,0.4,3,3456.16
CMD06400,2024-02-10,Sarah Moreau,Maison,Ventilateur,2,278.05,0.3,Espagne,App,2.48,5,389.27
CMD06401,2024-06-29,Ali Benali,Jouets,Lego,3,683.6,0.1,Allemagne,App,13.4,2,1845.7200000000003
CMD06402,2024-08-21,Carlos Gomez,Beauté,Rouge à lèvres,4,749.38,0.15,Suisse,Web,0.75,4,2547.892
CMD06403,2024-12-29,Paolo Bianchi,Sport,Raquette,5,991.04,0.05,Suisse,Web,12.35,3,4707.44
CMD06404,2024-11-02,Lucie Martin,Sport,Ballon,1,487.1,0.25,Suisse,App,0.94,1,365.32500000000005
CMD06405,2024-07-07,Léa Durand,Mode,Sac à main,2,161.2,0.15,Maroc,Web,0.73,2,274.03999999999996
CMD06406,2024-04-16,Paolo Bianchi,Mode,Chaussures,3,748.23,0.05,Suisse,Magasin,12.82,4,2132.4555
CMD06407,2024-10-29,Carlos Gomez,Maison,Mixeur,2,1186.15,0.2,Allemagne,Web,6.26,2,1897.8400000000001
CMD06408,2024-03-27,Carlos Gomez,Jouets,Peluche,2,66.39,0.0,Italie,Magasin,3.34,1,132.78
CMD06409,2024-10-15,Carlos Gomez,Mode,Sac à main,3,539.65,0.15,Suisse,Web,13.58,1,1376.1074999999998
CMD06410,2024-08-26,Carlos Gomez,Électronique,TV 4K,2,640.08,0.15,Italie,Magasin,10.02,4,1088.136
CMD06411,2024-07-04,Jean Dupont,Sport,Chaussures de sport,1,339.54,0.2,Allemagne,App,10.87,2,271.632
CMD06412,2024-05-21,Ali Benali,Jouets,Lego,3,607.18,0.25,Maroc,Magasin,7.51,3,1366.155
CMD06413,2024-10-30,Emma Rossi,Sport,Vélo,2,1074.22,0.25,France,Web,14.47,2,1611.33
CMD06414,2024-02-29,Sarah Moreau,Mode,Jean,4,1966.15,0.25,France,Magasin,9.53,1,5898.450000000001
CMD06415,2024-06-30,Lucie Martin,Sport,Ballon,2,534.45,0.05,Espagne,App,1.57,5,1015.455
CMD06416,2024-06-19,Paolo Bianchi,Électronique,Casque audio,4,1770.55,0.0,Belgique,App,4.61,1,7082.2
CMD06417,2024-11-28,Léa Durand,Mode,Montre,4,1653.47,0.1,Maroc,Magasin,6.16,3,5952.492
CMD06418,2024-05-27,Emma Rossi,Sport,Raquette,1,1516.04,0.0,Espagne,Magasin,14.83,2,1516.04
CMD06419,2024-01-04,Jean Dupont,Maison,Aspirateur,2,606.39,0.3,Espagne,App,10.03,1,848.9459999999999
CMD06420,2024-10-06,Paolo Bianchi,Mode,Sac à main,1,1608.61,0.25,Maroc,Magasin,1.45,3,1206.4575
CMD06421,2024-07-22,Nina Müller,Maison,Aspirateur,1,1029.29,0.05,Suisse,Web,12.38,4,977.8254999999999
CMD06422,2024-09-13,Nina Müller,Beauté,Shampoing,2,212.39,0.15,Italie,Magasin,11.09,3,361.063
CMD06423,2024-02-10,Sarah Moreau,Sport,Ballon,5,765.96,0.3,Italie,Magasin,5.59,3,2680.86
CMD06424,2024-07-08,Léa Durand,Beauté,Sérum,5,1599.88,0.2,Italie,Magasin,6.74,3,6399.52
CMD06425,2024-03-01,Léa Durand,Sport,Chaussures de sport,1,1379.09,0.0,Suisse,Magasin,10.78,4,1379.09
CMD06426,2024-06-30,Jean Dupont,Jouets,Puzzle,5,451.42,0.3,Allemagne,Magasin,1.85,2,1579.9699999999998
CMD06427,2024-04-07,Sarah Moreau,Beauté,Rouge à lèvres,1,536.26,0.15,Maroc,App,7.4,3,455.82099999999997
CMD06428,2024-09-08,Ali Benali,Jouets,Peluche,1,944.28,0.0,Allemagne,Magasin,3.23,5,944.28
CMD06429,2024-12-13,Nina Müller,Beauté,Shampoing,3,959.96,0.1,Suisse,App,10.29,3,2591.8920000000003
CMD06430,2024-11-01,Jean Dupont,Maison,Mixeur,3,398.61,0.0,Maroc,Web,5.91,3,1195.83
CMD06431,2024-11-28,Nina Müller,Beauté,Crème visage,1,1694.69,0.05,France,Magasin,13.86,2,1609.9555
CMD06432,2024-08-31,Paolo Bianchi,Maison,Mixeur,4,632.8,0.25,France,App,13.8,2,1898.3999999999999
CMD06433,2024-02-26,Emma Rossi,Sport,Ballon,1,1429.87,0.2,Italie,Magasin,6.63,1,1143.896
CMD06434,2024-01-26,Emma Rossi,Sport,Ballon,5,1887.77,0.3,Espagne,Magasin,1.03,3,6607.195
CMD06435,2024-02-09,Ali Benali,Beauté,Rouge à lèvres,1,1207.32,0.25,Maroc,Magasin,4.33,4,905.49
CMD06436,2024-03-25,Emma Rossi,Maison,Ventilateur,4,675.48,0.0,Maroc,App,3.58,3,2701.92
CMD06437,2024-05-14,Jean Dupont,Électronique,Tablette,1,136.93,0.1,Maroc,Magasin,10.84,2,123.23700000000001
CMD06438,2024-10-28,Carlos Gomez,Beauté,Sérum,2,314.87,0.3,Belgique,Web,7.8,4,440.818
CMD06439,2024-04-11,Léa Durand,Mode,Chaussures,1,541.25,0.2,Belgique,App,9.36,4,433.0
CMD06440,2024-08-24,Lucie Martin,Mode,Sac à main,5,1970.12,0.0,Maroc,Magasin,7.26,2,9850.599999999999
CMD06441,2024-12-11,Ali Benali,Jouets,Lego,5,513.77,0.25,Italie,Web,13.66,2,1926.6374999999998
CMD06442,2024-01-10,Emma Rossi,Maison,Mixeur,4,761.53,0.0,Belgique,App,11.92,3,3046.12
CMD06443,2024-02-27,Lucie Martin,Maison,Lampadaire,3,113.3,0.15,Suisse,Web,5.36,5,288.91499999999996
CMD06444,2024-05-24,Lucie Martin,Électronique,Smartphone,4,1704.64,0.15,Suisse,App,9.59,5,5795.776
CMD06445,2024-12-23,Léa Durand,Jouets,Puzzle,5,865.87,0.1,Espagne,App,6.96,4,3896.4150000000004
CMD06446,2024-06-12,Carlos Gomez,Beauté,Rouge à lèvres,4,1473.74,0.1,Espagne,Magasin,14.15,2,5305.464
CMD06447,2024-11-15,Youssef El Amrani,Électronique,Tablette,5,442.91,0.2,Espagne,Web,4.69,4,1771.6400000000003
CMD06448,2024-06-30,Youssef El Amrani,Beauté,Crème visage,2,1090.6,0.15,Suisse,Magasin,14.29,1,1854.0199999999998
CMD06449,2024-08-23,Carlos Gomez,Jouets,Lego,2,1634.02,0.0,Espagne,App,11.84,1,3268.04
CMD06450,2024-11-22,Paolo Bianchi,Mode,Veste,3,817.92,0.05,Allemagne,App,0.45,5,2331.0719999999997
CMD06451,2024-02-08,Sarah Moreau,Mode,Chaussures,3,1109.23,0.3,France,Magasin,13.8,5,2329.383
CMD06452,2024-05-22,Emma Rossi,Sport,Ballon,4,199.93,0.1,Belgique,Magasin,9.78,1,719.748
CMD06453,2024-05-13,Emma Rossi,Jouets,Puzzle,3,1424.55,0.2,France,Magasin,4.39,4,3418.92
CMD06454,2024-05-25,Lucie Martin,Mode,Montre,4,107.45,0.3,Maroc,Magasin,10.95,1,300.86
CMD06455,2024-12-15,Lucie Martin,Maison,Mixeur,4,1956.52,0.15,Espagne,Magasin,2.89,3,6652.168
CMD06456,2024-09-14,Léa Durand,Électronique,TV 4K,2,1711.88,0.3,Belgique,App,1.35,4,2396.632
CMD06457,2024-10-27,Carlos Gomez,Sport,Chaussures de sport,1,1947.61,0.25,Espagne,Magasin,7.86,4,1460.7075
CMD06458,2024-05-21,Jean Dupont,Beauté,Sérum,5,1393.16,0.3,Italie,App,10.84,2,4876.0599999999995
CMD06459,2024-02-08,Youssef El Amrani,Maison,Lampadaire,1,781.28,0.2,Suisse,App,14.22,2,625.024
CMD06460,2024-12-26,Emma Rossi,Électronique,Casque audio,1,1733.3,0.25,Maroc,Magasin,13.36,2,1299.975
CMD06461,2024-07-01,Emma Rossi,Électronique,Ordinateur portable,3,1436.86,0.2,France,Magasin,9.54,3,3448.464
CMD06462,2024-11-06,Carlos Gomez,Maison,Lampadaire,2,181.94,0.15,Allemagne,Web,12.59,4,309.298
CMD06463,2024-07-05,Ali Benali,Beauté,Crème visage,3,1544.35,0.2,France,App,10.55,3,3706.4399999999996
CMD06464,2024-09-16,Carlos Gomez,Électronique,Tablette,3,229.09,0.1,France,Web,5.64,1,618.543
CMD06465,2024-05-15,Paolo Bianchi,Jouets,Jeu de société,2,274.48,0.15,Maroc,Magasin,6.59,1,466.61600000000004
CMD06466,2024-09-29,Carlos Gomez,Beauté,Rouge à lèvres,5,23.6,0.1,Italie,Magasin,4.17,5,106.2
CMD06467,2024-04-01,Léa Durand,Beauté,Crème visage,5,1189.67,0.3,France,Web,9.7,1,4163.845
CMD06468,2024-12-27,Nina Müller,Électronique,Tablette,4,1068.96,0.0,Allemagne,Magasin,6.04,4,4275.84
CMD06469,2024-12-22,Nina Müller,Électronique,Smartphone,3,1773.25,0.2,Suisse,Magasin,1.14,5,4255.8
CMD06470,2024-06-30,Youssef El Amrani,Maison,Aspirateur,4,648.57,0.25,Espagne,Magasin,12.14,3,1945.71
CMD06471,2024-03-16,Paolo Bianchi,Maison,Lampadaire,1,414.61,0.25,France,Web,12.26,1,310.9575
CMD06472,2024-05-19,Nina Müller,Sport,Chaussures de sport,1,944.12,0.05,Suisse,App,2.91,4,896.914
CMD06473,2024-12-01,Jean Dupont,Beauté,Rouge à lèvres,4,1452.7,0.2,Italie,Web,10.04,3,4648.64
CMD06474,2024-09-19,Paolo Bianchi,Maison,Mixeur,5,1049.1,0.25,Maroc,Web,9.54,5,3934.125
CMD06475,2024-10-04,Carlos Gomez,Jouets,Jeu de société,2,130.3,0.25,Belgique,Web,9.83,5,195.45000000000002
CMD06476,2024-04-18,Lucie Martin,Mode,Jean,1,365.5,0.25,France,Magasin,11.5,4,274.125
CMD06477,2024-09-08,Youssef El Amrani,Électronique,Tablette,5,1907.46,0.2,Belgique,App,3.74,3,7629.84
CMD06478,2024-09-18,Carlos Gomez,Beauté,Parfum,4,999.43,0.25,Suisse,App,6.08,4,2998.29
CMD06479,2024-06-17,Emma Rossi,Jouets,Peluche,2,772.71,0.3,France,Web,14.56,4,1081.7939999999999
CMD06480,2024-03-29,Emma Rossi,Électronique,Smartphone,4,1359.9,0.05,Espagne,Web,5.66,5,5167.62
CMD06481,2024-12-06,Ali Benali,Jouets,Voiture téléguidée,5,300.21,0.2,Maroc,App,7.08,2,1200.84
CMD06482,2024-09-14,Carlos Gomez,Mode,Jean,3,541.52,0.05,France,Web,13.0,3,1543.3319999999999
CMD06483,2024-01-21,Ali Benali,Beauté,Crème visage,4,211.32,0.25,Espagne,Web,8.43,5,633.96
CMD06484,2024-05-20,Ali Benali,Jouets,Lego,2,186.27,0.0,Espagne,App,5.1,3,372.54
CMD06485,2024-03-30,Ali Benali,Jouets,Puzzle,4,927.65,0.25,France,App,6.32,2,2782.95
CMD06486,2024-11-06,Youssef El Amrani,Électronique,Tablette,1,47.76,0.0,Allemagne,App,13.56,3,47.76
CMD06487,2024-09-25,Carlos Gomez,Sport,Raquette,1,196.18,0.15,Maroc,App,11.55,3,166.75300000000001
CMD06488,2024-07-27,Youssef El Amrani,Mode,Jean,4,1546.23,0.0,Maroc,App,12.09,5,6184.92
CMD06489,2024-09-26,Lucie Martin,Électronique,TV 4K,5,1716.25,0.2,France,Magasin,8.54,3,6865.0
CMD06490,2024-01-12,Paolo Bianchi,Sport,Tapis de course,5,228.63,0.3,France,App,12.45,3,800.205
CMD06491,2024-07-13,Ali Benali,Électronique,TV 4K,5,203.4,0.05,Suisse,Magasin,2.97,2,966.15
CMD06492,2024-06-25,Paolo Bianchi,Électronique,Ordinateur portable,1,943.43,0.0,France,App,2.57,5,943.43
CMD06493,2024-01-28,Emma Rossi,Maison,Aspirateur,3,282.24,0.1,Belgique,App,4.75,3,762.048
CMD06494,2024-05-11,Jean Dupont,Maison,Mixeur,2,906.96,0.25,France,Magasin,12.21,1,1360.44
CMD06495,2024-01-18,Ali Benali,Électronique,Tablette,4,868.36,0.0,Maroc,Web,13.08,4,3473.44
CMD06496,2024-01-20,Emma Rossi,Mode,Chaussures,3,552.38,0.0,Espagne,App,11.05,5,1657.1399999999999
CMD06497,2024-06-28,Lucie Martin,Mode,Montre,3,62.41,0.1,Suisse,Magasin,9.49,1,168.507
CMD06498,2024-05-14,Emma Rossi,Maison,Aspirateur,4,353.32,0.25,France,Web,10.35,2,1059.96
CMD06499,2024-06-13,Youssef El Amrani,Électronique,Ordinateur portable,5,1099.18,0.15,Suisse,App,2.81,4,4671.515
CMD06500,2024-09-05,Léa Durand,Maison,Lampadaire,1,1998.36,0.0,Allemagne,Web,4.21,2,1998.36
CMD06501,2024-03-08,Ali Benali,Beauté,Crème visage,3,1916.02,0.15,Espagne,Magasin,10.46,3,4885.851
CMD06502,2024-03-19,Jean Dupont,Mode,Veste,5,1438.96,0.2,Maroc,Web,14.02,5,5755.84
CMD06503,2024-09-01,Sarah Moreau,Maison,Aspirateur,1,363.63,0.2,Italie,App,13.92,5,290.904
CMD06504,2024-08-02,Nina Müller,Mode,Sac à main,2,1769.49,0.25,Allemagne,Web,4.09,4,2654.235
CMD06505,2024-10-27,Sarah Moreau,Mode,Jean,2,736.38,0.2,Belgique,Magasin,2.82,5,1178.208
CMD06506,2024-10-20,Emma Rossi,Beauté,Parfum,2,740.17,0.05,Belgique,Magasin,4.5,4,1406.3229999999999
CMD06507,2024-08-09,Jean Dupont,Maison,Mixeur,1,1822.48,0.0,Italie,App,9.39,1,1822.48
CMD06508,2024-08-11,Nina Müller,Sport,Vélo,3,382.92,0.05,Suisse,App,5.27,1,1091.322
CMD06509,2024-05-22,Emma Rossi,Jouets,Puzzle,5,608.89,0.25,Belgique,App,11.75,4,2283.3374999999996
CMD06510,2024-09-05,Emma Rossi,Électronique,Tablette,5,144.44,0.3,Belgique,App,2.52,1,505.54
CMD06511,2024-01-13,Carlos Gomez,Mode,Sac à main,5,991.67,0.05,Espagne,Web,0.26,3,4710.432499999999
CMD06512,2024-11-18,Emma Rossi,Sport,Raquette,4,1474.45,0.25,Italie,App,8.49,3,4423.35
CMD06513,2024-04-15,Jean Dupont,Jouets,Jeu de société,1,611.26,0.3,France,Web,7.72,4,427.88199999999995
CMD06514,2024-09-05,Ali Benali,Mode,Jean,4,268.53,0.2,Espagne,Web,13.51,4,859.2959999999999
CMD06515,2024-06-04,Lucie Martin,Électronique,Ordinateur portable,5,1668.24,0.3,Suisse,App,13.9,2,5838.84
CMD06516,2024-09-15,Jean Dupont,Mode,Veste,2,413.55,0.05,Italie,Web,7.11,1,785.745
CMD06517,2024-09-22,Paolo Bianchi,Maison,Aspirateur,3,673.99,0.2,Belgique,Web,4.23,1,1617.576
CMD06518,2024-04-19,Carlos Gomez,Maison,Ventilateur,1,185.4,0.2,Espagne,App,5.86,2,148.32000000000002
CMD06519,2024-08-20,Sarah Moreau,Maison,Aspirateur,2,1650.94,0.05,Italie,App,11.54,5,3136.786
CMD06520,2024-07-28,Jean Dupont,Mode,Sac à main,5,821.31,0.3,Italie,Magasin,10.53,5,2874.584999999999
CMD06521,2024-08-09,Emma Rossi,Sport,Raquette,3,1101.36,0.05,Belgique,Web,14.47,4,3138.8759999999997
CMD06522,2024-01-06,Paolo Bianchi,Beauté,Parfum,4,136.78,0.0,Suisse,Web,4.16,3,547.12
CMD06523,2024-02-17,Lucie Martin,Mode,Jean,3,877.18,0.0,Belgique,Web,2.52,2,2631.54
CMD06524,2024-06-24,Sarah Moreau,Mode,Chaussures,1,1663.72,0.3,Allemagne,Web,13.51,5,1164.604
CMD06525,2024-10-30,Sarah Moreau,Jouets,Puzzle,4,1144.72,0.25,Espagne,Magasin,3.95,4,3434.16
CMD06526,2024-09-19,Nina Müller,Électronique,Tablette,3,927.92,0.25,Belgique,App,1.3,2,2087.8199999999997
CMD06527,2024-01-19,Léa Durand,Mode,Jean,4,429.14,0.3,Espagne,Magasin,0.46,4,1201.5919999999999
CMD06528,2024-07-24,Emma Rossi,Maison,Mixeur,2,294.04,0.05,Allemagne,App,7.2,1,558.676
CMD06529,2024-06-08,Jean Dupont,Maison,Machine à café,3,104.6,0.2,Belgique,Web,7.16,1,251.03999999999996
CMD06530,2024-07-09,Nina Müller,Électronique,Casque audio,4,1311.39,0.2,France,App,11.6,4,4196.448
CMD06531,2024-11-21,Paolo Bianchi,Mode,Veste,1,186.16,0.0,Belgique,Web,13.26,5,186.16
CMD06532,2024-01-03,Léa Durand,Maison,Machine à café,2,1242.9,0.3,France,App,0.64,3,1740.06
CMD06533,2024-03-01,Emma Rossi,Sport,Tapis de course,4,566.45,0.0,Espagne,Web,2.62,5,2265.8
CMD06534,2024-03-18,Léa Durand,Maison,Aspirateur,1,1031.56,0.1,Maroc,Magasin,0.19,1,928.404
CMD06535,2024-11-27,Jean Dupont,Sport,Raquette,4,885.96,0.15,Allemagne,App,13.1,3,3012.264
CMD06536,2024-06-06,Youssef El Amrani,Électronique,Ordinateur portable,2,1726.84,0.15,Italie,Magasin,7.54,1,2935.6279999999997
CMD06537,2024-08-31,Carlos Gomez,Maison,Machine à café,5,1552.87,0.25,Belgique,Magasin,6.99,2,5823.2625
CMD06538,2024-11-18,Carlos Gomez,Beauté,Parfum,4,1475.88,0.3,Maroc,Magasin,10.98,5,4132.464
CMD06539,2024-05-11,Carlos Gomez,Électronique,Smartphone,5,210.15,0.1,Allemagne,Web,8.22,4,945.6750000000001
CMD06540,2024-04-22,Youssef El Amrani,Beauté,Shampoing,1,197.78,0.05,Italie,App,14.71,2,187.891
CMD06541,2024-05-10,Ali Benali,Jouets,Peluche,5,762.8,0.1,Maroc,App,7.28,5,3432.6
CMD06542,2024-02-11,Lucie Martin,Mode,Jean,3,1978.94,0.1,France,App,12.4,1,5343.138
CMD06543,2024-04-15,Paolo Bianchi,Beauté,Shampoing,3,396.31,0.25,France,App,5.15,3,891.6975
CMD06544,2024-11-29,Paolo Bianchi,Sport,Ballon,2,714.58,0.1,Italie,App,1.78,5,1286.2440000000001
CMD06545,2024-11-19,Lucie Martin,Beauté,Sérum,2,25.84,0.15,Italie,App,11.99,1,43.928
CMD06546,2024-10-21,Paolo Bianchi,Sport,Chaussures de sport,4,1946.63,0.1,Italie,App,10.59,1,7007.868
CMD06547,2024-12-14,Léa Durand,Beauté,Parfum,2,1418.96,0.25,Italie,Web,3.72,2,2128.44
CMD06548,2024-03-27,Lucie Martin,Mode,Sac à main,3,1395.32,0.15,Belgique,App,2.37,3,3558.066
CMD06549,2024-01-10,Léa Durand,Sport,Ballon,5,227.88,0.1,Allemagne,App,5.89,3,1025.46
CMD06550,2024-06-23,Youssef El Amrani,Jouets,Voiture téléguidée,4,115.02,0.05,Italie,Web,10.48,5,437.07599999999996
CMD06551,2024-07-08,Sarah Moreau,Maison,Ventilateur,5,1635.36,0.25,Italie,Magasin,6.22,3,6132.599999999999
CMD06552,2024-02-27,Nina Müller,Jouets,Voiture téléguidée,1,717.54,0.25,France,App,4.43,4,538.155
CMD06553,2024-03-26,Youssef El Amrani,Électronique,TV 4K,3,280.48,0.3,Italie,App,7.77,4,589.008
CMD06554,2024-10-28,Nina Müller,Sport,Chaussures de sport,1,211.25,0.15,Maroc,App,6.16,1,179.5625
CMD06555,2024-07-21,Paolo Bianchi,Jouets,Voiture téléguidée,1,1027.1,0.25,France,Web,2.82,3,770.3249999999999
CMD06556,2024-10-23,Ali Benali,Beauté,Sérum,5,522.53,0.2,Italie,Web,11.64,3,2090.12
CMD06557,2024-07-25,Sarah Moreau,Maison,Aspirateur,3,1813.11,0.05,Suisse,Magasin,6.9,1,5167.3634999999995
CMD06558,2024-08-19,Emma Rossi,Sport,Chaussures de sport,4,1160.39,0.1,Belgique,Web,5.24,4,4177.404
CMD06559,2024-07-11,Nina Müller,Mode,Jean,3,479.53,0.25,Italie,Magasin,14.3,5,1078.9424999999999
CMD06560,2024-09-20,Carlos Gomez,Maison,Mixeur,3,805.86,0.15,Allemagne,Magasin,6.52,3,2054.9429999999998
CMD06561,2024-01-26,Sarah Moreau,Beauté,Rouge à lèvres,5,1286.22,0.15,Allemagne,Web,10.48,5,5466.435
CMD06562,2024-05-23,Léa Durand,Beauté,Rouge à lèvres,3,1211.19,0.0,Allemagne,Magasin,9.24,1,3633.57
CMD06563,2024-09-01,Jean Dupont,Maison,Aspirateur,5,1436.25,0.25,Allemagne,Magasin,11.96,4,5385.9375
CMD06564,2024-09-15,Lucie Martin,Mode,Montre,4,374.56,0.0,France,App,1.29,4,1498.24
CMD06565,2024-08-04,Ali Benali,Maison,Mixeur,4,1158.23,0.15,Maroc,Web,6.37,5,3937.982
CMD06566,2024-11-30,Emma Rossi,Maison,Lampadaire,1,124.88,0.0,Italie,Web,4.45,1,124.88
CMD06567,2024-05-23,Ali Benali,Beauté,Rouge à lèvres,4,591.03,0.15,Belgique,App,1.34,2,2009.502
CMD06568,2024-07-12,Paolo Bianchi,Beauté,Rouge à lèvres,4,1839.29,0.2,Maroc,Magasin,1.54,2,5885.728
CMD06569,2024-03-20,Léa Durand,Mode,Veste,1,517.42,0.1,Allemagne,Web,12.26,4,465.678
CMD06570,2024-07-04,Carlos Gomez,Mode,Montre,1,861.78,0.05,Suisse,Magasin,10.6,4,818.6909999999999
CMD06571,2024-02-13,Paolo Bianchi,Maison,Aspirateur,3,214.82,0.05,Belgique,Magasin,3.29,5,612.237
CMD06572,2024-02-08,Youssef El Amrani,Mode,Jean,4,224.48,0.15,France,App,8.41,3,763.232
CMD06573,2024-12-24,Carlos Gomez,Sport,Raquette,1,689.25,0.3,Suisse,Magasin,9.9,2,482.47499999999997
CMD06574,2024-10-10,Lucie Martin,Maison,Ventilateur,3,810.79,0.3,France,Web,3.62,3,1702.6589999999999
CMD06575,2024-04-20,Nina Müller,Mode,Sac à main,4,869.93,0.0,Maroc,Magasin,1.76,5,3479.72
CMD06576,2024-11-12,Léa Durand,Mode,Montre,1,682.9,0.2,Italie,Magasin,14.57,4,546.32
CMD06577,2024-11-05,Lucie Martin,Beauté,Crème visage,3,1032.7,0.15,France,App,6.8,2,2633.385
CMD06578,2024-12-13,Youssef El Amrani,Beauté,Crème visage,1,199.19,0.15,Suisse,Magasin,14.29,2,169.3115
CMD06579,2024-09-28,Sarah Moreau,Jouets,Peluche,4,192.15,0.0,France,Magasin,5.06,4,768.6
CMD06580,2024-08-26,Sarah Moreau,Jouets,Voiture téléguidée,1,764.54,0.1,Espagne,Magasin,1.28,3,688.086
CMD06581,2024-05-21,Léa Durand,Mode,Jean,3,1190.24,0.0,Italie,App,4.43,5,3570.7200000000003
CMD06582,2024-04-03,Youssef El Amrani,Maison,Lampadaire,3,1601.19,0.1,Espagne,Web,3.27,4,4323.213
CMD06583,2024-05-15,Lucie Martin,Sport,Ballon,1,789.18,0.15,Belgique,App,3.9,5,670.8029999999999
CMD06584,2024-02-07,Léa Durand,Sport,Chaussures de sport,5,1227.8,0.2,Belgique,Web,6.42,4,4911.2
CMD06585,2024-01-17,Sarah Moreau,Jouets,Puzzle,3,787.43,0.1,Suisse,App,3.52,1,2126.061
CMD06586,2024-04-22,Paolo Bianchi,Jouets,Lego,2,1694.38,0.05,Maroc,Web,10.0,3,3219.322
CMD06587,2024-06-21,Sarah Moreau,Mode,Veste,2,1932.13,0.2,Allemagne,Magasin,12.62,1,3091.4080000000004
CMD06588,2024-10-07,Nina Müller,Jouets,Puzzle,1,189.75,0.3,Belgique,App,13.0,2,132.825
CMD06589,2024-04-03,Sarah Moreau,Beauté,Shampoing,3,916.62,0.2,Suisse,App,5.93,3,2199.8880000000004
CMD06590,2024-11-07,Jean Dupont,Beauté,Sérum,4,434.57,0.3,Italie,Web,12.45,2,1216.7959999999998
CMD06591,2024-09-29,Jean Dupont,Mode,Veste,2,1215.63,0.0,Allemagne,Web,1.69,1,2431.26
CMD06592,2024-03-30,Carlos Gomez,Beauté,Crème visage,1,540.17,0.25,Espagne,Web,6.07,3,405.12749999999994
CMD06593,2024-10-15,Jean Dupont,Sport,Raquette,4,1241.51,0.0,Allemagne,Web,1.63,3,4966.04
CMD06594,2024-08-09,Carlos Gomez,Jouets,Peluche,5,891.1,0.25,Espagne,App,0.79,4,3341.625
CMD06595,2024-07-07,Nina Müller,Électronique,Tablette,1,1340.16,0.3,Maroc,Magasin,10.47,3,938.112
CMD06596,2024-01-09,Youssef El Amrani,Mode,Montre,3,1686.57,0.25,Belgique,Magasin,9.19,5,3794.7825000000003
CMD06597,2024-01-15,Nina Müller,Sport,Ballon,2,1480.03,0.2,Espagne,Magasin,9.54,2,2368.0480000000002
CMD06598,2024-10-07,Lucie Martin,Électronique,TV 4K,3,996.64,0.15,Maroc,Magasin,9.1,4,2541.432
CMD06599,2024-08-09,Léa Durand,Jouets,Voiture téléguidée,1,320.37,0.3,Belgique,Magasin,10.51,1,224.259
CMD06600,2024-01-01,Sarah Moreau,Jouets,Puzzle,5,1213.38,0.1,Allemagne,App,5.38,1,5460.210000000001
CMD06601,2024-01-19,Carlos Gomez,Mode,Veste,5,685.6,0.05,Belgique,Magasin,3.22,3,3256.6
CMD06602,2024-04-15,Youssef El Amrani,Jouets,Voiture téléguidée,2,181.4,0.0,Allemagne,Web,5.47,2,362.8
CMD06603,2024-11-10,Paolo Bianchi,Beauté,Rouge à lèvres,5,117.74,0.25,Belgique,App,3.79,5,441.525
CMD06604,2024-12-15,Sarah Moreau,Jouets,Voiture téléguidée,1,944.15,0.3,France,App,6.07,5,660.905
CMD06605,2024-06-10,Léa Durand,Électronique,Tablette,4,1611.36,0.3,Belgique,App,3.66,1,4511.807999999999
CMD06606,2024-09-12,Ali Benali,Sport,Raquette,5,907.95,0.25,France,App,10.71,5,3404.8125
CMD06607,2024-04-17,Lucie Martin,Beauté,Rouge à lèvres,5,30.41,0.1,Suisse,Web,13.66,5,136.84500000000003
CMD06608,2024-04-17,Sarah Moreau,Électronique,Ordinateur portable,3,1304.11,0.2,Suisse,Web,14.73,3,3129.864
CMD06609,2024-04-05,Lucie Martin,Mode,Veste,2,1251.06,0.3,Suisse,Web,13.53,4,1751.484
CMD06610,2024-12-24,Lucie Martin,Électronique,Tablette,1,292.88,0.05,France,Magasin,5.68,4,278.236
CMD06611,2024-04-25,Youssef El Amrani,Jouets,Lego,4,705.16,0.05,Allemagne,Magasin,13.57,4,2679.6079999999997
CMD06612,2024-09-01,Youssef El Amrani,Mode,Jean,1,465.12,0.15,Espagne,Magasin,13.05,1,395.352
CMD06613,2024-06-15,Nina Müller,Électronique,Smartphone,3,1822.46,0.2,Allemagne,App,14.37,1,4373.904
CMD06614,2024-07-23,Léa Durand,Maison,Mixeur,2,665.59,0.25,Espagne,Web,13.66,4,998.385
CMD06615,2024-05-13,Jean Dupont,Mode,Sac à main,3,411.14,0.1,Maroc,Magasin,1.37,4,1110.0780000000002
CMD06616,2024-07-08,Jean Dupont,Mode,Montre,4,291.48,0.1,Belgique,App,2.81,3,1049.3280000000002
CMD06617,2024-08-18,Emma Rossi,Sport,Raquette,3,1037.39,0.15,Allemagne,Web,1.48,2,2645.3445
CMD06618,2024-07-10,Youssef El Amrani,Jouets,Jeu de société,5,306.59,0.25,Belgique,Web,8.74,4,1149.7124999999999
CMD06619,2024-01-06,Lucie Martin,Jouets,Puzzle,3,1339.66,0.3,Suisse,Web,3.87,3,2813.286
CMD06620,2024-06-25,Jean Dupont,Maison,Lampadaire,1,1170.62,0.3,Maroc,App,9.76,3,819.4339999999999
CMD06621,2024-10-07,Youssef El Amrani,Sport,Ballon,2,1198.53,0.25,Allemagne,Magasin,0.98,2,1797.795
CMD06622,2024-01-28,Youssef El Amrani,Sport,Ballon,3,487.86,0.0,Belgique,App,7.63,3,1463.58
CMD06623,2024-08-07,Jean Dupont,Maison,Ventilateur,5,1780.92,0.1,Italie,Web,6.86,1,8014.14
CMD06624,2024-07-21,Youssef El Amrani,Sport,Tapis de course,5,1954.89,0.05,France,App,10.99,2,9285.7275
CMD06625,2024-01-29,Lucie Martin,Électronique,Casque audio,5,1370.12,0.3,France,Web,3.03,2,4795.419999999999
CMD06626,2024-02-27,Emma Rossi,Sport,Chaussures de sport,2,1646.51,0.25,France,Magasin,9.49,5,2469.765
CMD06627,2024-11-02,Carlos Gomez,Sport,Chaussures de sport,1,1635.94,0.05,Suisse,Magasin,3.28,1,1554.143
CMD06628,2024-07-29,Paolo Bianchi,Mode,Montre,1,1539.52,0.05,Allemagne,Web,8.42,4,1462.5439999999999
CMD06629,2024-03-17,Ali Benali,Maison,Machine à café,5,1092.82,0.1,Suisse,App,8.07,1,4917.69
CMD06630,2024-04-28,Léa Durand,Jouets,Lego,1,1160.56,0.05,Espagne,Magasin,10.96,4,1102.532
CMD06631,2024-08-16,Léa Durand,Sport,Vélo,1,547.55,0.1,Espagne,Web,11.18,5,492.79499999999996
CMD06632,2024-12-13,Ali Benali,Beauté,Sérum,3,1143.87,0.2,France,Web,12.61,3,2745.288
CMD06633,2024-03-22,Carlos Gomez,Maison,Lampadaire,4,1030.43,0.05,Allemagne,App,2.53,3,3915.634
CMD06634,2024-02-26,Carlos Gomez,Jouets,Puzzle,5,1207.87,0.3,Maroc,Magasin,9.99,2,4227.544999999999
CMD06635,2024-02-22,Lucie Martin,Beauté,Parfum,2,616.64,0.15,Allemagne,App,5.98,2,1048.288
CMD06636,2024-09-26,Ali Benali,Beauté,Shampoing,1,343.54,0.1,Italie,Web,3.31,4,309.18600000000004
CMD06637,2024-03-13,Ali Benali,Beauté,Parfum,3,140.28,0.15,Italie,App,11.79,5,357.714
CMD06638,2024-06-07,Paolo Bianchi,Maison,Aspirateur,2,1732.05,0.1,Allemagne,App,11.71,3,3117.69
CMD06639,2024-11-03,Ali Benali,Maison,Machine à café,5,101.08,0.1,Espagne,App,5.57,2,454.86
CMD06640,2024-10-22,Lucie Martin,Sport,Vélo,3,378.98,0.15,Suisse,Magasin,2.3,5,966.399
CMD06641,2024-03-12,Léa Durand,Jouets,Jeu de société,4,1430.97,0.3,Maroc,App,4.31,2,4006.716
CMD06642,2024-01-02,Paolo Bianchi,Sport,Ballon,4,1672.37,0.1,Allemagne,Web,5.15,3,6020.532
CMD06643,2024-07-15,Ali Benali,Maison,Ventilateur,1,1038.42,0.25,Belgique,App,11.12,1,778.815
CMD06644,2024-02-18,Paolo Bianchi,Sport,Chaussures de sport,4,66.02,0.1,Allemagne,Magasin,8.02,3,237.672
CMD06645,2024-01-26,Nina Müller,Électronique,TV 4K,3,524.81,0.3,Belgique,App,11.66,4,1102.1009999999999
CMD06646,2024-08-29,Lucie Martin,Mode,Veste,4,434.44,0.25,Suisse,Web,0.9,4,1303.32
CMD06647,2024-10-11,Emma Rossi,Mode,Jean,2,1671.82,0.1,Suisse,Web,7.29,2,3009.276
CMD06648,2024-02-06,Paolo Bianchi,Électronique,Tablette,4,1023.78,0.0,Italie,Magasin,0.96,4,4095.12
CMD06649,2024-07-27,Youssef El Amrani,Électronique,Smartphone,2,431.39,0.15,Allemagne,Web,7.87,3,733.3629999999999
CMD06650,2024-06-17,Jean Dupont,Maison,Aspirateur,1,52.61,0.0,Suisse,Magasin,0.86,3,52.61
CMD06651,2024-05-31,Paolo Bianchi,Beauté,Parfum,4,445.36,0.1,Suisse,Magasin,6.28,4,1603.296
CMD06652,2024-08-31,Youssef El Amrani,Sport,Ballon,2,1629.71,0.25,Espagne,App,12.94,4,2444.565
CMD06653,2024-08-29,Lucie Martin,Mode,Veste,5,825.29,0.15,Maroc,App,5.74,3,3507.4824999999996
CMD06654,2024-09-13,Ali Benali,Jouets,Puzzle,4,1736.22,0.0,Belgique,Magasin,4.58,3,6944.88
CMD06655,2024-11-13,Léa Durand,Jouets,Puzzle,4,1533.96,0.05,Allemagne,Magasin,11.56,3,5829.048
CMD06656,2024-01-03,Nina Müller,Maison,Ventilateur,5,207.03,0.2,Belgique,Web,6.35,3,828.1200000000001
CMD06657,2024-11-21,Youssef El Amrani,Beauté,Shampoing,5,1095.01,0.3,France,Web,6.05,5,3832.535
CMD06658,2024-02-02,Paolo Bianchi,Sport,Vélo,4,1918.74,0.15,Espagne,Web,9.18,3,6523.715999999999
CMD06659,2024-03-16,Lucie Martin,Sport,Ballon,1,1401.3,0.05,France,App,4.78,4,1331.235
CMD06660,2024-05-04,Jean Dupont,Mode,Chaussures,3,1473.24,0.2,Allemagne,Web,3.11,2,3535.7760000000003
CMD06661,2024-05-17,Léa Durand,Sport,Raquette,5,1707.07,0.05,Maroc,Web,14.58,5,8108.5824999999995
CMD06662,2024-07-10,Ali Benali,Maison,Aspirateur,2,1538.64,0.3,Espagne,App,7.66,4,2154.096
CMD06663,2024-09-10,Léa Durand,Mode,Veste,2,974.25,0.15,Suisse,App,8.78,5,1656.225
CMD06664,2024-08-07,Léa Durand,Beauté,Parfum,4,123.14,0.05,Italie,Web,12.0,2,467.93199999999996
CMD06665,2024-11-28,Emma Rossi,Jouets,Jeu de société,5,1057.04,0.0,Italie,Magasin,0.22,5,5285.2
CMD06666,2024-06-23,Sarah Moreau,Jouets,Lego,4,1011.28,0.3,Allemagne,App,7.21,3,2831.584
CMD06667,2024-09-17,Jean Dupont,Beauté,Crème visage,2,402.88,0.15,Belgique,Web,7.24,5,684.896
CMD06668,2024-05-12,Paolo Bianchi,Jouets,Puzzle,3,250.8,0.05,France,Magasin,2.74,3,714.7800000000001
CMD06669,2024-01-03,Lucie Martin,Électronique,TV 4K,2,352.06,0.1,France,App,6.01,1,633.708
CMD06670,2024-01-20,Léa Durand,Électronique,TV 4K,3,272.92,0.3,Allemagne,Magasin,10.12,3,573.132
CMD06671,2024-01-18,Sarah Moreau,Électronique,Tablette,3,1789.61,0.1,Maroc,Magasin,13.67,3,4831.947
CMD06672,2024-12-10,Ali Benali,Maison,Ventilateur,5,75.44,0.0,Espagne,Magasin,14.09,4,377.2
CMD06673,2024-01-29,Ali Benali,Sport,Chaussures de sport,4,1874.16,0.25,Belgique,App,3.23,1,5622.4800000000005
CMD06674,2024-08-02,Nina Müller,Sport,Ballon,1,135.88,0.05,Italie,Magasin,2.56,3,129.08599999999998
CMD06675,2024-06-11,Emma Rossi,Électronique,Smartphone,2,1039.66,0.2,Belgique,App,2.47,1,1663.4560000000001
CMD06676,2024-03-03,Jean Dupont,Sport,Chaussures de sport,1,577.9,0.1,Suisse,Web,9.46,4,520.11
CMD06677,2024-03-25,Léa Durand,Jouets,Lego,5,1283.82,0.05,Belgique,Web,4.85,3,6098.1449999999995
CMD06678,2024-06-04,Nina Müller,Jouets,Puzzle,1,936.82,0.25,France,Web,7.37,3,702.615
CMD06679,2024-06-11,Léa Durand,Sport,Raquette,5,68.61,0.3,Allemagne,Web,13.66,2,240.135
CMD06680,2024-07-22,Sarah Moreau,Électronique,Ordinateur portable,2,390.75,0.15,Espagne,Web,0.83,4,664.275
CMD06681,2024-10-27,Emma Rossi,Sport,Raquette,1,1167.88,0.0,Suisse,Web,10.08,5,1167.88
CMD06682,2024-07-02,Paolo Bianchi,Mode,Jean,4,445.33,0.15,Maroc,Magasin,5.06,4,1514.1219999999998
CMD06683,2024-03-19,Jean Dupont,Beauté,Crème visage,1,1172.08,0.3,Espagne,App,14.58,5,820.4559999999999
CMD06684,2024-08-19,Carlos Gomez,Beauté,Parfum,1,28.61,0.15,Maroc,App,13.99,5,24.3185
CMD06685,2024-09-25,Ali Benali,Beauté,Parfum,4,1236.6,0.25,Belgique,App,11.38,5,3709.7999999999997
CMD06686,2024-08-08,Paolo Bianchi,Jouets,Puzzle,5,1200.28,0.2,Belgique,Magasin,6.33,2,4801.12
CMD06687,2024-11-23,Jean Dupont,Mode,Montre,2,1563.65,0.0,Italie,Magasin,6.65,4,3127.3
CMD06688,2024-06-22,Jean Dupont,Beauté,Rouge à lèvres,3,1150.55,0.0,Suisse,Magasin,9.43,4,3451.6499999999996
CMD06689,2024-09-14,Nina Müller,Mode,Chaussures,4,932.64,0.2,Espagne,App,1.32,2,2984.4480000000003
CMD06690,2024-03-03,Emma Rossi,Beauté,Shampoing,1,1902.51,0.05,Maroc,Web,3.09,2,1807.3845
CMD06691,2024-01-27,Jean Dupont,Jouets,Voiture téléguidée,5,515.36,0.2,Belgique,App,11.39,5,2061.44
CMD06692,2024-09-14,Lucie Martin,Mode,Jean,4,801.25,0.1,Allemagne,App,13.06,5,2884.5
CMD06693,2024-02-14,Emma Rossi,Maison,Mixeur,1,144.32,0.05,Maroc,Magasin,1.08,5,137.10399999999998
CMD06694,2024-03-24,Ali Benali,Beauté,Crème visage,4,1216.43,0.3,Maroc,Magasin,12.02,2,3406.004
CMD06695,2024-12-07,Carlos Gomez,Électronique,Ordinateur portable,4,641.22,0.2,Allemagne,Magasin,11.36,1,2051.904
CMD06696,2024-05-25,Ali Benali,Électronique,Tablette,3,696.68,0.15,Allemagne,Web,4.96,1,1776.5339999999999
CMD06697,2024-11-22,Ali Benali,Maison,Machine à café,4,1018.02,0.05,Belgique,App,6.12,3,3868.4759999999997
CMD06698,2024-05-10,Emma Rossi,Maison,Mixeur,1,741.56,0.3,France,App,4.72,4,519.092
CMD06699,2024-06-09,Ali Benali,Sport,Ballon,3,1577.96,0.15,Maroc,App,7.56,4,4023.798
CMD06700,2024-07-15,Ali Benali,Beauté,Rouge à lèvres,4,842.58,0.0,Suisse,Web,6.73,1,3370.32
CMD06701,2024-02-02,Sarah Moreau,Maison,Mixeur,1,1334.91,0.3,Allemagne,Web,6.14,3,934.437
CMD06702,2024-12-26,Youssef El Amrani,Électronique,Smartphone,1,160.68,0.3,Maroc,App,13.4,1,112.476
CMD06703,2024-09-21,Ali Benali,Mode,Sac à main,5,1313.61,0.25,Espagne,Web,13.51,2,4926.037499999999
CMD06704,2024-06-22,Youssef El Amrani,Électronique,Ordinateur portable,5,827.89,0.15,Italie,App,8.3,5,3518.5325
CMD06705,2024-05-01,Carlos Gomez,Beauté,Crème visage,4,933.62,0.25,Allemagne,Web,5.86,5,2800.86
CMD06706,2024-03-14,Ali Benali,Électronique,Tablette,2,1253.06,0.05,Italie,Web,4.5,4,2380.814
CMD06707,2024-11-11,Youssef El Amrani,Jouets,Puzzle,3,749.34,0.15,Espagne,App,2.01,3,1910.817
CMD06708,2024-11-11,Lucie Martin,Électronique,Ordinateur portable,2,1904.06,0.2,Belgique,Web,5.68,2,3046.496
CMD06709,2024-08-15,Ali Benali,Jouets,Peluche,4,768.86,0.15,Suisse,Web,2.84,2,2614.124
CMD06710,2024-11-16,Lucie Martin,Jouets,Voiture téléguidée,5,165.43,0.1,Suisse,Magasin,8.36,2,744.4350000000001
CMD06711,2024-02-08,Sarah Moreau,Électronique,TV 4K,5,672.71,0.05,Belgique,App,0.97,2,3195.3725
CMD06712,2024-11-26,Jean Dupont,Mode,Jean,4,1732.38,0.25,Italie,Magasin,4.31,2,5197.14
CMD06713,2024-09-23,Lucie Martin,Maison,Machine à café,1,1938.24,0.05,Allemagne,Magasin,2.81,3,1841.328
CMD06714,2024-04-07,Emma Rossi,Beauté,Crème visage,1,1851.11,0.25,Belgique,Web,8.6,5,1388.3325
CMD06715,2024-01-17,Emma Rossi,Maison,Lampadaire,4,1043.84,0.05,Allemagne,App,8.84,4,3966.5919999999996
CMD06716,2024-04-28,Emma Rossi,Électronique,Ordinateur portable,5,1680.97,0.2,France,App,4.0,2,6723.880000000001
CMD06717,2024-09-28,Léa Durand,Électronique,Smartphone,2,1408.56,0.3,Maroc,Magasin,1.51,3,1971.9839999999997
CMD06718,2024-07-10,Paolo Bianchi,Électronique,TV 4K,4,1312.4,0.25,Suisse,Magasin,13.58,5,3937.2000000000003
CMD06719,2024-06-09,Nina Müller,Jouets,Jeu de société,3,365.74,0.15,Maroc,Web,4.85,3,932.637
CMD06720,2024-07-15,Carlos Gomez,Beauté,Sérum,2,542.19,0.25,Suisse,Magasin,12.07,1,813.2850000000001
CMD06721,2024-05-02,Sarah Moreau,Mode,Chaussures,5,873.22,0.3,Italie,Web,9.81,4,3056.27
CMD06722,2024-03-15,Emma Rossi,Maison,Lampadaire,4,492.75,0.05,Suisse,Magasin,2.02,2,1872.4499999999998
CMD06723,2024-06-15,Ali Benali,Jouets,Lego,4,1638.46,0.0,Maroc,App,0.89,3,6553.84
CMD06724,2024-02-20,Sarah Moreau,Électronique,Ordinateur portable,1,311.23,0.2,Suisse,Web,8.22,2,248.98400000000004
CMD06725,2024-09-24,Sarah Moreau,Sport,Tapis de course,1,802.4,0.15,Belgique,Web,2.09,3,682.04
CMD06726,2024-09-20,Paolo Bianchi,Beauté,Sérum,4,1695.17,0.1,Espagne,App,10.17,2,6102.612
CMD06727,2024-12-23,Ali Benali,Maison,Aspirateur,3,1725.24,0.1,Espagne,Web,1.55,2,4658.148
CMD06728,2024-08-14,Léa Durand,Maison,Aspirateur,5,693.31,0.3,Italie,Magasin,0.24,1,2426.5849999999996
CMD06729,2024-05-17,Paolo Bianchi,Électronique,Smartphone,4,871.7,0.05,Italie,Web,4.77,3,3312.46
CMD06730,2024-01-04,Paolo Bianchi,Maison,Lampadaire,1,1339.22,0.1,Espagne,App,5.28,3,1205.298
CMD06731,2024-08-18,Carlos Gomez,Jouets,Jeu de société,4,960.23,0.25,Belgique,Web,9.91,4,2880.69
CMD06732,2024-06-13,Nina Müller,Sport,Tapis de course,5,773.53,0.25,Allemagne,Magasin,1.15,2,2900.7374999999997
CMD06733,2024-04-29,Youssef El Amrani,Sport,Ballon,2,1428.52,0.25,Belgique,Web,3.69,2,2142.7799999999997
CMD06734,2024-04-13,Carlos Gomez,Électronique,Tablette,5,741.11,0.3,Allemagne,Magasin,5.22,5,2593.8849999999998
CMD06735,2024-09-14,Ali Benali,Maison,Aspirateur,5,658.31,0.25,Allemagne,Web,8.87,2,2468.6625
CMD06736,2024-08-31,Paolo Bianchi,Électronique,TV 4K,2,1141.63,0.1,Maroc,Magasin,4.92,3,2054.934
CMD06737,2024-01-21,Ali Benali,Maison,Aspirateur,2,1650.91,0.0,Italie,Web,12.74,5,3301.82
CMD06738,2024-12-19,Jean Dupont,Jouets,Lego,2,1904.52,0.0,Belgique,Web,4.78,5,3809.04
CMD06739,2024-03-09,Lucie Martin,Beauté,Rouge à lèvres,2,1647.7,0.0,Espagne,App,14.34,2,3295.4
CMD06740,2024-06-10,Nina Müller,Jouets,Lego,4,1430.25,0.05,Allemagne,App,10.39,3,5434.95
CMD06741,2024-02-27,Jean Dupont,Maison,Machine à café,2,1868.67,0.15,Suisse,Magasin,14.22,5,3176.739
CMD06742,2024-09-20,Sarah Moreau,Maison,Mixeur,1,1507.29,0.0,Belgique,App,5.74,4,1507.29
CMD06743,2024-04-28,Paolo Bianchi,Beauté,Crème visage,2,1966.4,0.0,Espagne,App,11.49,4,3932.8
CMD06744,2024-12-20,Emma Rossi,Mode,Veste,3,1543.87,0.0,France,Magasin,8.22,4,4631.61
CMD06745,2024-03-21,Paolo Bianchi,Jouets,Voiture téléguidée,1,1131.75,0.25,Allemagne,App,3.25,2,848.8125
CMD06746,2024-02-15,Nina Müller,Mode,Sac à main,3,1159.79,0.1,Maroc,App,1.0,1,3131.433
CMD06747,2024-07-12,Léa Durand,Maison,Machine à café,3,1057.75,0.15,Maroc,Magasin,10.74,1,2697.2625
CMD06748,2024-11-07,Youssef El Amrani,Sport,Vélo,4,1288.5,0.0,Suisse,Web,2.94,1,5154.0
CMD06749,2024-07-21,Nina Müller,Électronique,Casque audio,2,568.41,0.3,France,Magasin,14.56,1,795.7739999999999
CMD06750,2024-07-23,Paolo Bianchi,Sport,Chaussures de sport,1,1518.04,0.05,France,Magasin,9.95,4,1442.138
CMD06751,2024-07-23,Emma Rossi,Jouets,Puzzle,3,736.63,0.2,Suisse,Web,3.11,5,1767.912
CMD06752,2024-06-27,Nina Müller,Mode,Jean,4,1173.01,0.3,Allemagne,App,14.39,1,3284.428
CMD06753,2024-11-15,Carlos Gomez,Mode,Jean,3,640.29,0.25,Belgique,App,3.65,1,1440.6525
CMD06754,2024-10-19,Lucie Martin,Électronique,Tablette,1,1256.09,0.05,France,App,9.15,2,1193.2855
CMD06755,2024-12-21,Ali Benali,Électronique,Casque audio,4,890.21,0.25,France,Web,7.2,3,2670.63
CMD06756,2024-03-24,Paolo Bianchi,Maison,Aspirateur,4,434.67,0.15,Maroc,Web,2.93,4,1477.878
CMD06757,2024-05-06,Youssef El Amrani,Électronique,Smartphone,1,1011.23,0.25,Suisse,App,13.65,1,758.4225
CMD06758,2024-08-26,Jean Dupont,Mode,Chaussures,1,1013.59,0.3,France,App,10.92,1,709.513
CMD06759,2024-06-01,Emma Rossi,Sport,Vélo,1,71.31,0.1,Maroc,App,0.58,4,64.179
CMD06760,2024-02-08,Paolo Bianchi,Jouets,Voiture téléguidée,1,1688.99,0.0,Italie,Web,10.6,3,1688.99
CMD06761,2024-08-02,Paolo Bianchi,Jouets,Voiture téléguidée,1,39.32,0.0,Allemagne,Magasin,2.45,2,39.32
CMD06762,2024-09-30,Jean Dupont,Maison,Machine à café,5,1553.94,0.05,Belgique,App,9.23,2,7381.215
CMD06763,2024-06-26,Léa Durand,Électronique,Casque audio,3,305.53,0.25,Belgique,Magasin,6.44,2,687.4424999999999
CMD06764,2024-08-10,Léa Durand,Mode,Veste,1,1893.19,0.15,Maroc,Web,9.41,2,1609.2115000000001
CMD06765,2024-02-08,Youssef El Amrani,Mode,Jean,3,1219.9,0.3,Suisse,Web,2.59,3,2561.79
CMD06766,2024-03-29,Jean Dupont,Maison,Aspirateur,3,364.85,0.1,Espagne,App,8.53,1,985.0950000000001
CMD06767,2024-04-22,Lucie Martin,Jouets,Puzzle,5,271.06,0.25,Allemagne,App,10.6,4,1016.4749999999999
CMD06768,2024-01-24,Youssef El Amrani,Sport,Tapis de course,4,1454.14,0.05,Maroc,Magasin,7.98,5,5525.732
CMD06769,2024-04-17,Youssef El Amrani,Beauté,Parfum,1,534.48,0.0,Espagne,Magasin,7.05,4,534.48
CMD06770,2024-08-20,Youssef El Amrani,Mode,Sac à main,2,24.93,0.3,Italie,App,14.33,2,34.901999999999994
CMD06771,2024-03-14,Ali Benali,Sport,Ballon,5,499.16,0.05,Italie,App,1.19,5,2371.01
CMD06772,2024-09-08,Paolo Bianchi,Mode,Sac à main,2,1943.53,0.2,Italie,App,10.09,4,3109.648
CMD06773,2024-12-07,Jean Dupont,Électronique,Smartphone,4,950.41,0.15,Suisse,Magasin,8.08,2,3231.394
CMD06774,2024-02-05,Paolo Bianchi,Beauté,Sérum,3,1990.02,0.3,Suisse,Web,3.8,1,4179.0419999999995
CMD06775,2024-08-14,Youssef El Amrani,Jouets,Puzzle,2,187.56,0.25,Espagne,App,14.3,2,281.34000000000003
CMD06776,2024-10-10,Sarah Moreau,Sport,Chaussures de sport,5,224.75,0.25,Maroc,Magasin,6.66,4,842.8125
CMD06777,2024-02-14,Youssef El Amrani,Sport,Vélo,1,1026.77,0.3,Belgique,Web,13.08,1,718.7389999999999
CMD06778,2024-11-14,Paolo Bianchi,Électronique,Tablette,5,1263.9,0.0,Belgique,App,11.63,3,6319.5
CMD06779,2024-08-09,Lucie Martin,Maison,Lampadaire,4,1874.86,0.15,Italie,Web,1.64,2,6374.523999999999
CMD06780,2024-02-06,Ali Benali,Sport,Tapis de course,3,413.86,0.15,Maroc,Web,4.34,4,1055.3429999999998
CMD06781,2024-10-31,Youssef El Amrani,Beauté,Parfum,4,11.62,0.15,Maroc,Magasin,6.58,5,39.507999999999996
CMD06782,2024-01-06,Paolo Bianchi,Maison,Lampadaire,2,425.25,0.1,Belgique,App,13.79,2,765.45
CMD06783,2024-01-25,Ali Benali,Beauté,Crème visage,2,1129.35,0.25,Belgique,App,5.35,2,1694.0249999999999
CMD06784,2024-11-21,Jean Dupont,Jouets,Peluche,5,1669.77,0.05,Espagne,Web,8.46,1,7931.4075
CMD06785,2024-10-19,Ali Benali,Beauté,Crème visage,1,357.17,0.3,Belgique,Magasin,12.02,5,250.019
CMD06786,2024-09-12,Sarah Moreau,Électronique,Smartphone,5,1185.29,0.15,France,Magasin,4.48,3,5037.4825
CMD06787,2024-02-24,Nina Müller,Maison,Machine à café,5,423.42,0.05,Suisse,App,0.24,2,2011.245
CMD06788,2024-02-03,Sarah Moreau,Beauté,Shampoing,3,479.43,0.3,Maroc,Web,2.33,2,1006.8029999999999
CMD06789,2024-12-28,Paolo Bianchi,Beauté,Crème visage,2,1986.64,0.3,Maroc,Magasin,11.35,4,2781.296
CMD06790,2024-02-23,Jean Dupont,Mode,Veste,2,823.29,0.05,Espagne,App,10.87,4,1564.2509999999997
CMD06791,2024-06-26,Jean Dupont,Jouets,Jeu de société,2,749.68,0.2,Belgique,Web,4.68,4,1199.488
CMD06792,2024-10-11,Paolo Bianchi,Beauté,Rouge à lèvres,3,1443.15,0.3,Italie,Magasin,9.71,1,3030.6150000000002
CMD06793,2024-10-31,Sarah Moreau,Maison,Lampadaire,5,1926.74,0.15,Allemagne,App,0.1,1,8188.645
CMD06794,2024-04-29,Emma Rossi,Maison,Ventilateur,1,1788.88,0.1,Allemagne,App,12.96,5,1609.9920000000002
CMD06795,2024-01-23,Sarah Moreau,Électronique,Ordinateur portable,5,1589.03,0.25,Suisse,Web,13.9,1,5958.862499999999
CMD06796,2024-02-11,Carlos Gomez,Mode,Jean,3,731.26,0.2,Italie,Magasin,1.05,3,1755.024
CMD06797,2024-02-29,Lucie Martin,Électronique,Ordinateur portable,3,321.97,0.25,Maroc,App,5.24,3,724.4325000000001
CMD06798,2024-08-12,Carlos Gomez,Beauté,Shampoing,4,1600.61,0.05,Maroc,Magasin,10.66,5,6082.317999999999
CMD06799,2024-01-24,Carlos Gomez,Jouets,Voiture téléguidée,4,1074.91,0.05,Belgique,App,1.97,4,4084.658
CMD06800,2024-07-27,Lucie Martin,Maison,Lampadaire,1,1494.64,0.3,Italie,Web,4.36,2,1046.248
CMD06801,2024-09-22,Sarah Moreau,Sport,Vélo,3,748.39,0.1,Allemagne,Magasin,14.46,1,2020.653
CMD06802,2024-09-22,Emma Rossi,Sport,Tapis de course,1,657.76,0.0,Belgique,Web,6.03,1,657.76
CMD06803,2024-11-19,Youssef El Amrani,Sport,Vélo,2,1055.78,0.2,France,App,12.86,1,1689.248
CMD06804,2024-05-06,Ali Benali,Beauté,Crème visage,5,1413.07,0.15,France,Magasin,3.24,1,6005.5475
CMD06805,2024-06-12,Nina Müller,Électronique,TV 4K,4,406.89,0.15,Allemagne,Magasin,12.69,3,1383.426
CMD06806,2024-05-24,Nina Müller,Jouets,Lego,1,1875.08,0.1,Maroc,App,4.17,1,1687.572
CMD06807,2024-11-14,Youssef El Amrani,Électronique,TV 4K,2,1710.88,0.05,France,Web,2.69,5,3250.672
CMD06808,2024-10-08,Jean Dupont,Maison,Machine à café,3,394.29,0.15,Espagne,Magasin,14.91,2,1005.4395000000001
CMD06809,2024-12-29,Emma Rossi,Maison,Aspirateur,5,1171.96,0.15,Suisse,Web,13.08,5,4980.83
CMD06810,2024-06-23,Carlos Gomez,Jouets,Lego,3,793.03,0.15,France,App,3.9,2,2022.2265
CMD06811,2024-07-18,Jean Dupont,Sport,Raquette,3,294.77,0.1,France,Magasin,14.05,2,795.879
CMD06812,2024-01-27,Lucie Martin,Électronique,TV 4K,2,1987.69,0.05,France,Magasin,13.31,2,3776.611
CMD06813,2024-08-03,Jean Dupont,Maison,Mixeur,5,817.05,0.05,Allemagne,App,8.01,4,3880.9874999999997
CMD06814,2024-09-24,Emma Rossi,Maison,Machine à café,4,1030.55,0.25,Belgique,Web,5.08,4,3091.6499999999996
CMD06815,2024-03-09,Emma Rossi,Maison,Lampadaire,4,166.84,0.25,Allemagne,App,1.53,5,500.52
CMD06816,2024-07-22,Carlos Gomez,Jouets,Lego,2,152.52,0.0,France,App,8.77,4,305.04
CMD06817,2024-03-03,Emma Rossi,Mode,Montre,3,1816.78,0.15,Allemagne,App,0.6,1,4632.789
CMD06818,2024-05-29,Paolo Bianchi,Sport,Vélo,4,1122.59,0.15,Italie,Web,5.1,2,3816.8059999999996
CMD06819,2024-03-09,Léa Durand,Maison,Machine à café,2,1373.87,0.1,Belgique,Magasin,14.01,3,2472.966
CMD06820,2024-07-08,Paolo Bianchi,Sport,Vélo,4,149.42,0.05,Suisse,App,4.9,2,567.7959999999999
CMD06821,2024-07-16,Carlos Gomez,Beauté,Rouge à lèvres,2,1161.55,0.0,Espagne,Magasin,10.99,3,2323.1
CMD06822,2024-01-11,Youssef El Amrani,Maison,Ventilateur,1,1632.26,0.25,Allemagne,Magasin,8.15,4,1224.195
CMD06823,2024-03-04,Youssef El Amrani,Sport,Vélo,3,419.01,0.2,Belgique,Magasin,4.83,4,1005.624
CMD06824,2024-02-29,Léa Durand,Jouets,Voiture téléguidée,3,532.41,0.1,France,App,9.05,1,1437.507
CMD06825,2024-05-10,Youssef El Amrani,Électronique,Tablette,3,691.27,0.1,Allemagne,Magasin,2.35,4,1866.429
CMD06826,2024-08-19,Carlos Gomez,Jouets,Puzzle,2,1706.81,0.05,Allemagne,Web,10.83,1,3242.939
CMD06827,2024-07-12,Léa Durand,Électronique,TV 4K,5,1231.98,0.3,Maroc,Magasin,8.44,5,4311.929999999999
CMD06828,2024-02-28,Sarah Moreau,Mode,Montre,3,1613.16,0.05,Espagne,Magasin,13.31,4,4597.506
CMD06829,2024-09-06,Ali Benali,Sport,Raquette,2,331.86,0.1,Espagne,App,5.96,4,597.3480000000001
CMD06830,2024-08-12,Sarah Moreau,Mode,Chaussures,5,1657.21,0.05,Italie,Magasin,12.73,4,7871.747499999999
CMD06831,2024-04-24,Emma Rossi,Beauté,Crème visage,5,1291.84,0.25,Espagne,App,14.86,2,4844.4
CMD06832,2024-05-08,Youssef El Amrani,Mode,Sac à main,1,1797.8,0.1,Suisse,Web,0.35,2,1618.02
CMD06833,2024-01-18,Ali Benali,Beauté,Parfum,2,837.24,0.25,Italie,Web,8.5,2,1255.8600000000001
CMD06834,2024-01-22,Emma Rossi,Sport,Tapis de course,4,467.91,0.15,Espagne,Web,13.19,5,1590.894
CMD06835,2024-03-25,Ali Benali,Jouets,Jeu de société,3,108.47,0.25,Allemagne,App,9.86,3,244.05749999999998
CMD06836,2024-07-17,Ali Benali,Maison,Machine à café,2,1986.57,0.3,Suisse,Magasin,2.12,1,2781.198
CMD06837,2024-01-26,Paolo Bianchi,Jouets,Lego,5,1535.81,0.1,Suisse,App,4.14,2,6911.1449999999995
CMD06838,2024-09-09,Carlos Gomez,Maison,Aspirateur,4,1998.36,0.1,Maroc,App,8.7,5,7194.096
CMD06839,2024-08-29,Lucie Martin,Mode,Sac à main,1,1919.42,0.15,Espagne,Magasin,10.23,1,1631.507
CMD06840,2024-11-21,Lucie Martin,Beauté,Parfum,5,1985.74,0.05,Belgique,App,10.34,3,9432.265
CMD06841,2024-05-01,Youssef El Amrani,Beauté,Shampoing,2,1416.77,0.15,France,Magasin,11.94,5,2408.509
CMD06842,2024-02-15,Paolo Bianchi,Sport,Ballon,2,1237.28,0.25,France,App,8.08,1,1855.92
CMD06843,2024-06-22,Léa Durand,Maison,Aspirateur,2,1769.95,0.0,Italie,Magasin,2.13,3,3539.9
CMD06844,2024-10-20,Paolo Bianchi,Mode,Jean,4,346.87,0.1,Allemagne,Magasin,9.53,1,1248.732
CMD06845,2024-08-29,Youssef El Amrani,Mode,Sac à main,5,1123.37,0.3,Allemagne,App,3.69,2,3931.794999999999
CMD06846,2024-09-19,Nina Müller,Beauté,Parfum,2,1406.26,0.3,Belgique,Magasin,8.19,4,1968.764
CMD06847,2024-10-08,Sarah Moreau,Jouets,Jeu de société,3,1103.74,0.05,Maroc,Magasin,6.15,1,3145.659
CMD06848,2024-08-03,Paolo Bianchi,Mode,Jean,2,1962.66,0.2,Allemagne,App,4.29,3,3140.2560000000003
CMD06849,2024-08-08,Ali Benali,Mode,Jean,4,642.59,0.05,Espagne,App,13.75,2,2441.842
CMD06850,2024-09-15,Carlos Gomez,Jouets,Jeu de société,3,1052.15,0.0,Maroc,Magasin,2.99,5,3156.4500000000003
CMD06851,2024-05-25,Ali Benali,Sport,Chaussures de sport,5,1677.3,0.15,Espagne,Web,14.24,1,7128.525
CMD06852,2024-03-05,Emma Rossi,Maison,Machine à café,1,1542.6,0.15,Italie,App,1.94,3,1311.2099999999998
CMD06853,2024-04-25,Youssef El Amrani,Jouets,Lego,1,210.39,0.2,Espagne,Web,5.49,5,168.312
CMD06854,2024-04-28,Ali Benali,Mode,Montre,5,949.95,0.1,Allemagne,App,1.27,5,4274.775000000001
CMD06855,2024-08-12,Ali Benali,Sport,Raquette,2,1072.77,0.25,Belgique,Web,4.76,5,1609.155
CMD06856,2024-07-03,Lucie Martin,Maison,Mixeur,4,1222.69,0.25,Espagne,Web,12.3,5,3668.07
CMD06857,2024-10-16,Léa Durand,Beauté,Rouge à lèvres,1,274.66,0.2,Espagne,Web,13.4,1,219.72800000000004
CMD06858,2024-06-18,Ali Benali,Mode,Chaussures,4,1469.49,0.15,Suisse,Web,10.11,3,4996.266
CMD06859,2024-09-21,Paolo Bianchi,Mode,Jean,4,1044.13,0.1,Espagne,Magasin,4.81,1,3758.8680000000004
CMD06860,2024-11-06,Carlos Gomez,Maison,Ventilateur,5,1810.68,0.05,France,Magasin,9.72,3,8600.73
CMD06861,2024-09-14,Sarah Moreau,Jouets,Peluche,2,61.62,0.15,Italie,App,3.48,5,104.75399999999999
CMD06862,2024-07-03,Paolo Bianchi,Sport,Ballon,2,1290.67,0.0,France,Web,7.87,1,2581.34
CMD06863,2024-04-27,Ali Benali,Électronique,Casque audio,2,1101.84,0.0,Espagne,Web,2.93,4,2203.68
CMD06864,2024-12-13,Carlos Gomez,Électronique,Tablette,1,1481.36,0.3,Suisse,App,2.73,4,1036.9519999999998
CMD06865,2024-01-25,Lucie Martin,Maison,Aspirateur,4,699.85,0.05,Allemagne,App,8.47,2,2659.43
CMD06866,2024-08-05,Sarah Moreau,Sport,Ballon,5,1279.49,0.05,France,Web,2.3,2,6077.577499999999
CMD06867,2024-03-26,Emma Rossi,Mode,Montre,1,475.98,0.0,Suisse,Magasin,8.79,3,475.98
CMD06868,2024-05-24,Carlos Gomez,Beauté,Rouge à lèvres,5,1847.29,0.2,Allemagne,Web,1.8,3,7389.160000000001
CMD06869,2024-11-25,Lucie Martin,Mode,Veste,3,1874.01,0.15,Suisse,Web,2.45,3,4778.7255
CMD06870,2024-08-20,Emma Rossi,Jouets,Puzzle,2,1125.27,0.3,Allemagne,Magasin,1.22,4,1575.378
CMD06871,2024-06-30,Paolo Bianchi,Beauté,Rouge à lèvres,5,582.64,0.05,Maroc,Web,14.3,2,2767.5399999999995
CMD06872,2024-11-11,Nina Müller,Électronique,TV 4K,1,224.5,0.0,Espagne,App,0.58,5,224.5
CMD06873,2024-06-03,Léa Durand,Jouets,Voiture téléguidée,1,860.33,0.3,Italie,Magasin,2.13,2,602.231
CMD06874,2024-08-23,Carlos Gomez,Beauté,Shampoing,2,1956.81,0.05,Suisse,Magasin,4.33,2,3717.939
CMD06875,2024-01-11,Youssef El Amrani,Beauté,Crème visage,2,1550.0,0.1,Italie,Magasin,9.29,4,2790.0
CMD06876,2024-01-11,Sarah Moreau,Maison,Machine à café,5,964.5,0.3,Belgique,Web,6.68,3,3375.75
CMD06877,2024-05-03,Lucie Martin,Beauté,Rouge à lèvres,3,1775.18,0.3,Maroc,App,7.13,1,3727.8779999999997
CMD06878,2024-10-31,Jean Dupont,Mode,Sac à main,3,1033.13,0.25,Espagne,Web,8.88,5,2324.5425000000005
CMD06879,2024-03-24,Léa Durand,Maison,Lampadaire,3,1507.39,0.15,France,Web,5.81,2,3843.8445
CMD06880,2024-02-24,Jean Dupont,Électronique,Ordinateur portable,4,467.25,0.2,Suisse,App,1.9,4,1495.2
CMD06881,2024-05-09,Paolo Bianchi,Maison,Mixeur,5,597.57,0.2,Espagne,Magasin,12.04,1,2390.28
CMD06882,2024-06-15,Emma Rossi,Sport,Vélo,2,1019.43,0.2,Espagne,App,11.69,2,1631.088
CMD06883,2024-04-11,Ali Benali,Mode,Chaussures,4,789.33,0.1,Maroc,Web,11.08,2,2841.588
CMD06884,2024-09-15,Youssef El Amrani,Maison,Mixeur,2,1399.34,0.1,Suisse,Magasin,11.42,3,2518.812
CMD06885,2024-07-22,Nina Müller,Beauté,Sérum,1,863.54,0.25,Suisse,Web,4.12,1,647.655
CMD06886,2024-08-07,Lucie Martin,Mode,Montre,4,1421.76,0.05,Maroc,Web,2.62,4,5402.688
CMD06887,2024-07-20,Nina Müller,Jouets,Voiture téléguidée,4,1210.01,0.3,Allemagne,Web,6.42,2,3388.028
CMD06888,2024-04-19,Léa Durand,Beauté,Shampoing,5,727.37,0.15,Allemagne,Web,10.0,3,3091.3224999999998
CMD06889,2024-11-23,Carlos Gomez,Électronique,Smartphone,2,1866.16,0.15,Belgique,Web,8.41,3,3172.472
CMD06890,2024-11-09,Carlos Gomez,Électronique,Casque audio,4,747.97,0.2,Espagne,App,13.51,4,2393.5040000000004
CMD06891,2024-03-19,Sarah Moreau,Électronique,Smartphone,2,220.22,0.3,France,Magasin,7.89,1,308.308
CMD06892,2024-05-29,Paolo Bianchi,Maison,Ventilateur,5,1546.51,0.0,Belgique,App,7.94,3,7732.55
CMD06893,2024-07-25,Léa Durand,Maison,Ventilateur,5,696.07,0.05,Italie,App,12.97,1,3306.3325
CMD06894,2024-01-11,Carlos Gomez,Électronique,Casque audio,5,298.25,0.2,Belgique,App,5.03,3,1193.0
CMD06895,2024-02-08,Paolo Bianchi,Mode,Sac à main,2,1560.99,0.0,Belgique,App,7.15,1,3121.98
CMD06896,2024-01-31,Jean Dupont,Mode,Veste,3,332.16,0.0,France,App,2.39,4,996.48
CMD06897,2024-07-14,Jean Dupont,Beauté,Rouge à lèvres,4,1074.4,0.3,Italie,Web,11.05,2,3008.32
CMD06898,2024-11-13,Nina Müller,Beauté,Parfum,4,1181.9,0.3,Allemagne,App,2.97,5,3309.32
CMD06899,2024-08-04,Léa Durand,Mode,Jean,3,1217.47,0.05,Maroc,Web,10.41,5,3469.7895
CMD06900,2024-09-03,Lucie Martin,Mode,Sac à main,5,1929.75,0.1,Italie,App,1.8,4,8683.875
CMD06901,2024-02-05,Nina Müller,Beauté,Parfum,1,1186.05,0.1,Maroc,App,1.15,5,1067.445
CMD06902,2024-07-14,Paolo Bianchi,Mode,Chaussures,4,1211.11,0.15,Espagne,App,7.64,2,4117.773999999999
CMD06903,2024-01-05,Youssef El Amrani,Beauté,Parfum,4,927.04,0.15,Belgique,Magasin,15.0,3,3151.9359999999997
CMD06904,2024-10-09,Emma Rossi,Mode,Chaussures,4,603.44,0.0,Espagne,Magasin,5.43,1,2413.76
CMD06905,2024-03-25,Nina Müller,Mode,Chaussures,5,1077.71,0.3,Espagne,App,3.03,2,3771.9849999999997
CMD06906,2024-04-03,Ali Benali,Maison,Aspirateur,1,573.48,0.05,Suisse,App,2.08,2,544.806
CMD06907,2024-06-12,Ali Benali,Mode,Sac à main,4,629.97,0.05,Belgique,App,12.42,4,2393.886
CMD06908,2024-03-04,Jean Dupont,Électronique,Tablette,5,1133.48,0.25,Allemagne,Magasin,5.19,1,4250.549999999999
CMD06909,2024-03-17,Nina Müller,Beauté,Shampoing,3,1217.4,0.3,Allemagne,Magasin,0.1,2,2556.54
CMD06910,2024-08-24,Paolo Bianchi,Maison,Aspirateur,5,122.69,0.2,France,App,10.83,3,490.76000000000005
CMD06911,2024-04-09,Léa Durand,Jouets,Jeu de société,3,1964.35,0.2,Allemagne,Magasin,2.11,4,4714.44
CMD06912,2024-12-29,Youssef El Amrani,Sport,Ballon,2,1999.62,0.1,Espagne,Magasin,14.69,1,3599.316
CMD06913,2024-11-16,Youssef El Amrani,Jouets,Voiture téléguidée,5,1612.53,0.25,Belgique,App,2.16,3,6046.987499999999
CMD06914,2024-07-31,Emma Rossi,Jouets,Peluche,2,1048.98,0.15,Espagne,Magasin,1.61,1,1783.266
CMD06915,2024-08-08,Léa Durand,Beauté,Sérum,3,923.29,0.15,Allemagne,Magasin,8.14,2,2354.3894999999998
CMD06916,2024-03-03,Carlos Gomez,Jouets,Jeu de société,3,980.32,0.05,Allemagne,Magasin,9.25,5,2793.912
CMD06917,2024-08-14,Lucie Martin,Mode,Jean,4,852.64,0.05,France,App,12.04,3,3240.0319999999997
CMD06918,2024-04-17,Carlos Gomez,Électronique,Tablette,3,1085.87,0.3,Belgique,App,2.02,2,2280.3269999999998
CMD06919,2024-01-11,Nina Müller,Beauté,Rouge à lèvres,3,146.21,0.0,Maroc,Web,6.73,5,438.63
CMD06920,2024-05-10,Emma Rossi,Maison,Ventilateur,5,1350.31,0.3,Belgique,App,8.33,4,4726.084999999999
CMD06921,2024-12-02,Sarah Moreau,Mode,Veste,3,822.26,0.25,France,App,9.51,3,1850.0849999999998
CMD06922,2024-12-25,Paolo Bianchi,Mode,Veste,3,957.55,0.1,France,Web,4.0,5,2585.3849999999998
CMD06923,2024-03-15,Lucie Martin,Jouets,Jeu de société,1,198.9,0.3,Belgique,App,8.94,1,139.23
CMD06924,2024-06-24,Lucie Martin,Sport,Raquette,2,77.54,0.25,Allemagne,Magasin,9.55,2,116.31
CMD06925,2024-01-21,Lucie Martin,Jouets,Puzzle,1,221.65,0.05,Allemagne,App,14.51,3,210.5675
CMD06926,2024-03-10,Paolo Bianchi,Beauté,Rouge à lèvres,2,26.09,0.1,Suisse,Web,3.08,4,46.962
CMD06927,2024-06-20,Ali Benali,Jouets,Lego,3,516.42,0.05,Italie,App,5.0,5,1471.7969999999998
CMD06928,2024-08-26,Paolo Bianchi,Jouets,Lego,2,1587.02,0.0,Suisse,App,8.02,4,3174.04
CMD06929,2024-04-16,Nina Müller,Sport,Tapis de course,4,1860.75,0.2,Allemagne,Web,2.88,4,5954.400000000001
CMD06930,2024-05-24,Carlos Gomez,Jouets,Lego,4,1157.29,0.25,Suisse,App,6.8,5,3471.87
CMD06931,2024-07-08,Paolo Bianchi,Beauté,Sérum,4,840.22,0.1,Maroc,Web,12.5,4,3024.7920000000004
CMD06932,2024-12-06,Sarah Moreau,Électronique,Smartphone,5,1904.68,0.25,Belgique,App,8.53,1,7142.549999999999
CMD06933,2024-08-18,Sarah Moreau,Mode,Montre,2,672.69,0.3,Allemagne,Web,1.83,1,941.766
CMD06934,2024-11-22,Léa Durand,Sport,Chaussures de sport,3,1101.15,0.0,Suisse,Web,9.88,4,3303.4500000000003
CMD06935,2024-05-13,Carlos Gomez,Maison,Mixeur,3,769.26,0.05,Italie,Web,14.34,3,2192.3909999999996
CMD06936,2024-10-25,Sarah Moreau,Maison,Ventilateur,2,96.1,0.2,Espagne,Magasin,5.81,2,153.76
CMD06937,2024-10-30,Ali Benali,Sport,Ballon,4,1094.51,0.15,Belgique,App,3.6,3,3721.334
CMD06938,2024-10-14,Emma Rossi,Beauté,Rouge à lèvres,3,1353.96,0.15,Belgique,Magasin,10.05,3,3452.598
CMD06939,2024-01-03,Ali Benali,Jouets,Voiture téléguidée,5,1817.8,0.1,Suisse,Magasin,1.18,3,8180.1
CMD06940,2024-06-17,Paolo Bianchi,Mode,Montre,1,1602.53,0.25,Suisse,Magasin,4.98,1,1201.8975
CMD06941,2024-05-06,Carlos Gomez,Beauté,Shampoing,1,1313.93,0.15,Suisse,Web,10.76,2,1116.8405
CMD06942,2024-02-15,Emma Rossi,Jouets,Jeu de société,1,1578.99,0.3,Italie,Magasin,14.42,2,1105.293
CMD06943,2024-04-19,Emma Rossi,Jouets,Voiture téléguidée,2,1460.56,0.25,Maroc,App,0.83,1,2190.84
CMD06944,2024-01-18,Youssef El Amrani,Beauté,Rouge à lèvres,5,1836.26,0.0,Italie,Web,14.32,1,9181.3
CMD06945,2024-04-24,Jean Dupont,Jouets,Voiture téléguidée,2,629.59,0.05,Allemagne,Web,1.42,5,1196.221
CMD06946,2024-01-22,Jean Dupont,Sport,Chaussures de sport,3,531.62,0.15,Belgique,Magasin,10.68,5,1355.631
CMD06947,2024-04-23,Youssef El Amrani,Jouets,Puzzle,3,238.36,0.2,Italie,App,2.46,1,572.0640000000001
CMD06948,2024-11-21,Léa Durand,Maison,Ventilateur,4,371.78,0.15,France,Magasin,2.73,3,1264.052
CMD06949,2024-09-22,Youssef El Amrani,Sport,Vélo,2,117.34,0.2,France,Web,13.57,5,187.74400000000003
CMD06950,2024-10-03,Ali Benali,Jouets,Peluche,3,804.2,0.25,France,Magasin,7.73,3,1809.4500000000003
CMD06951,2024-10-02,Ali Benali,Électronique,Smartphone,5,1703.21,0.2,Maroc,App,8.66,2,6812.84
CMD06952,2024-12-22,Youssef El Amrani,Électronique,Ordinateur portable,5,1756.23,0.25,Maroc,App,0.43,1,6585.862499999999
CMD06953,2024-01-17,Paolo Bianchi,Électronique,Smartphone,5,122.2,0.15,Maroc,Magasin,0.04,5,519.35
CMD06954,2024-07-06,Youssef El Amrani,Mode,Sac à main,1,99.19,0.15,Belgique,Magasin,7.55,4,84.3115
CMD06955,2024-12-22,Sarah Moreau,Maison,Aspirateur,4,1435.24,0.3,Espagne,Web,10.08,2,4018.6719999999996
CMD06956,2024-11-29,Ali Benali,Jouets,Puzzle,4,1516.29,0.3,Maroc,App,0.08,4,4245.612
CMD06957,2024-03-12,Jean Dupont,Jouets,Puzzle,4,1521.84,0.05,Belgique,Web,0.5,1,5782.991999999999
CMD06958,2024-09-21,Nina Müller,Jouets,Voiture téléguidée,3,475.91,0.2,Suisse,Magasin,1.86,3,1142.184
CMD06959,2024-09-02,Sarah Moreau,Mode,Sac à main,2,1329.2,0.15,France,Magasin,12.4,1,2259.64
CMD06960,2024-09-12,Youssef El Amrani,Beauté,Sérum,3,1719.53,0.3,Espagne,Web,11.53,5,3611.013
CMD06961,2024-09-26,Jean Dupont,Maison,Machine à café,5,614.67,0.1,Espagne,Web,13.76,3,2766.015
CMD06962,2024-11-20,Jean Dupont,Mode,Veste,2,1759.14,0.3,Belgique,Web,2.53,2,2462.796
CMD06963,2024-10-29,Sarah Moreau,Électronique,Ordinateur portable,3,803.97,0.2,France,Magasin,10.92,3,1929.528
CMD06964,2024-06-05,Ali Benali,Sport,Tapis de course,3,765.37,0.25,Belgique,Web,2.82,3,1722.0825
CMD06965,2024-10-04,Jean Dupont,Beauté,Sérum,4,102.46,0.25,France,Magasin,12.04,1,307.38
CMD06966,2024-07-15,Youssef El Amrani,Mode,Veste,3,1453.57,0.2,Espagne,Web,6.67,5,3488.568
CMD06967,2024-10-21,Paolo Bianchi,Sport,Raquette,1,1134.26,0.0,Italie,Web,1.6,3,1134.26
CMD06968,2024-11-04,Emma Rossi,Sport,Tapis de course,4,1709.1,0.05,Allemagne,Magasin,5.56,5,6494.579999999999
CMD06969,2024-06-24,Nina Müller,Électronique,Smartphone,1,1842.19,0.0,Suisse,Web,11.47,1,1842.19
CMD06970,2024-03-08,Youssef El Amrani,Jouets,Puzzle,3,224.07,0.2,Allemagne,Magasin,13.97,2,537.768
CMD06971,2024-02-17,Nina Müller,Maison,Aspirateur,4,912.99,0.05,Belgique,App,10.92,3,3469.362
CMD06972,2024-12-06,Léa Durand,Jouets,Lego,2,1296.83,0.15,Italie,Magasin,8.16,2,2204.611
CMD06973,2024-07-12,Léa Durand,Mode,Chaussures,2,849.51,0.1,France,Magasin,8.11,4,1529.118
CMD06974,2024-08-04,Lucie Martin,Sport,Raquette,2,1092.31,0.05,Maroc,App,4.82,3,2075.3889999999997
CMD06975,2024-12-16,Ali Benali,Maison,Mixeur,3,1010.79,0.15,Italie,Web,8.47,2,2577.5144999999998
CMD06976,2024-02-18,Jean Dupont,Sport,Tapis de course,4,398.68,0.05,Belgique,Web,7.36,2,1514.984
CMD06977,2024-09-20,Paolo Bianchi,Électronique,Casque audio,5,1190.78,0.1,Allemagne,App,13.83,3,5358.51
CMD06978,2024-12-28,Lucie Martin,Sport,Vélo,3,1809.08,0.15,Espagne,App,10.6,1,4613.1539999999995
CMD06979,2024-10-12,Léa Durand,Maison,Mixeur,2,819.86,0.15,France,Magasin,12.26,1,1393.762
CMD06980,2024-09-20,Sarah Moreau,Maison,Machine à café,4,1407.66,0.05,Maroc,App,7.25,4,5349.108
CMD06981,2024-11-12,Sarah Moreau,Maison,Mixeur,3,419.94,0.05,Maroc,Web,9.5,1,1196.829
CMD06982,2024-01-08,Léa Durand,Électronique,Smartphone,2,1140.01,0.15,Maroc,Magasin,3.38,4,1938.0169999999998
CMD06983,2024-09-02,Sarah Moreau,Jouets,Voiture téléguidée,1,272.35,0.0,Allemagne,App,7.08,4,272.35
CMD06984,2024-07-06,Sarah Moreau,Électronique,Casque audio,2,820.45,0.05,Allemagne,App,14.71,1,1558.855
CMD06985,2024-08-04,Ali Benali,Beauté,Parfum,4,691.92,0.2,Espagne,Web,8.31,3,2214.144
CMD06986,2024-09-13,Carlos Gomez,Mode,Veste,2,305.67,0.0,Espagne,Magasin,3.61,2,611.34
CMD06987,2024-06-12,Carlos Gomez,Maison,Aspirateur,2,10.19,0.05,Maroc,Web,9.53,5,19.360999999999997
CMD06988,2024-07-25,Jean Dupont,Maison,Lampadaire,2,608.42,0.15,Espagne,Web,2.52,4,1034.3139999999999
CMD06989,2024-02-04,Ali Benali,Maison,Lampadaire,4,658.71,0.15,Allemagne,Magasin,2.83,4,2239.614
CMD06990,2024-07-16,Youssef El Amrani,Sport,Tapis de course,3,213.17,0.15,Italie,App,0.85,1,543.5835
CMD06991,2024-06-09,Paolo Bianchi,Jouets,Lego,2,1148.93,0.05,Suisse,Magasin,4.34,2,2182.967
CMD06992,2024-05-17,Jean Dupont,Beauté,Shampoing,2,1008.52,0.15,France,Web,6.91,2,1714.484
CMD06993,2024-03-03,Jean Dupont,Sport,Chaussures de sport,3,1504.78,0.0,Maroc,Magasin,2.9,5,4514.34
CMD06994,2024-06-27,Paolo Bianchi,Électronique,Smartphone,3,161.3,0.1,Italie,App,5.21,4,435.51000000000005
CMD06995,2024-11-17,Sarah Moreau,Beauté,Crème visage,5,1858.24,0.2,Suisse,Web,5.85,3,7432.960000000001
CMD06996,2024-06-02,Youssef El Amrani,Sport,Vélo,4,1390.03,0.1,Allemagne,Web,13.08,1,5004.108
CMD06997,2024-07-23,Léa Durand,Sport,Tapis de course,4,747.0,0.1,Suisse,Web,6.4,2,2689.2000000000003
CMD06998,2024-10-22,Jean Dupont,Maison,Mixeur,5,918.3,0.3,Espagne,App,8.96,4,3214.0499999999997
CMD06999,2024-11-04,Ali Benali,Électronique,Tablette,4,481.64,0.0,Maroc,Magasin,3.66,3,1926.56
CMD07000,2024-04-14,Carlos Gomez,Électronique,TV 4K,4,728.39,0.1,Italie,App,0.4,5,2622.204
CMD07001,2024-09-07,Lucie Martin,Jouets,Lego,1,1802.5,0.15,Suisse,Magasin,5.72,3,1532.125
CMD07002,2024-03-15,Paolo Bianchi,Électronique,TV 4K,4,157.11,0.15,Espagne,Magasin,12.65,4,534.174
CMD07003,2024-01-10,Paolo Bianchi,Électronique,Casque audio,4,1561.49,0.2,Espagne,Magasin,5.16,5,4996.768
CMD07004,2024-01-31,Youssef El Amrani,Mode,Sac à main,5,912.99,0.2,Italie,Magasin,7.4,4,3651.96
CMD07005,2024-02-17,Carlos Gomez,Sport,Tapis de course,2,1950.53,0.0,Espagne,Web,6.07,5,3901.06
CMD07006,2024-07-28,Emma Rossi,Sport,Raquette,4,486.44,0.0,Suisse,App,13.72,4,1945.76
CMD07007,2024-06-02,Léa Durand,Beauté,Shampoing,2,354.98,0.0,Italie,App,9.64,2,709.96
CMD07008,2024-12-06,Ali Benali,Jouets,Jeu de société,2,156.52,0.1,Allemagne,Magasin,1.95,5,281.73600000000005
CMD07009,2024-08-09,Paolo Bianchi,Sport,Ballon,3,1829.25,0.3,Espagne,Web,10.02,5,3841.4249999999997
CMD07010,2024-04-15,Emma Rossi,Maison,Lampadaire,5,1637.99,0.1,France,Magasin,5.13,4,7370.955
CMD07011,2024-04-22,Youssef El Amrani,Jouets,Peluche,3,828.18,0.2,France,App,3.68,1,1987.632
CMD07012,2024-09-26,Ali Benali,Électronique,Tablette,4,902.1,0.2,Italie,Magasin,7.04,3,2886.7200000000003
CMD07013,2024-01-13,Ali Benali,Jouets,Lego,3,1315.64,0.3,Allemagne,Magasin,2.6,5,2762.844
CMD07014,2024-03-11,Carlos Gomez,Maison,Machine à café,3,1972.46,0.25,Belgique,App,4.84,4,4438.035
CMD07015,2024-12-10,Youssef El Amrani,Sport,Vélo,1,975.05,0.25,Allemagne,Magasin,10.74,3,731.2874999999999
CMD07016,2024-01-12,Carlos Gomez,Mode,Veste,3,739.87,0.1,Allemagne,Magasin,11.33,2,1997.6490000000001
CMD07017,2024-01-10,Paolo Bianchi,Maison,Lampadaire,1,1667.92,0.2,Suisse,Magasin,1.78,4,1334.3360000000002
CMD07018,2024-12-28,Emma Rossi,Beauté,Shampoing,5,1879.24,0.3,Allemagne,App,4.81,1,6577.34
CMD07019,2024-08-15,Lucie Martin,Maison,Mixeur,3,734.94,0.25,Belgique,Web,12.15,3,1653.6150000000002
CMD07020,2024-08-19,Léa Durand,Électronique,TV 4K,3,910.91,0.3,Allemagne,Magasin,9.04,1,1912.9109999999998
CMD07021,2024-03-10,Ali Benali,Beauté,Crème visage,5,1651.8,0.25,France,App,1.07,5,6194.25
CMD07022,2024-10-26,Nina Müller,Beauté,Sérum,1,1040.05,0.3,Italie,App,8.97,3,728.035
CMD07023,2024-07-23,Ali Benali,Beauté,Parfum,1,1052.44,0.1,Suisse,Web,2.63,5,947.196
CMD07024,2024-04-14,Youssef El Amrani,Sport,Chaussures de sport,2,341.8,0.0,Belgique,App,9.63,4,683.6
CMD07025,2024-06-29,Ali Benali,Maison,Aspirateur,2,1408.07,0.0,Suisse,App,5.96,4,2816.14
CMD07026,2024-07-26,Youssef El Amrani,Sport,Tapis de course,4,1571.33,0.05,Allemagne,Magasin,8.96,3,5971.053999999999
CMD07027,2024-10-19,Youssef El Amrani,Beauté,Crème visage,2,118.22,0.0,Espagne,Magasin,2.55,5,236.44
CMD07028,2024-01-27,Nina Müller,Mode,Montre,2,554.18,0.3,Espagne,Web,7.58,1,775.8519999999999
CMD07029,2024-07-09,Paolo Bianchi,Maison,Ventilateur,2,1408.99,0.15,Italie,App,9.34,3,2395.283
CMD07030,2024-05-21,Paolo Bianchi,Beauté,Rouge à lèvres,2,570.69,0.3,Suisse,Magasin,9.09,3,798.966
CMD07031,2024-04-24,Emma Rossi,Maison,Mixeur,4,608.57,0.15,Italie,Magasin,5.05,1,2069.138
CMD07032,2024-03-17,Carlos Gomez,Beauté,Crème visage,1,802.31,0.3,Italie,Magasin,1.77,2,561.617
CMD07033,2024-10-12,Léa Durand,Jouets,Voiture téléguidée,1,539.92,0.0,France,App,3.88,3,539.92
CMD07034,2024-06-10,Emma Rossi,Beauté,Crème visage,1,748.4,0.25,Allemagne,Magasin,3.89,3,561.3
CMD07035,2024-05-14,Paolo Bianchi,Maison,Machine à café,1,634.4,0.1,Maroc,App,0.57,1,570.96
CMD07036,2024-07-20,Emma Rossi,Maison,Machine à café,5,1991.9,0.2,France,Magasin,3.27,5,7967.6
CMD07037,2024-06-20,Ali Benali,Mode,Veste,3,1720.64,0.1,France,Magasin,12.68,5,4645.728
CMD07038,2024-12-29,Léa Durand,Jouets,Jeu de société,1,466.22,0.05,Allemagne,App,14.44,4,442.909
CMD07039,2024-05-09,Sarah Moreau,Jouets,Lego,4,66.87,0.3,France,Web,0.63,3,187.236
CMD07040,2024-04-29,Sarah Moreau,Sport,Chaussures de sport,2,1434.85,0.3,France,App,11.57,3,2008.7899999999997
CMD07041,2024-04-21,Jean Dupont,Mode,Montre,4,1256.91,0.25,France,Magasin,10.04,4,3770.7300000000005
CMD07042,2024-08-28,Léa Durand,Beauté,Rouge à lèvres,2,664.83,0.25,Espagne,Magasin,11.58,2,997.2450000000001
CMD07043,2024-02-25,Nina Müller,Électronique,Smartphone,3,1119.34,0.15,Allemagne,App,5.92,1,2854.3169999999996
CMD07044,2024-05-28,Youssef El Amrani,Beauté,Sérum,2,1539.77,0.3,Espagne,Web,5.21,4,2155.678
CMD07045,2024-09-21,Lucie Martin,Sport,Chaussures de sport,1,1477.03,0.15,Suisse,Magasin,14.96,5,1255.4755
CMD07046,2024-01-24,Youssef El Amrani,Mode,Jean,2,1778.77,0.1,Espagne,Magasin,2.77,2,3201.786
CMD07047,2024-10-04,Sarah Moreau,Mode,Jean,2,1310.86,0.25,France,App,1.3,5,1966.29
CMD07048,2024-04-12,Emma Rossi,Mode,Jean,5,1117.89,0.15,Espagne,Magasin,5.85,2,4751.0325
CMD07049,2024-09-24,Ali Benali,Beauté,Parfum,4,1775.67,0.05,Allemagne,Magasin,12.78,4,6747.546
CMD07050,2024-11-03,Sarah Moreau,Beauté,Parfum,5,1748.75,0.2,Belgique,Magasin,1.72,4,6995.0
CMD07051,2024-08-07,Ali Benali,Maison,Machine à café,5,1488.9,0.0,Italie,Magasin,12.89,2,7444.5
CMD07052,2024-04-29,Lucie Martin,Électronique,Smartphone,4,529.56,0.05,Maroc,Magasin,4.1,2,2012.3279999999997
CMD07053,2024-08-02,Nina Müller,Maison,Mixeur,3,1382.31,0.3,Suisse,Magasin,12.83,5,2902.851
CMD07054,2024-11-09,Carlos Gomez,Électronique,TV 4K,4,1160.44,0.05,France,Magasin,7.86,1,4409.672
CMD07055,2024-07-02,Youssef El Amrani,Maison,Lampadaire,5,1313.26,0.05,France,App,14.84,5,6237.985
CMD07056,2024-06-22,Youssef El Amrani,Maison,Ventilateur,2,307.2,0.05,Allemagne,Web,0.85,4,583.68
CMD07057,2024-08-10,Emma Rossi,Électronique,Smartphone,3,1002.85,0.25,Espagne,App,14.12,2,2256.4125000000004
CMD07058,2024-05-04,Nina Müller,Mode,Jean,4,319.07,0.25,Allemagne,App,13.22,5,957.21
CMD07059,2024-05-26,Sarah Moreau,Électronique,TV 4K,3,220.07,0.05,France,Web,0.93,2,627.1995000000001
CMD07060,2024-01-18,Ali Benali,Beauté,Rouge à lèvres,5,1580.1,0.25,Allemagne,Magasin,5.45,4,5925.375
CMD07061,2024-01-26,Lucie Martin,Beauté,Rouge à lèvres,1,910.01,0.3,Espagne,Web,9.86,5,637.007
CMD07062,2024-02-20,Emma Rossi,Sport,Chaussures de sport,1,1604.54,0.2,Italie,App,8.29,1,1283.632
CMD07063,2024-10-26,Carlos Gomez,Maison,Lampadaire,4,1382.24,0.05,Belgique,Web,7.68,4,5252.512
CMD07064,2024-07-17,Youssef El Amrani,Mode,Jean,2,1143.1,0.15,France,Magasin,3.2,4,1943.2699999999998
CMD07065,2024-10-05,Paolo Bianchi,Jouets,Lego,5,1197.49,0.2,Suisse,Magasin,13.33,5,4789.96
CMD07066,2024-11-22,Lucie Martin,Mode,Montre,1,1674.13,0.1,Allemagne,Magasin,2.76,1,1506.717
CMD07067,2024-10-16,Ali Benali,Maison,Ventilateur,3,375.0,0.05,Suisse,Web,5.74,4,1068.75
CMD07068,2024-09-21,Carlos Gomez,Mode,Jean,3,1790.31,0.0,France,Magasin,12.08,5,5370.93
CMD07069,2024-01-20,Carlos Gomez,Maison,Machine à café,4,766.05,0.05,France,App,5.82,1,2910.99
CMD07070,2024-09-01,Sarah Moreau,Sport,Chaussures de sport,1,957.71,0.15,France,Web,11.1,5,814.0535
CMD07071,2024-12-22,Sarah Moreau,Électronique,Casque audio,2,81.86,0.15,Italie,Web,14.69,3,139.162
CMD07072,2024-04-08,Lucie Martin,Beauté,Sérum,4,544.34,0.3,Maroc,Web,4.94,3,1524.152
CMD07073,2024-06-15,Paolo Bianchi,Mode,Jean,2,1733.92,0.0,Allemagne,Magasin,2.84,1,3467.84
CMD07074,2024-02-17,Sarah Moreau,Beauté,Shampoing,5,678.34,0.0,Italie,Magasin,5.12,3,3391.7000000000003
CMD07075,2024-11-12,Ali Benali,Jouets,Lego,4,1804.21,0.25,Espagne,Magasin,11.92,2,5412.63
CMD07076,2024-09-14,Youssef El Amrani,Sport,Tapis de course,1,1183.93,0.25,Italie,App,8.36,3,887.9475
CMD07077,2024-11-08,Sarah Moreau,Maison,Machine à café,4,1813.9,0.3,France,App,3.89,4,5078.92
CMD07078,2024-12-28,Jean Dupont,Jouets,Peluche,1,1186.83,0.05,Italie,Web,5.49,5,1127.4885
CMD07079,2024-02-26,Youssef El Amrani,Mode,Jean,5,405.4,0.05,Italie,App,9.78,3,1925.6499999999999
CMD07080,2024-05-05,Jean Dupont,Électronique,TV 4K,5,1069.38,0.0,Maroc,App,7.67,2,5346.900000000001
CMD07081,2024-08-22,Emma Rossi,Maison,Machine à café,4,1528.12,0.2,Maroc,Web,9.4,3,4889.9839999999995
CMD07082,2024-03-25,Léa Durand,Mode,Veste,2,720.54,0.2,Suisse,App,2.62,4,1152.864
CMD07083,2024-01-20,Ali Benali,Beauté,Shampoing,2,1346.11,0.0,Maroc,Web,10.31,2,2692.22
CMD07084,2024-08-31,Ali Benali,Sport,Chaussures de sport,5,843.84,0.2,Italie,Magasin,7.02,4,3375.36
CMD07085,2024-09-03,Paolo Bianchi,Sport,Tapis de course,4,1907.86,0.1,Allemagne,Magasin,7.13,3,6868.295999999999
CMD07086,2024-02-13,Nina Müller,Sport,Ballon,5,992.46,0.15,France,Magasin,4.02,1,4217.955
CMD07087,2024-03-16,Emma Rossi,Mode,Montre,5,840.87,0.2,Allemagne,Magasin,11.92,5,3363.4800000000005
CMD07088,2024-01-08,Youssef El Amrani,Maison,Lampadaire,4,1839.22,0.25,Suisse,Magasin,3.96,3,5517.66
CMD07089,2024-01-12,Jean Dupont,Beauté,Parfum,3,1417.3,0.05,Suisse,App,11.91,4,4039.3049999999994
CMD07090,2024-07-04,Carlos Gomez,Jouets,Jeu de société,5,1888.36,0.0,Espagne,Web,7.79,2,9441.8
CMD07091,2024-05-14,Jean Dupont,Sport,Ballon,5,1755.13,0.25,Maroc,App,4.38,1,6581.737500000001
CMD07092,2024-04-12,Lucie Martin,Beauté,Shampoing,5,1909.07,0.25,Belgique,Magasin,12.62,5,7159.012500000001
CMD07093,2024-11-14,Léa Durand,Mode,Montre,1,1296.66,0.15,Maroc,App,2.77,4,1102.161
CMD07094,2024-04-30,Léa Durand,Jouets,Puzzle,5,716.26,0.15,Italie,Magasin,8.97,4,3044.105
CMD07095,2024-09-24,Paolo Bianchi,Sport,Ballon,4,124.81,0.3,Italie,Web,3.16,5,349.46799999999996
CMD07096,2024-01-13,Emma Rossi,Mode,Sac à main,4,1469.67,0.2,Allemagne,Magasin,5.62,1,4702.944
CMD07097,2024-04-29,Jean Dupont,Maison,Lampadaire,5,176.26,0.25,France,App,11.65,2,660.9749999999999
CMD07098,2024-02-27,Emma Rossi,Mode,Montre,5,556.23,0.0,Maroc,Magasin,13.46,2,2781.15
CMD07099,2024-04-12,Léa Durand,Maison,Mixeur,3,80.28,0.15,Italie,App,14.95,2,204.714
CMD07100,2024-10-26,Paolo Bianchi,Beauté,Parfum,5,1868.04,0.15,Espagne,Magasin,2.9,4,7939.17
CMD07101,2024-03-24,Léa Durand,Mode,Veste,5,1065.79,0.1,Espagne,Web,6.21,2,4796.055
CMD07102,2024-07-15,Lucie Martin,Électronique,Smartphone,1,133.95,0.2,Espagne,Magasin,6.69,4,107.16
CMD07103,2024-05-16,Jean Dupont,Mode,Chaussures,5,1476.64,0.15,Maroc,Magasin,9.13,1,6275.72
CMD07104,2024-11-03,Nina Müller,Électronique,Casque audio,2,1491.43,0.3,Espagne,Magasin,7.02,4,2088.002
CMD07105,2024-01-27,Youssef El Amrani,Jouets,Jeu de société,4,835.18,0.05,Allemagne,Web,7.86,5,3173.6839999999997
CMD07106,2024-12-24,Ali Benali,Mode,Sac à main,1,884.11,0.1,France,Magasin,10.36,5,795.6990000000001
CMD07107,2024-10-14,Carlos Gomez,Mode,Jean,2,302.97,0.0,Espagne,App,3.33,4,605.94
CMD07108,2024-08-17,Carlos Gomez,Mode,Veste,5,853.87,0.0,Belgique,App,10.76,5,4269.35
CMD07109,2024-02-22,Paolo Bianchi,Mode,Veste,5,992.71,0.15,Allemagne,Web,5.03,2,4219.0175
CMD07110,2024-10-12,Lucie Martin,Maison,Mixeur,5,255.58,0.15,Suisse,Web,7.91,4,1086.2150000000001
CMD07111,2024-01-20,Jean Dupont,Beauté,Rouge à lèvres,3,907.1,0.05,Belgique,Web,5.09,3,2585.235
CMD07112,2024-11-05,Jean Dupont,Jouets,Peluche,4,1564.76,0.15,Belgique,Magasin,11.15,4,5320.184
CMD07113,2024-05-29,Nina Müller,Électronique,Smartphone,4,790.52,0.1,Italie,Web,9.41,4,2845.872
CMD07114,2024-05-07,Ali Benali,Jouets,Voiture téléguidée,4,1097.01,0.1,Maroc,Web,1.44,2,3949.236
CMD07115,2024-02-11,Sarah Moreau,Sport,Tapis de course,2,846.96,0.3,Maroc,Web,11.29,4,1185.744
CMD07116,2024-03-11,Paolo Bianchi,Maison,Aspirateur,2,441.24,0.1,France,Web,11.46,2,794.2320000000001
CMD07117,2024-03-23,Sarah Moreau,Sport,Vélo,4,592.65,0.1,Italie,Web,5.99,3,2133.54
CMD07118,2024-07-16,Paolo Bianchi,Électronique,Smartphone,5,27.2,0.25,France,App,8.83,2,102.0
CMD07119,2024-10-01,Paolo Bianchi,Maison,Lampadaire,4,83.14,0.15,France,Web,10.24,5,282.676
CMD07120,2024-06-25,Sarah Moreau,Sport,Vélo,2,84.54,0.15,Italie,App,6.5,3,143.71800000000002
CMD07121,2024-12-05,Paolo Bianchi,Sport,Ballon,5,1823.45,0.2,France,App,7.38,3,7293.8
CMD07122,2024-02-20,Paolo Bianchi,Maison,Ventilateur,3,1250.61,0.1,France,Magasin,1.45,3,3376.647
CMD07123,2024-08-10,Léa Durand,Beauté,Shampoing,2,193.41,0.15,Belgique,Magasin,5.08,3,328.79699999999997
CMD07124,2024-04-12,Nina Müller,Sport,Chaussures de sport,3,1469.76,0.1,Espagne,Web,1.29,1,3968.352
CMD07125,2024-02-26,Carlos Gomez,Sport,Tapis de course,1,1334.4,0.25,France,App,7.83,4,1000.8000000000001
CMD07126,2024-01-30,Sarah Moreau,Électronique,Ordinateur portable,5,860.14,0.2,Maroc,Web,9.53,4,3440.56
CMD07127,2024-10-02,Carlos Gomez,Électronique,Ordinateur portable,1,521.35,0.05,France,Web,7.78,3,495.28249999999997
CMD07128,2024-06-28,Youssef El Amrani,Maison,Machine à café,4,1782.84,0.2,Maroc,App,5.5,1,5705.088
CMD07129,2024-11-18,Youssef El Amrani,Mode,Sac à main,2,382.76,0.05,Belgique,Magasin,12.72,1,727.2439999999999
CMD07130,2024-09-15,Jean Dupont,Sport,Vélo,5,293.06,0.1,France,Web,6.12,2,1318.77
CMD07131,2024-01-21,Youssef El Amrani,Mode,Jean,4,281.6,0.1,Maroc,Magasin,3.03,4,1013.7600000000001
CMD07132,2024-02-19,Lucie Martin,Maison,Mixeur,5,640.53,0.3,Suisse,App,5.42,1,2241.8549999999996
CMD07133,2024-02-04,Paolo Bianchi,Sport,Chaussures de sport,1,407.19,0.2,Italie,Web,7.66,3,325.752
CMD07134,2024-02-04,Emma Rossi,Jouets,Puzzle,5,1899.24,0.2,Belgique,App,1.43,1,7596.960000000001
CMD07135,2024-01-29,Youssef El Amrani,Jouets,Lego,1,454.55,0.25,Espagne,Web,0.02,3,340.9125
CMD07136,2024-07-10,Youssef El Amrani,Mode,Montre,5,1660.09,0.2,Suisse,Web,5.86,2,6640.36
CMD07137,2024-04-11,Nina Müller,Mode,Chaussures,4,447.74,0.15,Maroc,App,3.62,2,1522.316
CMD07138,2024-04-16,Ali Benali,Sport,Chaussures de sport,1,1462.4,0.25,Suisse,Web,10.6,3,1096.8000000000002
CMD07139,2024-11-03,Jean Dupont,Sport,Tapis de course,2,686.28,0.0,Italie,Magasin,2.46,5,1372.56
CMD07140,2024-05-01,Ali Benali,Beauté,Parfum,2,1821.39,0.0,Allemagne,Magasin,10.15,4,3642.78
CMD07141,2024-03-07,Youssef El Amrani,Électronique,TV 4K,1,868.02,0.2,Espagne,App,13.12,4,694.416
CMD07142,2024-09-30,Jean Dupont,Mode,Chaussures,1,660.47,0.15,Italie,App,13.79,5,561.3995
CMD07143,2024-02-20,Ali Benali,Jouets,Jeu de société,1,933.67,0.15,France,App,13.08,2,793.6194999999999
CMD07144,2024-06-08,Ali Benali,Sport,Ballon,2,1261.11,0.1,Espagne,Magasin,13.34,5,2269.998
CMD07145,2024-05-06,Ali Benali,Sport,Tapis de course,5,1107.86,0.2,Espagne,Web,7.91,3,4431.44
CMD07146,2024-08-06,Carlos Gomez,Mode,Sac à main,1,1367.83,0.25,Suisse,Web,3.07,2,1025.8725
CMD07147,2024-05-19,Nina Müller,Maison,Aspirateur,3,481.15,0.1,Italie,Magasin,0.32,1,1299.1049999999998
CMD07148,2024-02-16,Carlos Gomez,Électronique,Tablette,2,1733.29,0.15,France,Magasin,13.01,2,2946.593
CMD07149,2024-09-28,Emma Rossi,Sport,Tapis de course,5,1936.63,0.2,France,Magasin,10.38,5,7746.520000000001
CMD07150,2024-06-27,Sarah Moreau,Électronique,Tablette,1,666.82,0.15,Espagne,Web,10.35,3,566.797
CMD07151,2024-03-10,Lucie Martin,Sport,Ballon,5,821.61,0.3,Maroc,Web,9.29,3,2875.6349999999998
CMD07152,2024-10-12,Ali Benali,Maison,Lampadaire,4,34.99,0.1,France,App,11.05,2,125.96400000000001
CMD07153,2024-08-07,Emma Rossi,Sport,Ballon,2,242.7,0.15,Allemagne,App,4.86,5,412.59
CMD07154,2024-09-15,Carlos Gomez,Beauté,Sérum,3,368.17,0.1,Allemagne,Magasin,14.02,2,994.059
CMD07155,2024-05-02,Paolo Bianchi,Beauté,Sérum,4,1469.31,0.05,France,Magasin,11.39,2,5583.378
CMD07156,2024-02-13,Carlos Gomez,Électronique,Smartphone,1,896.96,0.1,Maroc,Web,6.91,2,807.264
CMD07157,2024-10-05,Nina Müller,Beauté,Shampoing,2,917.86,0.15,Maroc,Magasin,4.55,3,1560.362
CMD07158,2024-04-26,Jean Dupont,Beauté,Parfum,1,1433.66,0.05,Suisse,Magasin,0.52,2,1361.977
CMD07159,2024-10-21,Ali Benali,Électronique,Tablette,5,399.56,0.05,Maroc,App,5.6,5,1897.9099999999999
CMD07160,2024-06-25,Lucie Martin,Jouets,Puzzle,2,636.28,0.1,Suisse,Web,3.78,3,1145.304
CMD07161,2024-11-16,Léa Durand,Maison,Ventilateur,3,1327.14,0.0,Allemagne,Web,14.51,1,3981.42
CMD07162,2024-07-17,Paolo Bianchi,Beauté,Crème visage,1,788.14,0.1,France,Magasin,9.18,1,709.326
CMD07163,2024-05-12,Nina Müller,Sport,Chaussures de sport,4,1585.83,0.25,Allemagne,Magasin,12.57,3,4757.49
CMD07164,2024-11-18,Nina Müller,Jouets,Voiture téléguidée,1,720.07,0.3,Belgique,App,8.85,3,504.049
CMD07165,2024-03-30,Sarah Moreau,Mode,Jean,3,871.67,0.2,Allemagne,Web,11.44,2,2092.008
CMD07166,2024-11-18,Sarah Moreau,Électronique,Ordinateur portable,3,1130.12,0.25,Italie,Magasin,7.92,4,2542.7699999999995
CMD07167,2024-12-24,Nina Müller,Maison,Mixeur,5,957.28,0.3,Maroc,App,3.95,4,3350.4799999999996
CMD07168,2024-04-29,Emma Rossi,Beauté,Rouge à lèvres,4,603.61,0.3,Espagne,Web,11.7,3,1690.108
CMD07169,2024-12-05,Jean Dupont,Beauté,Sérum,5,161.24,0.25,Belgique,Magasin,7.58,4,604.6500000000001
CMD07170,2024-12-30,Nina Müller,Jouets,Jeu de société,2,1388.5,0.0,Maroc,App,9.57,4,2777.0
CMD07171,2024-08-17,Jean Dupont,Électronique,Tablette,2,284.0,0.0,Italie,Web,3.62,3,568.0
CMD07172,2024-12-07,Lucie Martin,Beauté,Shampoing,2,200.41,0.2,Suisse,Web,14.16,5,320.656
CMD07173,2024-02-08,Ali Benali,Jouets,Peluche,4,1568.67,0.2,Espagne,Magasin,2.67,3,5019.744000000001
CMD07174,2024-06-18,Jean Dupont,Maison,Mixeur,5,175.12,0.05,Allemagne,Magasin,0.23,5,831.8199999999999
CMD07175,2024-06-17,Ali Benali,Maison,Lampadaire,1,1560.11,0.25,Suisse,Magasin,11.28,3,1170.0825
CMD07176,2024-03-08,Jean Dupont,Jouets,Lego,3,1297.76,0.1,Italie,App,14.42,4,3503.9519999999998
CMD07177,2024-05-25,Sarah Moreau,Sport,Ballon,3,976.09,0.1,Italie,App,6.78,4,2635.443
CMD07178,2024-12-13,Nina Müller,Maison,Ventilateur,1,616.97,0.1,Maroc,Magasin,2.05,4,555.273
CMD07179,2024-07-11,Lucie Martin,Mode,Montre,3,1548.57,0.05,Belgique,Magasin,0.18,4,4413.4245
CMD07180,2024-07-11,Lucie Martin,Beauté,Sérum,2,122.19,0.3,Belgique,App,8.86,2,171.06599999999997
CMD07181,2024-10-24,Emma Rossi,Jouets,Lego,4,985.19,0.0,Maroc,App,12.14,2,3940.76
CMD07182,2024-11-13,Youssef El Amrani,Sport,Tapis de course,5,292.67,0.2,Allemagne,Web,13.0,2,1170.68
CMD07183,2024-11-17,Nina Müller,Mode,Sac à main,3,924.16,0.1,France,App,12.98,1,2495.232
CMD07184,2024-01-05,Emma Rossi,Mode,Veste,5,926.24,0.3,Italie,App,5.44,4,3241.8399999999997
CMD07185,2024-10-05,Emma Rossi,Beauté,Crème visage,1,932.61,0.05,Espagne,Web,10.68,3,885.9794999999999
CMD07186,2024-10-06,Youssef El Amrani,Maison,Aspirateur,2,963.86,0.15,Allemagne,App,4.14,2,1638.562
CMD07187,2024-06-28,Carlos Gomez,Mode,Chaussures,5,1111.27,0.2,Maroc,Magasin,4.18,4,4445.080000000001
CMD07188,2024-06-02,Youssef El Amrani,Jouets,Jeu de société,1,1260.01,0.0,Allemagne,Magasin,1.56,2,1260.01
CMD07189,2024-04-07,Ali Benali,Mode,Sac à main,3,155.31,0.1,Suisse,Magasin,2.53,3,419.337
CMD07190,2024-12-25,Carlos Gomez,Maison,Aspirateur,5,626.92,0.25,Allemagne,Web,9.75,4,2350.95
CMD07191,2024-08-18,Carlos Gomez,Mode,Jean,5,1924.25,0.25,France,Web,3.05,2,7215.9375
CMD07192,2024-09-03,Nina Müller,Beauté,Parfum,5,1059.66,0.1,Belgique,Magasin,12.55,4,4768.47
CMD07193,2024-04-20,Paolo Bianchi,Électronique,Casque audio,1,1541.99,0.2,Allemagne,Web,11.24,5,1233.592
CMD07194,2024-10-23,Sarah Moreau,Électronique,TV 4K,3,1142.65,0.2,France,Web,11.74,4,2742.3600000000006
CMD07195,2024-02-06,Sarah Moreau,Beauté,Sérum,4,675.52,0.3,Maroc,Web,6.66,3,1891.456
CMD07196,2024-08-30,Carlos Gomez,Maison,Aspirateur,3,906.11,0.25,Suisse,App,3.19,1,2038.7475
CMD07197,2024-04-22,Lucie Martin,Mode,Sac à main,3,1772.38,0.25,Allemagne,Web,9.23,3,3987.8550000000005
CMD07198,2024-01-13,Emma Rossi,Beauté,Rouge à lèvres,1,445.73,0.2,Suisse,Magasin,13.68,3,356.58400000000006
CMD07199,2024-04-05,Sarah Moreau,Beauté,Shampoing,2,1157.4,0.0,Suisse,Web,4.59,2,2314.8
CMD07200,2024-03-23,Ali Benali,Jouets,Jeu de société,1,690.24,0.1,Italie,Magasin,3.19,2,621.216
CMD07201,2024-05-24,Emma Rossi,Sport,Tapis de course,1,1613.11,0.0,Italie,App,8.98,2,1613.11
CMD07202,2024-04-11,Paolo Bianchi,Beauté,Sérum,3,1916.94,0.0,Espagne,Web,3.46,1,5750.82
CMD07203,2024-02-01,Nina Müller,Maison,Machine à café,5,233.81,0.2,Suisse,Magasin,7.3,1,935.24
CMD07204,2024-07-01,Paolo Bianchi,Beauté,Sérum,4,1745.39,0.2,Allemagne,Web,4.12,5,5585.2480000000005
CMD07205,2024-06-15,Youssef El Amrani,Mode,Chaussures,1,1990.61,0.25,Belgique,Magasin,14.38,3,1492.9575
CMD07206,2024-06-21,Youssef El Amrani,Maison,Mixeur,5,1856.65,0.1,Espagne,App,7.3,2,8354.925000000001
CMD07207,2024-08-13,Emma Rossi,Jouets,Lego,1,1630.71,0.2,Belgique,Web,5.72,2,1304.5680000000002
CMD07208,2024-12-04,Lucie Martin,Maison,Aspirateur,3,1246.65,0.15,Maroc,Web,5.48,5,3178.9575
CMD07209,2024-12-04,Emma Rossi,Jouets,Puzzle,3,134.65,0.25,France,Magasin,0.27,4,302.96250000000003
CMD07210,2024-08-20,Léa Durand,Beauté,Rouge à lèvres,5,138.47,0.0,Suisse,Web,12.15,5,692.35
CMD07211,2024-10-31,Youssef El Amrani,Mode,Chaussures,1,791.78,0.3,Belgique,Magasin,5.64,2,554.246
CMD07212,2024-07-01,Ali Benali,Mode,Jean,1,1022.92,0.05,Italie,App,13.8,1,971.7739999999999
CMD07213,2024-08-20,Paolo Bianchi,Mode,Chaussures,5,331.54,0.3,Belgique,Web,0.4,1,1160.3899999999999
CMD07214,2024-06-11,Youssef El Amrani,Maison,Machine à café,4,299.91,0.0,Italie,Web,10.97,2,1199.64
CMD07215,2024-04-11,Jean Dupont,Mode,Chaussures,5,871.76,0.1,Italie,Web,3.67,5,3922.92
CMD07216,2024-08-08,Léa Durand,Jouets,Jeu de société,5,1538.15,0.25,Belgique,App,7.56,2,5768.0625
CMD07217,2024-03-21,Youssef El Amrani,Maison,Mixeur,4,1190.8,0.3,Espagne,Magasin,1.05,1,3334.24
CMD07218,2024-08-15,Léa Durand,Beauté,Shampoing,4,1840.43,0.0,Allemagne,App,9.5,1,7361.72
CMD07219,2024-02-25,Léa Durand,Électronique,Casque audio,5,1698.47,0.1,Allemagne,Magasin,13.54,2,7643.115000000001
CMD07220,2024-09-16,Lucie Martin,Maison,Aspirateur,5,648.89,0.1,Italie,Magasin,0.71,1,2920.005
CMD07221,2024-11-09,Lucie Martin,Beauté,Sérum,2,428.76,0.3,France,App,10.69,1,600.2639999999999
CMD07222,2024-04-29,Nina Müller,Beauté,Crème visage,4,598.93,0.3,Maroc,Web,13.52,1,1677.0039999999997
CMD07223,2024-12-10,Jean Dupont,Mode,Veste,4,277.91,0.25,Suisse,App,11.56,5,833.73
CMD07224,2024-10-19,Léa Durand,Sport,Ballon,4,160.69,0.05,Espagne,Magasin,14.84,3,610.622
CMD07225,2024-01-17,Lucie Martin,Beauté,Crème visage,2,1180.96,0.0,France,Magasin,3.89,4,2361.92
CMD07226,2024-02-19,Jean Dupont,Électronique,Ordinateur portable,4,883.69,0.2,Italie,Magasin,5.61,4,2827.8080000000004
CMD07227,2024-03-20,Ali Benali,Électronique,Tablette,3,39.48,0.15,Espagne,Web,10.08,2,100.67399999999999
CMD07228,2024-08-01,Lucie Martin,Électronique,TV 4K,1,1521.1,0.2,France,Web,0.83,1,1216.8799999999999
CMD07229,2024-02-05,Nina Müller,Jouets,Lego,4,1582.5,0.05,Allemagne,Web,6.83,4,6013.5
CMD07230,2024-12-11,Carlos Gomez,Jouets,Puzzle,1,1037.17,0.3,Espagne,App,1.77,5,726.019
CMD07231,2024-10-12,Jean Dupont,Mode,Montre,4,1623.06,0.05,France,Magasin,0.4,4,6167.628
CMD07232,2024-11-29,Léa Durand,Électronique,TV 4K,2,206.86,0.1,Maroc,Web,3.86,1,372.348
CMD07233,2024-06-03,Lucie Martin,Mode,Montre,2,1219.85,0.1,Allemagne,App,2.81,2,2195.73
CMD07234,2024-07-06,Carlos Gomez,Beauté,Parfum,3,316.8,0.05,Belgique,Magasin,14.21,3,902.88
CMD07235,2024-11-02,Emma Rossi,Sport,Ballon,1,1009.98,0.15,Italie,App,0.69,4,858.483
CMD07236,2024-09-18,Carlos Gomez,Sport,Chaussures de sport,4,222.56,0.05,France,App,3.74,4,845.728
CMD07237,2024-11-27,Emma Rossi,Électronique,TV 4K,2,1247.11,0.1,France,App,8.6,1,2244.798
CMD07238,2024-05-24,Carlos Gomez,Électronique,Tablette,2,967.39,0.1,Maroc,Web,5.76,3,1741.302
CMD07239,2024-07-25,Ali Benali,Électronique,Ordinateur portable,5,24.94,0.2,France,Magasin,14.63,5,99.76
CMD07240,2024-06-01,Nina Müller,Électronique,TV 4K,5,1003.05,0.05,Italie,Web,11.64,3,4764.4875
CMD07241,2024-01-10,Youssef El Amrani,Maison,Mixeur,5,1103.29,0.3,Maroc,Web,0.48,1,3861.5149999999994
CMD07242,2024-12-30,Emma Rossi,Électronique,Smartphone,1,1240.79,0.3,Allemagne,App,14.3,5,868.5529999999999
CMD07243,2024-06-15,Lucie Martin,Électronique,Tablette,4,94.45,0.15,Suisse,App,5.68,5,321.13
CMD07244,2024-10-23,Léa Durand,Électronique,Casque audio,5,1432.06,0.2,France,App,7.29,3,5728.24
CMD07245,2024-07-16,Jean Dupont,Électronique,Tablette,4,354.09,0.3,Espagne,App,6.77,1,991.4519999999999
CMD07246,2024-06-01,Carlos Gomez,Beauté,Rouge à lèvres,1,735.01,0.15,Allemagne,Magasin,8.41,4,624.7585
CMD07247,2024-03-08,Sarah Moreau,Jouets,Jeu de société,5,1779.53,0.3,Allemagne,Magasin,9.23,2,6228.355
CMD07248,2024-05-11,Ali Benali,Jouets,Voiture téléguidée,1,1820.09,0.2,Italie,Magasin,5.76,4,1456.0720000000001
CMD07249,2024-05-14,Jean Dupont,Beauté,Sérum,3,151.41,0.3,Maroc,Magasin,13.0,4,317.961
CMD07250,2024-05-01,Lucie Martin,Électronique,Tablette,1,1921.43,0.25,Italie,Magasin,11.0,1,1441.0725
CMD07251,2024-01-03,Youssef El Amrani,Électronique,Smartphone,4,1278.22,0.25,Italie,App,12.84,1,3834.66
CMD07252,2024-04-16,Ali Benali,Jouets,Lego,4,1464.05,0.25,Maroc,Magasin,13.95,2,4392.15
CMD07253,2024-07-03,Nina Müller,Sport,Vélo,4,1384.31,0.1,Italie,App,13.77,1,4983.516
CMD07254,2024-09-27,Paolo Bianchi,Sport,Ballon,4,1452.96,0.2,Espagne,App,9.35,3,4649.472000000001
CMD07255,2024-05-28,Léa Durand,Jouets,Jeu de société,1,1577.32,0.25,Espagne,Magasin,7.35,1,1182.99
CMD07256,2024-08-31,Nina Müller,Jouets,Jeu de société,4,1704.96,0.15,France,Web,4.54,3,5796.864
CMD07257,2024-09-20,Paolo Bianchi,Maison,Machine à café,3,1444.88,0.25,Maroc,Web,6.28,5,3250.9800000000005
CMD07258,2024-05-09,Léa Durand,Jouets,Jeu de société,3,1625.02,0.3,Allemagne,Magasin,3.97,3,3412.5419999999995
CMD07259,2024-06-07,Sarah Moreau,Sport,Ballon,3,314.58,0.15,Suisse,Web,2.15,4,802.179
CMD07260,2024-03-09,Jean Dupont,Maison,Ventilateur,5,311.03,0.0,France,Magasin,13.06,2,1555.1499999999999
CMD07261,2024-11-05,Carlos Gomez,Maison,Lampadaire,4,1640.8,0.3,Maroc,App,13.32,2,4594.24
CMD07262,2024-03-21,Sarah Moreau,Électronique,Casque audio,2,1319.43,0.1,Italie,Web,6.32,2,2374.974
CMD07263,2024-05-13,Emma Rossi,Sport,Raquette,1,1281.95,0.0,Allemagne,Magasin,14.19,5,1281.95
CMD07264,2024-12-12,Lucie Martin,Beauté,Rouge à lèvres,3,290.7,0.1,Espagne,App,12.54,2,784.89
CMD07265,2024-03-01,Léa Durand,Sport,Raquette,3,557.25,0.05,Belgique,Web,0.7,3,1588.1625
CMD07266,2024-10-30,Léa Durand,Beauté,Rouge à lèvres,2,1328.99,0.3,Maroc,Magasin,11.68,2,1860.5859999999998
CMD07267,2024-08-20,Jean Dupont,Jouets,Puzzle,1,399.58,0.0,Suisse,Web,6.11,3,399.58
CMD07268,2024-06-21,Ali Benali,Électronique,Ordinateur portable,2,224.24,0.0,France,Web,8.71,5,448.48
CMD07269,2024-04-01,Nina Müller,Jouets,Lego,1,901.65,0.25,Italie,Web,1.77,1,676.2375
CMD07270,2024-05-05,Lucie Martin,Sport,Ballon,1,1599.99,0.3,Allemagne,Magasin,9.41,2,1119.993
CMD07271,2024-03-09,Carlos Gomez,Sport,Chaussures de sport,2,1922.84,0.2,Belgique,Web,0.62,1,3076.544
CMD07272,2024-01-21,Léa Durand,Beauté,Parfum,5,1544.95,0.3,Espagne,App,3.06,3,5407.325
CMD07273,2024-02-26,Lucie Martin,Sport,Vélo,5,1307.65,0.1,France,Magasin,6.7,2,5884.425
CMD07274,2024-01-01,Jean Dupont,Jouets,Lego,2,1146.85,0.1,France,Magasin,5.94,5,2064.33
CMD07275,2024-05-19,Youssef El Amrani,Beauté,Sérum,2,144.46,0.05,France,Magasin,0.11,1,274.474
CMD07276,2024-04-02,Lucie Martin,Jouets,Peluche,3,1668.91,0.25,France,Web,14.64,3,3755.0475000000006
CMD07277,2024-10-08,Jean Dupont,Électronique,TV 4K,2,128.67,0.2,Belgique,App,14.12,4,205.87199999999999
CMD07278,2024-07-30,Paolo Bianchi,Beauté,Shampoing,5,1573.81,0.2,Italie,Web,6.46,5,6295.24
CMD07279,2024-06-21,Léa Durand,Jouets,Puzzle,3,267.94,0.3,France,Web,1.65,3,562.6739999999999
CMD07280,2024-03-19,Sarah Moreau,Jouets,Lego,3,982.94,0.3,Suisse,Web,7.65,5,2064.174
CMD07281,2024-09-29,Carlos Gomez,Électronique,Smartphone,4,527.28,0.1,Suisse,Magasin,13.34,5,1898.2079999999999
CMD07282,2024-05-01,Léa Durand,Beauté,Sérum,1,872.26,0.0,Italie,App,10.93,3,872.26
CMD07283,2024-10-09,Nina Müller,Jouets,Voiture téléguidée,2,792.82,0.3,Belgique,Magasin,4.71,3,1109.948
CMD07284,2024-10-08,Carlos Gomez,Électronique,Smartphone,2,887.23,0.1,Maroc,App,10.58,5,1597.0140000000001
CMD07285,2024-08-21,Nina Müller,Jouets,Lego,2,1076.4,0.2,France,Web,10.32,3,1722.2400000000002
CMD07286,2024-06-21,Lucie Martin,Beauté,Parfum,5,749.39,0.15,Suisse,Magasin,5.1,4,3184.9075
CMD07287,2024-02-20,Jean Dupont,Électronique,Smartphone,3,1677.05,0.05,Belgique,App,0.3,1,4779.5925
CMD07288,2024-02-13,Ali Benali,Jouets,Voiture téléguidée,1,210.84,0.0,Suisse,Web,4.87,3,210.84
CMD07289,2024-08-25,Sarah Moreau,Mode,Montre,3,501.51,0.25,Allemagne,Magasin,6.47,2,1128.3975
CMD07290,2024-03-21,Lucie Martin,Sport,Vélo,4,1439.61,0.25,France,App,3.28,5,4318.83
CMD07291,2024-08-25,Emma Rossi,Beauté,Crème visage,3,530.14,0.05,Belgique,Magasin,12.57,5,1510.899
CMD07292,2024-05-31,Nina Müller,Mode,Veste,2,1360.65,0.25,France,Web,12.11,3,2040.9750000000001
CMD07293,2024-11-13,Carlos Gomez,Mode,Jean,2,579.77,0.15,Italie,Web,7.36,3,985.6089999999999
CMD07294,2024-03-14,Carlos Gomez,Sport,Vélo,4,981.04,0.15,Suisse,Magasin,4.07,2,3335.5359999999996
CMD07295,2024-07-09,Carlos Gomez,Mode,Veste,2,140.49,0.25,Allemagne,App,6.1,3,210.735
CMD07296,2024-09-09,Sarah Moreau,Jouets,Lego,2,333.65,0.05,Italie,Web,7.1,1,633.935
CMD07297,2024-01-07,Paolo Bianchi,Maison,Lampadaire,4,1055.49,0.2,Suisse,App,2.98,2,3377.568
CMD07298,2024-02-14,Sarah Moreau,Électronique,Ordinateur portable,2,1596.32,0.2,France,App,8.15,1,2554.112
CMD07299,2024-11-17,Nina Müller,Maison,Lampadaire,1,1926.88,0.0,Belgique,Magasin,5.75,5,1926.88
CMD07300,2024-03-11,Sarah Moreau,Jouets,Peluche,2,897.75,0.3,Suisse,App,6.38,3,1256.85
CMD07301,2024-04-30,Ali Benali,Électronique,Ordinateur portable,3,608.83,0.3,Belgique,App,2.81,3,1278.5430000000001
CMD07302,2024-03-14,Lucie Martin,Mode,Montre,2,1618.41,0.0,Suisse,App,5.12,2,3236.82
CMD07303,2024-09-01,Lucie Martin,Maison,Aspirateur,2,807.82,0.3,Suisse,Magasin,6.99,5,1130.948
CMD07304,2024-08-04,Paolo Bianchi,Jouets,Puzzle,3,719.25,0.0,Maroc,Web,11.88,3,2157.75
CMD07305,2024-08-20,Emma Rossi,Maison,Lampadaire,3,1418.18,0.15,Maroc,Magasin,9.31,3,3616.359
CMD07306,2024-06-16,Lucie Martin,Électronique,TV 4K,1,1963.42,0.15,Italie,Magasin,13.35,5,1668.907
CMD07307,2024-07-09,Emma Rossi,Mode,Jean,5,78.75,0.2,Belgique,Magasin,6.42,3,315.0
CMD07308,2024-03-12,Jean Dupont,Électronique,TV 4K,5,1906.81,0.1,Italie,Web,10.76,2,8580.645
CMD07309,2024-08-24,Lucie Martin,Maison,Ventilateur,5,358.92,0.25,Italie,Web,1.94,1,1345.95
CMD07310,2024-08-23,Ali Benali,Jouets,Puzzle,5,556.49,0.3,Italie,Web,3.96,3,1947.7149999999997
CMD07311,2024-05-12,Ali Benali,Jouets,Voiture téléguidée,3,1844.55,0.0,Maroc,App,4.91,3,5533.65
CMD07312,2024-06-25,Carlos Gomez,Électronique,TV 4K,2,769.75,0.25,Espagne,App,12.4,4,1154.625
CMD07313,2024-07-26,Ali Benali,Jouets,Jeu de société,4,1412.93,0.0,Allemagne,App,3.16,2,5651.72
CMD07314,2024-02-02,Sarah Moreau,Mode,Jean,4,935.11,0.0,Maroc,App,5.32,3,3740.44
CMD07315,2024-01-28,Nina Müller,Mode,Veste,2,484.14,0.25,France,Web,0.08,1,726.21
CMD07316,2024-01-15,Ali Benali,Électronique,TV 4K,1,102.66,0.0,Allemagne,App,4.4,1,102.66
CMD07317,2024-01-14,Paolo Bianchi,Électronique,Ordinateur portable,1,864.85,0.3,France,App,12.35,2,605.395
CMD07318,2024-03-16,Emma Rossi,Maison,Ventilateur,3,355.49,0.15,Allemagne,Web,5.75,3,906.4995
CMD07319,2024-01-17,Carlos Gomez,Sport,Tapis de course,4,151.16,0.3,Allemagne,Web,10.49,3,423.248
CMD07320,2024-06-14,Carlos Gomez,Maison,Mixeur,3,94.67,0.1,Belgique,App,10.74,3,255.609
CMD07321,2024-06-22,Jean Dupont,Maison,Machine à café,5,514.87,0.3,Espagne,Magasin,9.84,1,1802.0449999999998
CMD07322,2024-04-27,Carlos Gomez,Électronique,Smartphone,3,130.71,0.25,Italie,Magasin,7.13,2,294.09749999999997
CMD07323,2024-11-18,Youssef El Amrani,Mode,Montre,4,804.96,0.05,Espagne,App,0.55,4,3058.848
CMD07324,2024-03-19,Paolo Bianchi,Électronique,TV 4K,1,139.05,0.3,Italie,Web,8.02,5,97.33500000000001
CMD07325,2024-08-11,Youssef El Amrani,Sport,Raquette,2,1488.56,0.05,Suisse,Magasin,11.58,5,2828.2639999999997
CMD07326,2024-01-08,Lucie Martin,Électronique,Tablette,4,122.6,0.0,Maroc,Web,1.55,3,490.4
CMD07327,2024-09-05,Nina Müller,Beauté,Rouge à lèvres,5,1997.1,0.2,France,App,1.76,3,7988.400000000001
CMD07328,2024-01-15,Paolo Bianchi,Maison,Mixeur,5,220.95,0.25,Maroc,Magasin,3.27,2,828.5625
CMD07329,2024-10-18,Youssef El Amrani,Beauté,Shampoing,2,1889.18,0.3,Espagne,App,12.93,4,2644.852
CMD07330,2024-04-26,Jean Dupont,Beauté,Parfum,5,1634.96,0.1,Espagne,Web,9.5,3,7357.320000000001
CMD07331,2024-03-10,Jean Dupont,Beauté,Sérum,1,543.04,0.15,Allemagne,App,14.89,5,461.58399999999995
CMD07332,2024-07-14,Léa Durand,Électronique,Tablette,4,706.49,0.3,Suisse,Magasin,5.03,3,1978.1719999999998
CMD07333,2024-03-11,Sarah Moreau,Sport,Tapis de course,1,627.57,0.25,Allemagne,App,12.14,5,470.6775
CMD07334,2024-03-16,Carlos Gomez,Électronique,TV 4K,1,668.47,0.3,Italie,App,6.76,3,467.929
CMD07335,2024-11-24,Youssef El Amrani,Maison,Machine à café,1,1046.68,0.2,Maroc,Web,1.19,3,837.344
CMD07336,2024-12-24,Paolo Bianchi,Électronique,Tablette,4,1212.38,0.15,Italie,App,14.87,5,4122.092000000001
CMD07337,2024-12-14,Sarah Moreau,Maison,Ventilateur,4,716.6,0.05,Maroc,App,10.97,5,2723.08
CMD07338,2024-12-30,Léa Durand,Jouets,Voiture téléguidée,3,20.5,0.15,Espagne,App,13.19,5,52.275
CMD07339,2024-11-14,Emma Rossi,Jouets,Voiture téléguidée,5,1968.53,0.05,France,Magasin,2.53,4,9350.5175
CMD07340,2024-12-20,Jean Dupont,Jouets,Puzzle,3,1040.43,0.25,Italie,App,9.48,1,2340.9674999999997
CMD07341,2024-10-23,Carlos Gomez,Beauté,Sérum,2,1947.47,0.05,Maroc,Web,12.33,5,3700.1929999999998
CMD07342,2024-03-18,Ali Benali,Jouets,Puzzle,5,1461.46,0.05,France,Magasin,5.12,4,6941.9349999999995
CMD07343,2024-06-16,Nina Müller,Jouets,Voiture téléguidée,1,1392.73,0.0,Belgique,Web,9.0,1,1392.73
CMD07344,2024-08-16,Nina Müller,Électronique,Casque audio,5,1013.95,0.0,Italie,App,6.54,2,5069.75
CMD07345,2024-11-09,Sarah Moreau,Jouets,Lego,5,1505.1,0.25,Italie,Magasin,2.96,2,5644.125
CMD07346,2024-12-10,Lucie Martin,Sport,Raquette,3,1254.12,0.1,Espagne,Magasin,6.56,4,3386.124
CMD07347,2024-05-09,Youssef El Amrani,Électronique,Casque audio,5,205.33,0.25,Italie,Magasin,5.85,1,769.9875000000001
CMD07348,2024-01-05,Jean Dupont,Mode,Chaussures,1,444.24,0.0,France,App,1.09,1,444.24
CMD07349,2024-05-21,Jean Dupont,Maison,Mixeur,4,1926.67,0.3,Espagne,Magasin,9.17,3,5394.6759999999995
CMD07350,2024-02-21,Nina Müller,Sport,Chaussures de sport,4,1722.97,0.0,Espagne,Magasin,9.39,3,6891.88
CMD07351,2024-09-28,Emma Rossi,Mode,Sac à main,4,1135.27,0.1,Maroc,App,1.73,2,4086.972
CMD07352,2024-04-28,Ali Benali,Sport,Raquette,5,1581.24,0.0,Italie,Web,3.03,1,7906.2
CMD07353,2024-09-01,Jean Dupont,Mode,Jean,4,58.68,0.1,Italie,Web,0.16,1,211.248
CMD07354,2024-06-18,Léa Durand,Jouets,Voiture téléguidée,4,611.67,0.05,Italie,App,9.66,2,2324.3459999999995
CMD07355,2024-02-12,Carlos Gomez,Électronique,TV 4K,3,773.68,0.05,Suisse,App,11.03,3,2204.988
CMD07356,2024-09-28,Ali Benali,Mode,Veste,3,497.54,0.15,Espagne,Magasin,7.86,1,1268.727
CMD07357,2024-12-15,Sarah Moreau,Électronique,Tablette,1,50.43,0.2,Maroc,Magasin,2.59,1,40.344
CMD07358,2024-09-13,Jean Dupont,Jouets,Peluche,2,1035.74,0.15,Italie,Web,0.62,3,1760.758
CMD07359,2024-08-25,Léa Durand,Beauté,Sérum,3,929.59,0.15,Suisse,Web,12.91,3,2370.4545
CMD07360,2024-04-09,Ali Benali,Maison,Aspirateur,3,1693.43,0.0,Belgique,App,9.91,2,5080.29
CMD07361,2024-05-30,Jean Dupont,Jouets,Lego,2,314.14,0.0,France,App,9.6,3,628.28
CMD07362,2024-04-09,Jean Dupont,Sport,Raquette,2,365.2,0.0,France,Magasin,13.33,1,730.4
CMD07363,2024-07-17,Jean Dupont,Beauté,Shampoing,1,1955.81,0.1,Espagne,App,8.96,4,1760.229
CMD07364,2024-11-16,Léa Durand,Sport,Tapis de course,1,898.59,0.15,Belgique,Web,13.49,5,763.8015
CMD07365,2024-01-08,Jean Dupont,Mode,Veste,4,1500.02,0.2,Espagne,App,8.86,1,4800.064
CMD07366,2024-10-15,Lucie Martin,Beauté,Rouge à lèvres,1,609.83,0.0,Suisse,Web,13.59,1,609.83
CMD07367,2024-10-25,Youssef El Amrani,Sport,Vélo,4,235.84,0.3,Belgique,Web,12.21,1,660.352
CMD07368,2024-03-25,Carlos Gomez,Mode,Montre,2,1834.02,0.15,Espagne,Magasin,7.49,5,3117.834
CMD07369,2024-10-04,Nina Müller,Maison,Aspirateur,5,1187.96,0.15,France,Magasin,12.11,5,5048.83
CMD07370,2024-09-27,Jean Dupont,Jouets,Puzzle,2,1191.57,0.05,Belgique,App,9.79,5,2263.9829999999997
CMD07371,2024-11-04,Nina Müller,Maison,Mixeur,3,677.88,0.05,Maroc,Web,2.14,4,1931.9579999999999
CMD07372,2024-06-10,Léa Durand,Mode,Veste,2,216.79,0.1,Belgique,Web,11.54,3,390.222
CMD07373,2024-06-13,Carlos Gomez,Mode,Jean,4,1737.72,0.15,Maroc,Magasin,7.76,1,5908.248
CMD07374,2024-06-18,Jean Dupont,Sport,Ballon,1,1718.24,0.3,Espagne,App,8.48,4,1202.768
CMD07375,2024-06-02,Carlos Gomez,Jouets,Puzzle,3,1407.71,0.25,Italie,Magasin,10.33,4,3167.3475
CMD07376,2024-04-15,Sarah Moreau,Sport,Tapis de course,4,1424.59,0.25,France,App,13.68,1,4273.7699999999995
CMD07377,2024-01-22,Youssef El Amrani,Sport,Ballon,2,83.69,0.05,Allemagne,Web,7.83,1,159.011
CMD07378,2024-07-30,Jean Dupont,Beauté,Shampoing,3,955.87,0.15,Suisse,Magasin,11.19,3,2437.4685
CMD07379,2024-12-15,Sarah Moreau,Sport,Chaussures de sport,1,1449.35,0.2,France,App,6.47,3,1159.48
CMD07380,2024-03-27,Emma Rossi,Électronique,Tablette,5,854.81,0.25,Italie,Magasin,5.58,4,3205.5374999999995
CMD07381,2024-06-29,Sarah Moreau,Beauté,Rouge à lèvres,4,1288.72,0.05,Belgique,App,14.8,3,4897.1359999999995
CMD07382,2024-04-04,Youssef El Amrani,Beauté,Crème visage,2,1628.64,0.3,Belgique,Web,4.51,5,2280.096
CMD07383,2024-06-23,Léa Durand,Beauté,Rouge à lèvres,5,1116.33,0.1,Maroc,App,3.84,2,5023.485
CMD07384,2024-09-11,Youssef El Amrani,Beauté,Parfum,1,1377.4,0.15,Maroc,Magasin,6.69,3,1170.79
CMD07385,2024-05-15,Nina Müller,Mode,Jean,2,1567.84,0.05,France,Web,2.44,3,2978.8959999999997
CMD07386,2024-09-06,Léa Durand,Mode,Chaussures,5,1197.47,0.05,Italie,Magasin,12.46,3,5687.9825
CMD07387,2024-07-03,Carlos Gomez,Maison,Mixeur,5,298.03,0.0,Maroc,Magasin,9.04,2,1490.1499999999999
CMD07388,2024-08-21,Jean Dupont,Mode,Jean,2,607.4,0.25,Suisse,Magasin,5.49,4,911.0999999999999
CMD07389,2024-12-06,Jean Dupont,Beauté,Crème visage,4,717.46,0.2,Suisse,Magasin,6.66,5,2295.8720000000003
CMD07390,2024-01-14,Lucie Martin,Jouets,Voiture téléguidée,2,619.07,0.1,Suisse,App,2.56,4,1114.326
CMD07391,2024-03-20,Paolo Bianchi,Jouets,Peluche,3,1879.32,0.2,Italie,Magasin,8.47,5,4510.368
CMD07392,2024-01-24,Emma Rossi,Maison,Lampadaire,2,1375.22,0.1,Maroc,Web,6.92,4,2475.396
CMD07393,2024-05-26,Youssef El Amrani,Sport,Chaussures de sport,3,650.09,0.05,Belgique,Web,2.2,5,1852.7565
CMD07394,2024-02-20,Paolo Bianchi,Maison,Aspirateur,5,1900.55,0.3,Maroc,Web,1.37,2,6651.924999999999
CMD07395,2024-12-11,Sarah Moreau,Jouets,Lego,3,1835.11,0.2,France,Web,4.6,4,4404.264
CMD07396,2024-07-07,Emma Rossi,Mode,Montre,4,1712.21,0.3,Maroc,Web,7.83,2,4794.188
CMD07397,2024-09-01,Jean Dupont,Beauté,Parfum,1,873.23,0.05,Italie,Magasin,0.49,5,829.5685
CMD07398,2024-02-23,Nina Müller,Électronique,Casque audio,2,54.17,0.2,France,Magasin,2.54,2,86.67200000000001
CMD07399,2024-02-08,Sarah Moreau,Mode,Chaussures,1,1570.92,0.15,Espagne,Magasin,4.02,4,1335.282
CMD07400,2024-01-27,Sarah Moreau,Maison,Ventilateur,4,304.22,0.05,Espagne,Web,7.74,4,1156.036
CMD07401,2024-06-30,Emma Rossi,Maison,Aspirateur,5,1976.5,0.2,Allemagne,Magasin,0.3,2,7906.0
CMD07402,2024-04-12,Jean Dupont,Sport,Tapis de course,4,101.91,0.0,France,App,7.44,4,407.64
CMD07403,2024-03-31,Paolo Bianchi,Jouets,Puzzle,3,762.72,0.15,Suisse,App,6.04,2,1944.936
CMD07404,2024-01-27,Nina Müller,Maison,Mixeur,5,1214.66,0.25,Allemagne,Magasin,2.52,4,4554.975
CMD07405,2024-02-05,Paolo Bianchi,Sport,Raquette,3,912.14,0.05,Suisse,Web,6.29,5,2599.599
CMD07406,2024-06-14,Jean Dupont,Jouets,Jeu de société,4,1653.53,0.0,Allemagne,Magasin,12.3,3,6614.12
CMD07407,2024-07-19,Lucie Martin,Jouets,Puzzle,5,1721.49,0.05,Italie,Web,6.48,4,8177.0775
CMD07408,2024-10-14,Carlos Gomez,Sport,Vélo,5,248.13,0.1,France,Web,14.15,4,1116.585
CMD07409,2024-05-15,Sarah Moreau,Mode,Jean,3,127.61,0.2,Belgique,App,5.89,4,306.264
CMD07410,2024-04-17,Youssef El Amrani,Jouets,Voiture téléguidée,4,1124.76,0.25,Allemagne,App,5.18,5,3374.2799999999997
CMD07411,2024-11-16,Paolo Bianchi,Jouets,Puzzle,2,1631.24,0.2,Maroc,App,7.48,5,2609.9840000000004
CMD07412,2024-05-23,Ali Benali,Mode,Veste,1,694.34,0.25,Espagne,App,12.91,1,520.755
CMD07413,2024-10-16,Sarah Moreau,Sport,Ballon,4,397.67,0.2,Suisse,App,5.0,4,1272.544
CMD07414,2024-01-24,Paolo Bianchi,Beauté,Parfum,4,1358.99,0.0,Maroc,App,0.53,5,5435.96
CMD07415,2024-08-01,Ali Benali,Maison,Mixeur,3,1431.04,0.15,Belgique,Magasin,10.11,5,3649.1519999999996
CMD07416,2024-08-02,Ali Benali,Électronique,Tablette,5,1556.5,0.0,Espagne,Magasin,1.69,2,7782.5
CMD07417,2024-11-30,Emma Rossi,Électronique,Smartphone,5,770.52,0.3,Belgique,Web,1.96,2,2696.8199999999997
CMD07418,2024-04-20,Jean Dupont,Électronique,Casque audio,5,1299.95,0.25,Italie,App,13.28,5,4874.8125
CMD07419,2024-07-18,Nina Müller,Sport,Raquette,2,1606.81,0.1,Espagne,App,4.66,1,2892.258
CMD07420,2024-01-06,Léa Durand,Beauté,Sérum,2,1835.82,0.2,Italie,Magasin,8.69,5,2937.312
CMD07421,2024-10-10,Ali Benali,Sport,Raquette,4,1856.11,0.2,Allemagne,App,4.56,1,5939.552
CMD07422,2024-02-05,Léa Durand,Mode,Veste,1,534.12,0.05,Belgique,Magasin,14.43,1,507.414
CMD07423,2024-02-06,Paolo Bianchi,Maison,Mixeur,5,1592.78,0.0,Suisse,Magasin,4.87,3,7963.9
CMD07424,2024-09-07,Sarah Moreau,Maison,Ventilateur,5,1118.84,0.1,Suisse,Magasin,15.0,3,5034.78
CMD07425,2024-01-23,Paolo Bianchi,Maison,Mixeur,5,1448.62,0.3,Italie,Web,4.31,3,5070.169999999999
CMD07426,2024-04-04,Paolo Bianchi,Électronique,Casque audio,1,930.33,0.05,Italie,Web,2.53,5,883.8135
CMD07427,2024-07-04,Emma Rossi,Mode,Veste,3,1340.7,0.25,France,App,1.16,5,3016.5750000000003
CMD07428,2024-07-02,Léa Durand,Électronique,Casque audio,2,710.6,0.05,Allemagne,Web,10.36,4,1350.1399999999999
CMD07429,2024-12-20,Paolo Bianchi,Maison,Lampadaire,3,953.52,0.1,Italie,App,7.17,3,2574.504
CMD07430,2024-05-03,Ali Benali,Beauté,Sérum,4,1260.42,0.0,France,App,7.77,1,5041.68
CMD07431,2024-04-10,Youssef El Amrani,Sport,Tapis de course,5,1675.94,0.0,Maroc,App,10.43,4,8379.7
CMD07432,2024-05-14,Youssef El Amrani,Jouets,Jeu de société,4,804.37,0.15,Suisse,Web,3.32,1,2734.8579999999997
CMD07433,2024-08-28,Emma Rossi,Beauté,Parfum,4,1495.22,0.05,Maroc,Magasin,13.91,1,5681.836
CMD07434,2024-11-22,Sarah Moreau,Sport,Raquette,1,695.7,0.05,Allemagne,Web,10.32,1,660.915
CMD07435,2024-05-19,Emma Rossi,Maison,Mixeur,2,1670.53,0.15,France,Web,3.84,1,2839.901
CMD07436,2024-10-05,Sarah Moreau,Maison,Lampadaire,4,1753.41,0.2,Italie,Magasin,2.48,1,5610.912
CMD07437,2024-12-07,Nina Müller,Maison,Mixeur,5,1283.32,0.0,Espagne,App,5.93,1,6416.599999999999
CMD07438,2024-06-23,Paolo Bianchi,Sport,Vélo,2,620.35,0.2,Espagne,Web,2.15,4,992.5600000000001
CMD07439,2024-02-19,Lucie Martin,Électronique,Casque audio,5,1133.28,0.3,Italie,App,6.03,3,3966.4799999999996
CMD07440,2024-07-01,Nina Müller,Jouets,Lego,5,435.47,0.1,Espagne,Web,8.86,5,1959.6150000000005
CMD07441,2024-08-13,Sarah Moreau,Jouets,Voiture téléguidée,5,1159.07,0.0,France,Web,4.06,3,5795.349999999999
CMD07442,2024-03-18,Léa Durand,Beauté,Shampoing,3,1481.92,0.15,Allemagne,Magasin,1.26,4,3778.896
CMD07443,2024-04-04,Jean Dupont,Mode,Sac à main,4,312.88,0.25,Suisse,Web,8.63,5,938.64
CMD07444,2024-01-19,Sarah Moreau,Maison,Aspirateur,4,656.5,0.0,Italie,Magasin,12.33,5,2626.0
CMD07445,2024-08-07,Léa Durand,Jouets,Voiture téléguidée,2,222.3,0.0,Maroc,App,2.88,2,444.6
CMD07446,2024-02-17,Lucie Martin,Sport,Raquette,4,1749.01,0.15,Belgique,Magasin,8.91,2,5946.634
CMD07447,2024-02-01,Paolo Bianchi,Jouets,Puzzle,4,355.36,0.15,Maroc,App,2.9,2,1208.224
CMD07448,2024-08-21,Ali Benali,Beauté,Parfum,3,767.91,0.3,Allemagne,Magasin,3.37,4,1612.6109999999999
CMD07449,2024-08-08,Léa Durand,Électronique,Casque audio,5,679.24,0.1,Allemagne,Magasin,4.53,3,3056.58
CMD07450,2024-09-01,Ali Benali,Jouets,Jeu de société,3,1960.22,0.1,Suisse,Magasin,3.54,2,5292.594
CMD07451,2024-08-13,Sarah Moreau,Sport,Ballon,2,986.21,0.1,Maroc,Magasin,3.34,4,1775.178
CMD07452,2024-03-10,Jean Dupont,Sport,Ballon,5,1555.0,0.1,Allemagne,App,4.92,3,6997.5
CMD07453,2024-07-14,Sarah Moreau,Jouets,Jeu de société,1,1888.46,0.0,Maroc,App,5.91,2,1888.46
CMD07454,2024-03-02,Nina Müller,Sport,Vélo,5,1142.99,0.3,France,Web,6.76,2,4000.4649999999997
CMD07455,2024-10-10,Ali Benali,Maison,Lampadaire,3,735.54,0.0,France,App,4.24,1,2206.62
CMD07456,2024-12-10,Nina Müller,Jouets,Voiture téléguidée,1,885.6,0.3,Maroc,Web,9.9,5,619.92
CMD07457,2024-03-26,Jean Dupont,Beauté,Parfum,3,1704.67,0.2,Belgique,App,0.21,1,4091.2080000000005
CMD07458,2024-03-23,Nina Müller,Maison,Mixeur,3,1492.66,0.3,Allemagne,Web,10.88,1,3134.5860000000002
CMD07459,2024-10-10,Emma Rossi,Beauté,Sérum,1,465.65,0.25,France,Magasin,8.31,2,349.23749999999995
CMD07460,2024-10-30,Jean Dupont,Électronique,Casque audio,4,86.2,0.1,Italie,Web,0.77,3,310.32
CMD07461,2024-04-24,Paolo Bianchi,Électronique,TV 4K,2,243.9,0.3,France,Web,11.25,1,341.46
CMD07462,2024-08-19,Carlos Gomez,Beauté,Sérum,2,1833.7,0.0,Allemagne,App,7.12,5,3667.4
CMD07463,2024-04-07,Jean Dupont,Sport,Ballon,2,1157.47,0.1,Allemagne,App,3.21,3,2083.446
CMD07464,2024-02-15,Paolo Bianchi,Maison,Lampadaire,2,654.16,0.3,Suisse,Magasin,1.66,4,915.8239999999998
CMD07465,2024-05-25,Jean Dupont,Mode,Montre,5,534.32,0.1,France,Web,4.76,4,2404.4400000000005
CMD07466,2024-01-15,Emma Rossi,Mode,Jean,3,660.95,0.25,Espagne,Web,8.84,5,1487.1375
CMD07467,2024-03-30,Jean Dupont,Jouets,Peluche,3,530.01,0.1,Allemagne,Magasin,5.17,1,1431.027
CMD07468,2024-05-11,Youssef El Amrani,Mode,Veste,5,1861.75,0.15,Allemagne,Magasin,7.85,4,7912.4375
CMD07469,2024-05-05,Jean Dupont,Beauté,Shampoing,4,247.36,0.2,Maroc,Web,9.41,4,791.5520000000001
CMD07470,2024-07-31,Léa Durand,Mode,Veste,1,855.16,0.0,Maroc,Magasin,10.2,2,855.16
CMD07471,2024-09-29,Léa Durand,Mode,Montre,1,1479.97,0.2,France,App,12.19,4,1183.976
CMD07472,2024-06-02,Carlos Gomez,Jouets,Jeu de société,3,1005.15,0.3,Italie,Magasin,8.67,2,2110.8149999999996
CMD07473,2024-06-23,Youssef El Amrani,Beauté,Sérum,4,1307.54,0.1,Italie,App,10.54,2,4707.144
CMD07474,2024-07-08,Jean Dupont,Beauté,Sérum,3,433.37,0.0,Italie,App,1.91,5,1300.1100000000001
CMD07475,2024-11-16,Carlos Gomez,Maison,Mixeur,2,1986.41,0.15,Maroc,App,13.99,5,3376.897
CMD07476,2024-01-22,Lucie Martin,Jouets,Voiture téléguidée,4,854.31,0.05,Belgique,Web,0.48,1,3246.3779999999997
CMD07477,2024-10-04,Jean Dupont,Mode,Montre,4,742.35,0.25,Italie,Web,1.99,4,2227.05
CMD07478,2024-12-30,Ali Benali,Sport,Vélo,4,1093.6,0.25,Maroc,App,7.59,5,3280.7999999999997
CMD07479,2024-10-20,Sarah Moreau,Sport,Chaussures de sport,1,137.29,0.3,Italie,Web,10.13,4,96.103
CMD07480,2024-04-03,Jean Dupont,Sport,Raquette,5,615.31,0.3,Espagne,App,11.2,3,2153.5849999999996
CMD07481,2024-01-27,Jean Dupont,Sport,Vélo,3,1171.7,0.1,Espagne,Magasin,4.31,5,3163.5900000000006
CMD07482,2024-10-23,Paolo Bianchi,Beauté,Crème visage,5,1934.97,0.0,Espagne,Web,14.54,4,9674.85
CMD07483,2024-08-01,Jean Dupont,Maison,Mixeur,5,1458.54,0.3,Italie,Web,10.99,5,5104.889999999999
CMD07484,2024-03-06,Lucie Martin,Beauté,Shampoing,3,1213.13,0.25,Maroc,App,13.38,4,2729.5425000000005
CMD07485,2024-08-31,Paolo Bianchi,Mode,Jean,3,938.43,0.25,Allemagne,Web,4.66,3,2111.4674999999997
CMD07486,2024-01-29,Paolo Bianchi,Électronique,Smartphone,1,325.48,0.2,Italie,App,0.84,5,260.384
CMD07487,2024-07-13,Léa Durand,Mode,Montre,1,817.46,0.0,Belgique,App,12.9,3,817.46
CMD07488,2024-05-09,Jean Dupont,Sport,Vélo,2,957.35,0.15,Italie,Web,0.88,3,1627.495
CMD07489,2024-12-16,Jean Dupont,Beauté,Sérum,4,1960.07,0.25,Belgique,App,14.17,1,5880.21
CMD07490,2024-02-21,Paolo Bianchi,Jouets,Jeu de société,1,508.54,0.2,Belgique,Magasin,13.42,1,406.83200000000005
CMD07491,2024-11-18,Lucie Martin,Maison,Machine à café,2,1548.77,0.0,France,Web,8.14,4,3097.54
CMD07492,2024-04-10,Emma Rossi,Beauté,Shampoing,2,1151.36,0.05,Allemagne,Magasin,5.19,2,2187.584
CMD07493,2024-11-07,Lucie Martin,Beauté,Parfum,1,1558.91,0.0,Italie,App,10.43,1,1558.91
CMD07494,2024-09-04,Sarah Moreau,Mode,Sac à main,2,224.72,0.1,Suisse,App,1.82,4,404.496
CMD07495,2024-03-10,Sarah Moreau,Jouets,Peluche,4,652.12,0.3,Belgique,App,14.79,5,1825.936
CMD07496,2024-08-14,Ali Benali,Maison,Ventilateur,3,1583.72,0.1,Italie,App,13.23,3,4276.044
CMD07497,2024-07-18,Emma Rossi,Électronique,Smartphone,5,215.12,0.1,Suisse,Magasin,8.42,3,968.04
CMD07498,2024-09-18,Jean Dupont,Sport,Vélo,3,1380.18,0.25,France,App,6.51,5,3105.4049999999997
CMD07499,2024-07-25,Lucie Martin,Sport,Vélo,4,630.61,0.3,Belgique,Magasin,3.68,1,1765.7079999999999
CMD07500,2024-12-02,Carlos Gomez,Jouets,Jeu de société,5,1568.17,0.15,Maroc,App,12.18,5,6664.7225
CMD07501,2024-09-02,Emma Rossi,Maison,Machine à café,5,77.74,0.3,Allemagne,App,0.11,1,272.09
CMD07502,2024-01-21,Emma Rossi,Beauté,Rouge à lèvres,4,132.26,0.1,Italie,Web,8.91,2,476.13599999999997
CMD07503,2024-12-18,Emma Rossi,Maison,Lampadaire,4,1499.67,0.0,Espagne,Web,6.07,2,5998.68
CMD07504,2024-02-23,Sarah Moreau,Électronique,Smartphone,5,643.97,0.15,Italie,App,0.29,5,2736.8725000000004
CMD07505,2024-03-18,Paolo Bianchi,Mode,Sac à main,4,380.89,0.25,France,Web,8.54,5,1142.67
CMD07506,2024-05-15,Jean Dupont,Mode,Veste,4,1088.21,0.1,Belgique,App,0.98,4,3917.556
CMD07507,2024-07-06,Paolo Bianchi,Beauté,Crème visage,1,942.3,0.05,Allemagne,Magasin,11.33,2,895.185
CMD07508,2024-04-03,Sarah Moreau,Jouets,Puzzle,3,1010.55,0.05,Maroc,App,9.64,1,2880.0674999999997
CMD07509,2024-05-22,Sarah Moreau,Sport,Chaussures de sport,5,533.39,0.2,Suisse,Magasin,1.25,3,2133.56
CMD07510,2024-10-17,Emma Rossi,Beauté,Parfum,1,1055.14,0.15,France,App,11.03,3,896.869
CMD07511,2024-05-09,Lucie Martin,Sport,Chaussures de sport,5,1492.32,0.0,Allemagne,Web,4.06,3,7461.599999999999
CMD07512,2024-10-04,Nina Müller,Beauté,Parfum,3,1499.49,0.2,Suisse,Magasin,3.57,3,3598.7760000000003
CMD07513,2024-12-30,Paolo Bianchi,Électronique,Tablette,3,502.49,0.1,Suisse,Magasin,3.66,2,1356.723
CMD07514,2024-09-30,Nina Müller,Beauté,Crème visage,1,199.67,0.2,Suisse,App,5.5,2,159.736
CMD07515,2024-03-12,Léa Durand,Sport,Vélo,5,179.66,0.2,Suisse,Web,7.62,4,718.64
CMD07516,2024-10-18,Emma Rossi,Beauté,Crème visage,4,1056.26,0.1,Italie,App,5.26,4,3802.536
CMD07517,2024-07-11,Emma Rossi,Électronique,Ordinateur portable,4,495.1,0.25,Belgique,Web,13.21,1,1485.3000000000002
CMD07518,2024-09-12,Nina Müller,Sport,Tapis de course,4,1240.17,0.25,Allemagne,Magasin,3.24,1,3720.51
CMD07519,2024-03-26,Carlos Gomez,Maison,Machine à café,1,991.34,0.25,France,Web,14.21,1,743.505
CMD07520,2024-06-24,Léa Durand,Électronique,Smartphone,2,148.05,0.25,Belgique,App,9.81,1,222.07500000000002
CMD07521,2024-05-01,Paolo Bianchi,Beauté,Parfum,5,1565.35,0.1,Italie,Web,4.71,4,7044.075
CMD07522,2024-10-17,Paolo Bianchi,Sport,Vélo,5,1587.26,0.05,Espagne,App,14.84,4,7539.485
CMD07523,2024-02-09,Paolo Bianchi,Jouets,Lego,3,629.31,0.1,Suisse,App,4.29,1,1699.137
CMD07524,2024-09-28,Nina Müller,Mode,Veste,2,145.96,0.2,Allemagne,Magasin,8.02,2,233.53600000000003
CMD07525,2024-11-01,Nina Müller,Beauté,Shampoing,5,1794.15,0.0,Maroc,Web,12.63,4,8970.75
CMD07526,2024-11-17,Nina Müller,Mode,Chaussures,4,1906.15,0.25,Allemagne,Magasin,14.66,4,5718.450000000001
CMD07527,2024-12-07,Youssef El Amrani,Beauté,Crème visage,5,1486.64,0.0,Italie,Magasin,10.16,2,7433.200000000001
CMD07528,2024-03-02,Youssef El Amrani,Maison,Mixeur,5,691.06,0.3,Suisse,App,10.3,4,2418.7099999999996
CMD07529,2024-03-07,Paolo Bianchi,Sport,Tapis de course,4,331.85,0.3,Belgique,Web,14.07,4,929.18
CMD07530,2024-11-15,Ali Benali,Beauté,Crème visage,1,1736.68,0.15,Suisse,App,11.23,4,1476.178
CMD07531,2024-09-26,Ali Benali,Sport,Chaussures de sport,3,668.22,0.25,Espagne,App,8.22,3,1503.4950000000001
CMD07532,2024-07-08,Lucie Martin,Maison,Machine à café,1,1883.45,0.3,France,Magasin,0.07,2,1318.415
CMD07533,2024-07-30,Lucie Martin,Maison,Machine à café,3,1401.0,0.1,Suisse,App,13.35,5,3782.7000000000003
CMD07534,2024-10-04,Nina Müller,Beauté,Sérum,1,1093.78,0.05,Suisse,Magasin,8.05,1,1039.091
CMD07535,2024-08-01,Carlos Gomez,Maison,Lampadaire,3,580.24,0.05,France,App,1.23,4,1653.684
CMD07536,2024-11-19,Emma Rossi,Jouets,Jeu de société,2,496.8,0.05,Allemagne,Magasin,0.59,5,943.92
CMD07537,2024-03-15,Nina Müller,Maison,Ventilateur,3,1304.41,0.05,Belgique,Web,3.16,5,3717.5685000000003
CMD07538,2024-01-15,Youssef El Amrani,Électronique,Smartphone,4,155.92,0.15,Allemagne,Web,10.55,2,530.1279999999999
CMD07539,2024-08-20,Nina Müller,Sport,Tapis de course,5,837.22,0.15,Italie,Magasin,6.86,5,3558.1850000000004
CMD07540,2024-03-21,Ali Benali,Électronique,Tablette,3,1912.93,0.2,Allemagne,App,14.45,1,4591.032
CMD07541,2024-07-30,Ali Benali,Électronique,Tablette,2,511.31,0.2,Suisse,Magasin,2.42,5,818.096
CMD07542,2024-04-02,Sarah Moreau,Électronique,Casque audio,4,1491.09,0.2,France,Web,13.78,2,4771.488
CMD07543,2024-12-23,Carlos Gomez,Mode,Jean,5,790.01,0.0,Suisse,App,3.51,2,3950.05
CMD07544,2024-03-20,Lucie Martin,Sport,Vélo,2,1216.1,0.2,Suisse,App,5.81,2,1945.76
CMD07545,2024-11-12,Paolo Bianchi,Mode,Sac à main,3,1607.57,0.1,Suisse,Web,12.98,3,4340.439
CMD07546,2024-12-01,Jean Dupont,Sport,Vélo,2,632.35,0.0,Allemagne,Magasin,5.31,1,1264.7
CMD07547,2024-03-10,Paolo Bianchi,Sport,Ballon,4,1818.2,0.1,Espagne,Magasin,8.01,2,6545.52
CMD07548,2024-08-28,Youssef El Amrani,Beauté,Parfum,2,1123.22,0.2,Allemagne,Magasin,3.43,1,1797.152
CMD07549,2024-05-31,Paolo Bianchi,Sport,Vélo,3,18.62,0.25,Suisse,App,6.96,3,41.894999999999996
CMD07550,2024-07-15,Jean Dupont,Maison,Lampadaire,1,1784.85,0.25,Belgique,App,1.5,2,1338.6374999999998
CMD07551,2024-06-17,Carlos Gomez,Maison,Lampadaire,5,641.52,0.05,Maroc,Magasin,0.09,4,3047.22
CMD07552,2024-05-30,Jean Dupont,Beauté,Rouge à lèvres,4,1290.12,0.05,Espagne,Web,9.52,1,4902.455999999999
CMD07553,2024-12-27,Nina Müller,Mode,Chaussures,4,456.85,0.2,Belgique,App,13.34,2,1461.92
CMD07554,2024-11-13,Sarah Moreau,Sport,Tapis de course,4,1654.76,0.2,Suisse,Magasin,1.16,1,5295.232
CMD07555,2024-10-26,Paolo Bianchi,Beauté,Sérum,5,1485.4,0.05,France,App,8.17,4,7055.65
CMD07556,2024-08-05,Nina Müller,Sport,Chaussures de sport,2,1562.6,0.1,Espagne,Magasin,10.88,4,2812.68
CMD07557,2024-01-28,Ali Benali,Beauté,Parfum,1,1666.76,0.0,Espagne,Web,0.11,4,1666.76
CMD07558,2024-01-11,Lucie Martin,Sport,Chaussures de sport,4,1549.25,0.15,Espagne,Web,6.71,1,5267.45
CMD07559,2024-06-18,Nina Müller,Électronique,Smartphone,5,854.05,0.2,Allemagne,Web,2.69,2,3416.2000000000003
CMD07560,2024-01-05,Sarah Moreau,Jouets,Jeu de société,5,40.53,0.2,Belgique,Web,13.65,4,162.12
CMD07561,2024-01-01,Carlos Gomez,Beauté,Rouge à lèvres,4,1078.14,0.05,Maroc,App,10.89,2,4096.932
CMD07562,2024-03-02,Emma Rossi,Sport,Chaussures de sport,4,1800.18,0.15,Allemagne,Web,4.79,1,6120.612
CMD07563,2024-11-30,Youssef El Amrani,Sport,Tapis de course,5,96.2,0.3,Italie,App,4.52,4,336.7
CMD07564,2024-06-21,Lucie Martin,Maison,Aspirateur,4,1170.77,0.15,Italie,Web,14.64,3,3980.618
CMD07565,2024-08-12,Paolo Bianchi,Jouets,Voiture téléguidée,1,1557.32,0.2,Belgique,Magasin,2.59,3,1245.856
CMD07566,2024-11-29,Léa Durand,Maison,Ventilateur,1,1502.98,0.05,Suisse,App,8.78,5,1427.831
CMD07567,2024-08-09,Nina Müller,Maison,Machine à café,2,165.94,0.2,Maroc,Web,13.28,4,265.504
CMD07568,2024-08-12,Lucie Martin,Maison,Machine à café,3,1349.79,0.25,Espagne,App,4.88,4,3037.0275
CMD07569,2024-01-09,Sarah Moreau,Maison,Mixeur,1,1069.92,0.3,Suisse,Magasin,6.46,2,748.944
CMD07570,2024-12-04,Carlos Gomez,Sport,Ballon,2,623.19,0.1,Italie,Magasin,5.94,1,1121.7420000000002
CMD07571,2024-11-20,Carlos Gomez,Beauté,Rouge à lèvres,2,1998.54,0.1,Maroc,Magasin,13.28,1,3597.372
CMD07572,2024-09-05,Jean Dupont,Électronique,Casque audio,2,518.15,0.15,France,App,12.6,1,880.8549999999999
CMD07573,2024-03-04,Carlos Gomez,Électronique,Smartphone,5,602.42,0.05,Italie,App,14.63,4,2861.495
CMD07574,2024-09-05,Carlos Gomez,Électronique,Casque audio,2,1355.93,0.3,Belgique,Magasin,4.5,2,1898.302
CMD07575,2024-02-13,Paolo Bianchi,Électronique,Tablette,3,505.04,0.05,Suisse,Web,9.29,1,1439.364
CMD07576,2024-04-29,Lucie Martin,Beauté,Crème visage,3,1155.89,0.05,Suisse,App,7.76,4,3294.2864999999997
CMD07577,2024-10-06,Lucie Martin,Mode,Chaussures,2,467.72,0.05,Allemagne,Web,11.91,3,888.668
CMD07578,2024-05-07,Carlos Gomez,Sport,Ballon,5,1219.07,0.1,Suisse,Web,3.57,1,5485.815
CMD07579,2024-11-17,Lucie Martin,Mode,Veste,2,1498.6,0.3,Belgique,Magasin,1.74,1,2098.04
CMD07580,2024-01-17,Emma Rossi,Mode,Sac à main,2,498.47,0.3,Maroc,Magasin,13.15,1,697.858
CMD07581,2024-03-01,Carlos Gomez,Jouets,Jeu de société,2,91.53,0.25,Espagne,Magasin,12.98,5,137.29500000000002
CMD07582,2024-11-12,Emma Rossi,Jouets,Voiture téléguidée,4,748.47,0.1,Italie,Magasin,12.68,5,2694.492
CMD07583,2024-06-30,Lucie Martin,Mode,Chaussures,5,1660.16,0.3,Belgique,Magasin,5.81,5,5810.56
CMD07584,2024-08-05,Lucie Martin,Électronique,TV 4K,1,645.27,0.0,France,Web,3.69,2,645.27
CMD07585,2024-04-11,Nina Müller,Sport,Raquette,5,280.98,0.0,Maroc,App,14.55,3,1404.9
CMD07586,2024-04-29,Carlos Gomez,Mode,Sac à main,3,1354.51,0.3,Espagne,Magasin,8.93,5,2844.4709999999995
CMD07587,2024-07-20,Léa Durand,Jouets,Voiture téléguidée,3,1976.76,0.0,France,Web,1.22,5,5930.28
CMD07588,2024-12-20,Emma Rossi,Beauté,Shampoing,3,1165.49,0.15,Suisse,Magasin,12.6,1,2971.9995000000004
CMD07589,2024-06-04,Jean Dupont,Mode,Veste,4,402.1,0.3,Espagne,Web,2.65,5,1125.8799999999999
CMD07590,2024-10-19,Carlos Gomez,Beauté,Sérum,4,237.93,0.2,Espagne,Magasin,7.3,2,761.3760000000001
CMD07591,2024-12-22,Sarah Moreau,Sport,Chaussures de sport,5,1819.52,0.05,Suisse,Web,10.33,5,8642.72
CMD07592,2024-01-15,Jean Dupont,Électronique,Smartphone,5,447.17,0.2,Allemagne,Magasin,4.11,5,1788.68
CMD07593,2024-05-31,Ali Benali,Mode,Sac à main,1,1706.76,0.3,Allemagne,App,2.81,4,1194.732
CMD07594,2024-03-18,Léa Durand,Maison,Lampadaire,2,722.6,0.05,Belgique,App,14.49,1,1372.94
CMD07595,2024-03-19,Emma Rossi,Beauté,Rouge à lèvres,4,529.1,0.1,Espagne,App,2.87,5,1904.7600000000002
CMD07596,2024-01-28,Emma Rossi,Maison,Ventilateur,2,1799.32,0.15,Espagne,App,9.51,3,3058.8439999999996
CMD07597,2024-02-29,Carlos Gomez,Maison,Aspirateur,2,609.91,0.3,France,Web,8.46,5,853.8739999999999
CMD07598,2024-04-22,Emma Rossi,Sport,Tapis de course,1,1846.2,0.05,Allemagne,Web,14.6,5,1753.8899999999999
CMD07599,2024-09-23,Youssef El Amrani,Jouets,Jeu de société,1,1038.93,0.2,France,Magasin,1.77,3,831.1440000000001
CMD07600,2024-10-12,Paolo Bianchi,Beauté,Shampoing,3,1424.39,0.05,Italie,Web,5.86,2,4059.5115
CMD07601,2024-10-11,Jean Dupont,Sport,Ballon,3,1695.34,0.15,Espagne,Magasin,4.96,3,4323.116999999999
CMD07602,2024-11-06,Jean Dupont,Mode,Jean,2,607.1,0.2,Allemagne,Magasin,11.89,1,971.3600000000001
CMD07603,2024-03-09,Sarah Moreau,Sport,Raquette,4,116.16,0.15,Espagne,App,14.89,5,394.94399999999996
CMD07604,2024-09-07,Paolo Bianchi,Maison,Lampadaire,4,1359.12,0.2,Maroc,App,9.21,4,4349.184
CMD07605,2024-11-25,Paolo Bianchi,Électronique,TV 4K,4,567.57,0.15,France,App,13.08,2,1929.738
CMD07606,2024-06-12,Youssef El Amrani,Mode,Chaussures,5,1751.56,0.1,Belgique,Web,4.53,3,7882.0199999999995
CMD07607,2024-04-29,Sarah Moreau,Beauté,Crème visage,5,1165.46,0.15,Suisse,App,4.72,4,4953.205
CMD07608,2024-05-09,Emma Rossi,Maison,Lampadaire,1,1995.44,0.3,Suisse,Web,3.48,4,1396.808
CMD07609,2024-05-09,Nina Müller,Beauté,Shampoing,2,103.35,0.3,Espagne,Web,14.95,3,144.68999999999997
CMD07610,2024-02-23,Ali Benali,Beauté,Rouge à lèvres,4,1081.98,0.25,Espagne,Magasin,2.6,1,3245.94
CMD07611,2024-12-14,Carlos Gomez,Sport,Raquette,3,217.86,0.3,Belgique,Magasin,3.77,2,457.506
CMD07612,2024-07-03,Emma Rossi,Mode,Jean,3,1026.84,0.0,Italie,Magasin,6.45,2,3080.5199999999995
CMD07613,2024-03-05,Sarah Moreau,Jouets,Puzzle,1,39.12,0.15,Italie,Magasin,4.74,1,33.251999999999995
CMD07614,2024-03-29,Sarah Moreau,Sport,Chaussures de sport,2,485.78,0.1,Espagne,Magasin,2.67,3,874.404
CMD07615,2024-12-30,Sarah Moreau,Jouets,Voiture téléguidée,4,502.19,0.25,Italie,App,5.21,5,1506.57
CMD07616,2024-07-03,Sarah Moreau,Électronique,Tablette,3,1636.05,0.25,Espagne,Web,8.79,2,3681.1124999999997
CMD07617,2024-07-19,Ali Benali,Électronique,Ordinateur portable,2,1642.86,0.0,Belgique,Magasin,4.97,3,3285.72
CMD07618,2024-01-29,Paolo Bianchi,Maison,Machine à café,2,1514.96,0.25,Maroc,App,2.0,1,2272.44
CMD07619,2024-07-12,Youssef El Amrani,Jouets,Jeu de société,1,824.7,0.15,Belgique,Web,13.62,3,700.995
CMD07620,2024-03-21,Léa Durand,Mode,Jean,5,1527.51,0.25,Belgique,App,6.79,4,5728.1625
CMD07621,2024-07-08,Carlos Gomez,Maison,Aspirateur,5,920.41,0.3,Espagne,App,5.85,2,3221.435
CMD07622,2024-10-13,Ali Benali,Sport,Chaussures de sport,3,1132.65,0.2,Italie,App,7.63,2,2718.3600000000006
CMD07623,2024-01-27,Emma Rossi,Mode,Montre,2,1603.79,0.1,Allemagne,Web,14.05,5,2886.822
CMD07624,2024-08-16,Nina Müller,Mode,Montre,3,321.55,0.05,Allemagne,App,13.74,4,916.4175
CMD07625,2024-10-06,Sarah Moreau,Mode,Montre,3,75.82,0.25,Espagne,Web,5.2,4,170.59499999999997
CMD07626,2024-10-25,Sarah Moreau,Sport,Tapis de course,4,648.03,0.15,France,Magasin,13.78,2,2203.3019999999997
CMD07627,2024-05-19,Sarah Moreau,Électronique,Ordinateur portable,3,980.89,0.3,Maroc,App,8.89,1,2059.869
CMD07628,2024-10-08,Ali Benali,Beauté,Parfum,2,1119.4,0.15,Maroc,Magasin,8.76,5,1902.98
CMD07629,2024-03-21,Carlos Gomez,Jouets,Lego,1,925.22,0.2,Allemagne,Web,4.95,4,740.176
CMD07630,2024-11-14,Léa Durand,Jouets,Jeu de société,5,510.92,0.3,Belgique,Magasin,1.68,1,1788.2199999999998
CMD07631,2024-03-10,Léa Durand,Électronique,TV 4K,1,973.28,0.3,Italie,App,12.69,1,681.2959999999999
CMD07632,2024-12-24,Carlos Gomez,Jouets,Puzzle,2,1198.81,0.25,Italie,App,1.17,5,1798.215
CMD07633,2024-04-07,Paolo Bianchi,Électronique,TV 4K,5,1345.88,0.3,Allemagne,Magasin,7.65,4,4710.58
CMD07634,2024-01-28,Lucie Martin,Sport,Vélo,2,760.48,0.0,Suisse,Web,0.4,3,1520.96
CMD07635,2024-09-03,Jean Dupont,Mode,Montre,1,1772.27,0.3,Espagne,Magasin,7.95,5,1240.589
CMD07636,2024-11-05,Léa Durand,Jouets,Jeu de société,5,914.15,0.2,Suisse,Magasin,12.16,5,3656.6000000000004
CMD07637,2024-08-30,Carlos Gomez,Mode,Jean,2,1121.69,0.3,Suisse,Web,5.94,5,1570.366
CMD07638,2024-12-06,Sarah Moreau,Électronique,Ordinateur portable,4,1415.75,0.1,Maroc,App,11.07,2,5096.7
CMD07639,2024-08-18,Ali Benali,Électronique,Tablette,1,999.03,0.15,France,App,1.71,2,849.1754999999999
CMD07640,2024-09-30,Paolo Bianchi,Beauté,Sérum,4,1542.59,0.05,Belgique,Web,4.4,2,5861.842
CMD07641,2024-10-30,Lucie Martin,Beauté,Parfum,2,1669.6,0.1,France,App,8.69,1,3005.2799999999997
CMD07642,2024-04-27,Jean Dupont,Sport,Ballon,1,1062.33,0.0,Maroc,Web,11.83,4,1062.33
CMD07643,2024-07-09,Paolo Bianchi,Beauté,Rouge à lèvres,2,393.06,0.3,Belgique,Web,14.96,1,550.284
CMD07644,2024-09-19,Nina Müller,Jouets,Peluche,4,1203.43,0.25,Maroc,Web,11.39,4,3610.29
CMD07645,2024-05-13,Carlos Gomez,Beauté,Parfum,2,1120.23,0.3,Espagne,App,7.24,3,1568.322
CMD07646,2024-06-30,Nina Müller,Sport,Vélo,1,1794.15,0.25,Italie,Magasin,7.15,1,1345.6125000000002
CMD07647,2024-03-28,Paolo Bianchi,Jouets,Puzzle,3,297.4,0.1,Suisse,Web,4.95,4,802.9799999999999
CMD07648,2024-11-30,Youssef El Amrani,Mode,Jean,5,1855.96,0.25,France,Web,2.03,4,6959.849999999999
CMD07649,2024-05-17,Léa Durand,Maison,Ventilateur,2,1351.58,0.2,Suisse,App,6.57,1,2162.528
CMD07650,2024-09-03,Sarah Moreau,Mode,Sac à main,3,85.35,0.0,Espagne,App,10.46,5,256.04999999999995
CMD07651,2024-02-07,Nina Müller,Beauté,Crème visage,1,1354.46,0.2,Allemagne,Web,9.48,4,1083.568
CMD07652,2024-05-15,Sarah Moreau,Beauté,Shampoing,3,706.87,0.15,France,Magasin,14.21,1,1802.5185000000001
CMD07653,2024-09-22,Léa Durand,Mode,Montre,2,1113.48,0.3,Allemagne,Web,7.58,3,1558.8719999999998
CMD07654,2024-07-14,Emma Rossi,Électronique,Smartphone,4,1651.71,0.15,France,Magasin,3.03,2,5615.814
CMD07655,2024-11-03,Sarah Moreau,Beauté,Rouge à lèvres,4,1234.98,0.3,Italie,Web,0.62,1,3457.944
CMD07656,2024-07-13,Nina Müller,Beauté,Crème visage,5,66.27,0.0,Italie,App,6.18,3,331.34999999999997
CMD07657,2024-06-18,Sarah Moreau,Maison,Lampadaire,1,1585.33,0.15,France,Web,5.89,4,1347.5304999999998
CMD07658,2024-02-04,Youssef El Amrani,Jouets,Voiture téléguidée,1,598.84,0.3,Allemagne,App,2.23,3,419.188
CMD07659,2024-09-20,Youssef El Amrani,Maison,Mixeur,4,737.06,0.0,Italie,Web,2.22,3,2948.24
CMD07660,2024-05-19,Ali Benali,Beauté,Rouge à lèvres,2,1615.5,0.15,Suisse,Web,6.13,2,2746.35
CMD07661,2024-11-04,Sarah Moreau,Mode,Jean,4,1123.5,0.1,Maroc,Magasin,7.65,4,4044.6
CMD07662,2024-12-08,Jean Dupont,Beauté,Crème visage,4,1015.05,0.1,Maroc,Web,0.2,2,3654.18
CMD07663,2024-04-12,Nina Müller,Maison,Aspirateur,1,324.14,0.0,Espagne,Magasin,2.96,2,324.14
CMD07664,2024-12-30,Léa Durand,Électronique,Ordinateur portable,4,1757.16,0.3,Espagne,Magasin,6.45,1,4920.048
CMD07665,2024-12-19,Carlos Gomez,Maison,Lampadaire,5,1167.64,0.25,Maroc,Web,11.17,4,4378.650000000001
CMD07666,2024-06-15,Jean Dupont,Mode,Veste,4,1115.65,0.2,Belgique,App,12.67,4,3570.0800000000004
CMD07667,2024-06-12,Emma Rossi,Électronique,Casque audio,3,1337.65,0.3,Maroc,App,13.72,5,2809.065
CMD07668,2024-11-10,Ali Benali,Mode,Montre,2,653.59,0.3,Suisse,Web,11.51,4,915.026
CMD07669,2024-08-21,Ali Benali,Jouets,Peluche,5,1057.01,0.0,Suisse,Web,4.43,5,5285.05
CMD07670,2024-08-28,Paolo Bianchi,Électronique,Ordinateur portable,3,1633.47,0.0,Italie,Magasin,7.96,1,4900.41
CMD07671,2024-02-11,Sarah Moreau,Jouets,Puzzle,4,357.45,0.15,Belgique,Web,6.1,2,1215.33
CMD07672,2024-12-02,Léa Durand,Maison,Machine à café,3,694.02,0.05,Suisse,Magasin,10.02,3,1977.9569999999999
CMD07673,2024-07-16,Youssef El Amrani,Sport,Raquette,4,966.09,0.1,Suisse,Magasin,5.07,4,3477.924
CMD07674,2024-09-25,Léa Durand,Beauté,Rouge à lèvres,3,718.44,0.1,Suisse,Web,10.06,5,1939.7880000000002
CMD07675,2024-07-19,Ali Benali,Jouets,Puzzle,2,85.62,0.15,Espagne,Magasin,4.16,1,145.554
CMD07676,2024-10-31,Emma Rossi,Électronique,Casque audio,1,887.03,0.1,Suisse,Magasin,7.54,5,798.327
CMD07677,2024-03-11,Ali Benali,Électronique,Tablette,2,1426.36,0.1,Suisse,Magasin,3.91,5,2567.448
CMD07678,2024-10-21,Nina Müller,Beauté,Rouge à lèvres,2,650.44,0.25,France,Web,9.58,5,975.6600000000001
CMD07679,2024-01-06,Carlos Gomez,Mode,Veste,5,863.41,0.2,Maroc,Magasin,0.84,1,3453.6400000000003
CMD07680,2024-07-04,Paolo Bianchi,Sport,Raquette,1,1929.99,0.3,Maroc,Web,3.56,5,1350.993
CMD07681,2024-07-16,Jean Dupont,Mode,Sac à main,1,1597.33,0.25,Espagne,Magasin,10.75,3,1197.9975
CMD07682,2024-03-01,Sarah Moreau,Maison,Mixeur,2,137.19,0.2,Suisse,Magasin,6.36,2,219.50400000000002
CMD07683,2024-09-20,Léa Durand,Jouets,Peluche,1,694.03,0.05,France,Web,3.52,4,659.3285
CMD07684,2024-02-20,Paolo Bianchi,Beauté,Sérum,4,1210.99,0.0,Espagne,Magasin,0.18,1,4843.96
CMD07685,2024-05-07,Léa Durand,Jouets,Puzzle,5,1055.45,0.0,Allemagne,Web,12.62,5,5277.25
CMD07686,2024-09-25,Sarah Moreau,Mode,Veste,1,606.46,0.25,Espagne,Magasin,8.74,3,454.845
CMD07687,2024-03-03,Youssef El Amrani,Jouets,Voiture téléguidée,4,1401.65,0.25,Belgique,Web,12.43,5,4204.950000000001
CMD07688,2024-02-28,Nina Müller,Électronique,Tablette,5,831.53,0.0,Allemagne,App,10.85,1,4157.65
CMD07689,2024-08-25,Ali Benali,Sport,Chaussures de sport,2,617.0,0.15,Belgique,Web,7.82,3,1048.8999999999999
CMD07690,2024-03-20,Jean Dupont,Sport,Tapis de course,4,1143.34,0.0,Allemagne,Web,10.48,5,4573.36
CMD07691,2024-02-24,Carlos Gomez,Jouets,Jeu de société,5,1440.26,0.05,Allemagne,App,12.6,4,6841.235
CMD07692,2024-01-15,Paolo Bianchi,Beauté,Parfum,4,1555.54,0.3,Espagne,Web,5.51,2,4355.512
CMD07693,2024-09-28,Paolo Bianchi,Sport,Ballon,5,1973.14,0.2,Italie,App,4.27,3,7892.560000000001
CMD07694,2024-11-13,Nina Müller,Mode,Montre,4,1912.28,0.0,Italie,Web,7.3,4,7649.12
CMD07695,2024-06-13,Jean Dupont,Jouets,Peluche,2,144.04,0.1,France,Magasin,11.78,5,259.272
CMD07696,2024-09-23,Jean Dupont,Électronique,Tablette,4,1971.22,0.0,Belgique,Web,7.0,4,7884.88
CMD07697,2024-07-26,Nina Müller,Beauté,Sérum,2,1283.94,0.2,Italie,Web,10.25,3,2054.304
CMD07698,2024-01-26,Nina Müller,Électronique,Casque audio,2,652.66,0.0,Maroc,Web,14.84,4,1305.32
CMD07699,2024-10-06,Léa Durand,Maison,Mixeur,2,1045.1,0.05,Maroc,App,1.99,1,1985.6899999999998
CMD07700,2024-10-17,Jean Dupont,Jouets,Lego,2,1041.72,0.15,Italie,App,8.04,4,1770.924
CMD07701,2024-03-27,Ali Benali,Électronique,Ordinateur portable,1,1972.49,0.1,Suisse,Magasin,9.13,1,1775.241
CMD07702,2024-06-23,Lucie Martin,Sport,Chaussures de sport,3,1173.92,0.05,France,Web,13.09,4,3345.672
CMD07703,2024-09-03,Emma Rossi,Jouets,Peluche,3,1919.39,0.2,Allemagne,App,0.35,5,4606.536
CMD07704,2024-09-22,Jean Dupont,Électronique,Ordinateur portable,5,1115.66,0.1,Maroc,Magasin,3.07,4,5020.47
CMD07705,2024-12-26,Sarah Moreau,Maison,Aspirateur,2,1751.96,0.2,Belgique,Magasin,9.5,1,2803.1360000000004
CMD07706,2024-11-01,Nina Müller,Beauté,Crème visage,1,470.29,0.15,Belgique,App,1.42,3,399.7465
CMD07707,2024-04-22,Carlos Gomez,Maison,Lampadaire,3,526.45,0.25,Allemagne,Web,11.89,3,1184.5125
CMD07708,2024-05-07,Carlos Gomez,Maison,Machine à café,1,120.63,0.1,Italie,App,0.42,2,108.567
CMD07709,2024-06-14,Jean Dupont,Jouets,Lego,1,1439.03,0.15,France,Web,2.57,4,1223.1755
CMD07710,2024-09-09,Lucie Martin,Sport,Raquette,2,177.19,0.0,Suisse,App,14.54,3,354.38
CMD07711,2024-10-10,Sarah Moreau,Sport,Raquette,3,1516.78,0.0,Italie,Magasin,9.68,3,4550.34
CMD07712,2024-03-20,Nina Müller,Maison,Aspirateur,3,1336.55,0.3,Suisse,App,7.02,5,2806.7549999999997
CMD07713,2024-09-07,Lucie Martin,Sport,Raquette,2,1890.36,0.2,Italie,Magasin,1.25,4,3024.576
CMD07714,2024-12-28,Sarah Moreau,Jouets,Jeu de société,3,1131.09,0.3,Italie,App,13.94,1,2375.2889999999993
CMD07715,2024-02-19,Jean Dupont,Mode,Sac à main,3,1475.88,0.25,Belgique,Web,3.6,3,3320.7300000000005
CMD07716,2024-06-11,Emma Rossi,Mode,Jean,5,94.07,0.2,Belgique,App,12.06,2,376.28
CMD07717,2024-06-23,Léa Durand,Maison,Aspirateur,5,52.64,0.0,Belgique,App,14.3,2,263.2
CMD07718,2024-03-24,Emma Rossi,Mode,Chaussures,5,466.82,0.05,Maroc,Magasin,11.86,2,2217.395
CMD07719,2024-12-09,Paolo Bianchi,Électronique,Ordinateur portable,3,641.52,0.05,France,Magasin,7.42,1,1828.3319999999999
CMD07720,2024-03-23,Emma Rossi,Électronique,Tablette,2,1781.33,0.3,Espagne,App,2.93,4,2493.8619999999996
CMD07721,2024-02-18,Carlos Gomez,Jouets,Puzzle,1,1147.91,0.1,Italie,App,6.38,2,1033.1190000000001
CMD07722,2024-08-30,Nina Müller,Sport,Raquette,2,1784.18,0.0,Suisse,App,13.24,1,3568.36
CMD07723,2024-07-10,Ali Benali,Maison,Machine à café,5,1977.81,0.15,Espagne,Magasin,13.28,2,8405.6925
CMD07724,2024-02-19,Nina Müller,Maison,Lampadaire,4,941.72,0.15,Espagne,Magasin,11.96,4,3201.848
CMD07725,2024-03-12,Léa Durand,Maison,Lampadaire,2,634.93,0.3,Maroc,Magasin,5.09,1,888.9019999999999
CMD07726,2024-10-05,Youssef El Amrani,Beauté,Crème visage,2,869.81,0.15,Maroc,App,3.31,3,1478.677
CMD07727,2024-01-17,Sarah Moreau,Maison,Aspirateur,2,752.18,0.0,France,Magasin,3.84,2,1504.36
CMD07728,2024-02-13,Ali Benali,Électronique,Smartphone,2,1843.34,0.05,Maroc,App,8.25,5,3502.3459999999995
CMD07729,2024-05-30,Léa Durand,Maison,Machine à café,4,692.03,0.2,Italie,App,9.72,4,2214.496
CMD07730,2024-11-06,Lucie Martin,Maison,Machine à café,2,1566.96,0.25,Maroc,Magasin,8.12,2,2350.44
CMD07731,2024-07-25,Sarah Moreau,Jouets,Puzzle,5,1662.47,0.15,Maroc,Magasin,3.39,1,7065.4975
CMD07732,2024-02-06,Ali Benali,Jouets,Voiture téléguidée,4,635.25,0.0,Allemagne,Magasin,8.62,4,2541.0
CMD07733,2024-03-20,Emma Rossi,Sport,Chaussures de sport,5,843.47,0.25,Maroc,App,12.46,3,3163.0125000000003
CMD07734,2024-03-16,Nina Müller,Maison,Machine à café,4,1411.1,0.05,Espagne,Web,3.29,5,5362.179999999999
CMD07735,2024-10-23,Léa Durand,Beauté,Sérum,2,99.62,0.2,France,Web,0.35,1,159.39200000000002
CMD07736,2024-08-12,Lucie Martin,Jouets,Jeu de société,4,1467.36,0.1,Italie,Magasin,4.14,5,5282.496
CMD07737,2024-02-27,Jean Dupont,Beauté,Crème visage,2,1722.83,0.2,Allemagne,Web,12.54,1,2756.5280000000002
CMD07738,2024-10-03,Nina Müller,Maison,Lampadaire,3,1974.44,0.2,Suisse,Web,4.32,2,4738.656
CMD07739,2024-09-16,Paolo Bianchi,Beauté,Rouge à lèvres,3,953.1,0.25,France,Magasin,10.79,2,2144.4750000000004
CMD07740,2024-10-01,Jean Dupont,Jouets,Peluche,5,1937.43,0.2,Belgique,App,6.97,3,7749.72
CMD07741,2024-01-17,Sarah Moreau,Beauté,Crème visage,5,820.89,0.15,France,Magasin,4.05,5,3488.7825
CMD07742,2024-08-27,Sarah Moreau,Beauté,Crème visage,3,1533.79,0.25,Suisse,App,6.38,5,3451.0275
CMD07743,2024-10-23,Sarah Moreau,Jouets,Voiture téléguidée,2,1555.54,0.1,France,Web,1.51,3,2799.972
CMD07744,2024-05-25,Emma Rossi,Électronique,Tablette,5,1319.79,0.15,Maroc,Magasin,11.78,5,5609.1075
CMD07745,2024-12-14,Lucie Martin,Beauté,Crème visage,5,832.21,0.15,Allemagne,Web,3.49,4,3536.8925
CMD07746,2024-08-11,Emma Rossi,Sport,Vélo,5,681.41,0.0,Allemagne,App,4.96,2,3407.0499999999997
CMD07747,2024-03-23,Sarah Moreau,Sport,Ballon,2,1814.62,0.3,Espagne,App,12.37,3,2540.468
CMD07748,2024-05-01,Sarah Moreau,Sport,Chaussures de sport,5,158.99,0.3,Italie,App,4.28,3,556.465
CMD07749,2024-04-01,Carlos Gomez,Jouets,Voiture téléguidée,4,1642.38,0.0,Suisse,Magasin,4.22,1,6569.52
CMD07750,2024-02-25,Nina Müller,Mode,Sac à main,3,384.04,0.3,Espagne,Magasin,1.97,1,806.484
CMD07751,2024-08-19,Nina Müller,Maison,Lampadaire,2,670.45,0.0,France,App,14.76,4,1340.9
CMD07752,2024-01-13,Sarah Moreau,Jouets,Puzzle,2,1109.38,0.05,Suisse,App,11.28,5,2107.822
CMD07753,2024-06-24,Carlos Gomez,Beauté,Sérum,1,591.14,0.2,Maroc,Magasin,6.79,5,472.91200000000003
CMD07754,2024-10-11,Youssef El Amrani,Électronique,Casque audio,2,213.38,0.15,Italie,Magasin,5.58,3,362.746
CMD07755,2024-09-26,Nina Müller,Électronique,Tablette,2,862.19,0.2,Suisse,App,1.24,2,1379.5040000000001
CMD07756,2024-12-03,Paolo Bianchi,Maison,Aspirateur,5,1187.07,0.0,Maroc,Web,3.57,4,5935.349999999999
CMD07757,2024-01-04,Nina Müller,Sport,Raquette,4,1674.61,0.1,Suisse,Web,7.77,5,6028.596
CMD07758,2024-03-31,Sarah Moreau,Jouets,Jeu de société,4,129.45,0.3,Allemagne,Web,14.55,1,362.4599999999999
CMD07759,2024-03-13,Lucie Martin,Sport,Vélo,5,456.39,0.1,Suisse,App,2.95,2,2053.755
CMD07760,2024-09-06,Paolo Bianchi,Maison,Mixeur,1,507.81,0.25,Maroc,App,7.14,3,380.8575
CMD07761,2024-12-07,Léa Durand,Électronique,Tablette,2,1712.54,0.2,Maroc,App,2.33,1,2740.0640000000003
CMD07762,2024-08-09,Nina Müller,Beauté,Rouge à lèvres,2,972.27,0.05,Espagne,Web,6.66,3,1847.3129999999999
CMD07763,2024-10-13,Lucie Martin,Mode,Chaussures,1,59.79,0.3,Italie,App,14.46,4,41.852999999999994
CMD07764,2024-02-20,Lucie Martin,Maison,Ventilateur,4,1872.26,0.2,France,App,14.21,2,5991.232
CMD07765,2024-04-22,Ali Benali,Sport,Raquette,1,357.73,0.2,Suisse,App,10.18,1,286.184
CMD07766,2024-12-26,Lucie Martin,Beauté,Shampoing,4,1598.09,0.25,Allemagne,Magasin,10.83,5,4794.2699999999995
CMD07767,2024-06-17,Lucie Martin,Sport,Vélo,1,1730.73,0.1,Belgique,App,10.34,5,1557.6570000000002
CMD07768,2024-07-11,Youssef El Amrani,Électronique,Tablette,4,1006.59,0.1,Suisse,Web,8.72,2,3623.724
CMD07769,2024-02-06,Nina Müller,Beauté,Sérum,3,251.13,0.25,Espagne,App,0.69,5,565.0425
CMD07770,2024-03-24,Léa Durand,Maison,Mixeur,4,98.9,0.0,Belgique,App,2.99,1,395.6
CMD07771,2024-07-22,Sarah Moreau,Beauté,Rouge à lèvres,4,1259.74,0.0,Espagne,App,12.61,1,5038.96
CMD07772,2024-09-13,Youssef El Amrani,Jouets,Lego,4,1235.88,0.05,Italie,Web,7.96,3,4696.344
CMD07773,2024-10-28,Ali Benali,Jouets,Lego,3,1121.22,0.1,Belgique,App,11.75,3,3027.294
CMD07774,2024-11-20,Carlos Gomez,Maison,Aspirateur,1,1408.07,0.3,Belgique,App,13.58,5,985.6489999999999
CMD07775,2024-05-25,Sarah Moreau,Maison,Ventilateur,5,1639.73,0.3,Italie,App,6.1,1,5739.054999999999
CMD07776,2024-01-08,Jean Dupont,Beauté,Parfum,1,113.95,0.2,Allemagne,Web,14.44,4,91.16000000000001
CMD07777,2024-11-24,Lucie Martin,Mode,Sac à main,4,533.22,0.25,Italie,Magasin,4.85,2,1599.66
CMD07778,2024-11-26,Nina Müller,Sport,Ballon,3,1520.63,0.0,Belgique,Magasin,10.02,3,4561.89
CMD07779,2024-10-25,Carlos Gomez,Sport,Vélo,1,1167.12,0.25,Suisse,Web,5.57,3,875.3399999999999
CMD07780,2024-12-29,Léa Durand,Électronique,Smartphone,5,1528.91,0.15,France,Magasin,12.55,1,6497.8675
CMD07781,2024-02-10,Nina Müller,Maison,Ventilateur,4,755.63,0.15,Espagne,Magasin,0.87,4,2569.142
CMD07782,2024-05-11,Emma Rossi,Mode,Veste,2,1324.96,0.2,France,App,9.56,3,2119.936
CMD07783,2024-09-03,Ali Benali,Mode,Montre,5,641.09,0.1,Allemagne,App,7.63,4,2884.905
CMD07784,2024-05-04,Nina Müller,Maison,Aspirateur,5,437.13,0.25,Belgique,Magasin,10.93,4,1639.2375000000002
CMD07785,2024-02-21,Nina Müller,Mode,Sac à main,1,255.35,0.0,Maroc,Magasin,13.64,1,255.35
CMD07786,2024-09-02,Youssef El Amrani,Mode,Chaussures,2,1785.31,0.3,Suisse,App,0.52,1,2499.4339999999997
CMD07787,2024-11-23,Jean Dupont,Électronique,Ordinateur portable,3,232.33,0.2,Maroc,Magasin,6.24,2,557.592
CMD07788,2024-06-22,Léa Durand,Jouets,Jeu de société,2,1688.55,0.1,Allemagne,Magasin,13.0,1,3039.39
CMD07789,2024-05-17,Emma Rossi,Mode,Chaussures,3,827.03,0.3,Allemagne,Magasin,6.01,4,1736.763
CMD07790,2024-12-23,Youssef El Amrani,Jouets,Peluche,5,569.16,0.2,Italie,Web,1.36,3,2276.64
CMD07791,2024-03-23,Nina Müller,Électronique,Ordinateur portable,3,1901.65,0.0,Belgique,App,10.4,1,5704.950000000001
CMD07792,2024-05-31,Youssef El Amrani,Mode,Jean,5,185.52,0.0,Allemagne,Magasin,12.77,3,927.6
CMD07793,2024-05-19,Jean Dupont,Mode,Veste,2,1022.76,0.25,Allemagne,Web,5.51,1,1534.1399999999999
CMD07794,2024-03-28,Emma Rossi,Jouets,Lego,5,1050.44,0.1,Suisse,Web,2.19,4,4726.9800000000005
CMD07795,2024-07-05,Emma Rossi,Jouets,Lego,1,18.17,0.25,Suisse,Magasin,6.45,3,13.627500000000001
CMD07796,2024-12-03,Ali Benali,Maison,Lampadaire,4,575.4,0.3,France,App,0.87,2,1611.12
CMD07797,2024-05-20,Sarah Moreau,Sport,Tapis de course,1,1805.3,0.05,Maroc,App,3.78,3,1715.0349999999999
CMD07798,2024-12-25,Nina Müller,Jouets,Voiture téléguidée,3,388.76,0.1,Allemagne,Web,8.3,2,1049.652
CMD07799,2024-07-01,Paolo Bianchi,Maison,Aspirateur,2,1497.52,0.3,Belgique,Magasin,13.57,4,2096.528
CMD07800,2024-10-03,Emma Rossi,Maison,Lampadaire,3,1350.23,0.0,France,Magasin,4.85,3,4050.69
CMD07801,2024-08-12,Youssef El Amrani,Mode,Sac à main,4,549.61,0.1,Allemagne,Web,6.76,5,1978.596
CMD07802,2024-09-23,Lucie Martin,Beauté,Crème visage,3,1044.4,0.0,Suisse,App,11.78,4,3133.2000000000003
CMD07803,2024-02-26,Emma Rossi,Beauté,Rouge à lèvres,1,1637.4,0.2,Suisse,Magasin,0.73,4,1309.92
CMD07804,2024-08-15,Paolo Bianchi,Mode,Veste,3,1348.5,0.25,France,App,6.08,3,3034.125
CMD07805,2024-10-02,Emma Rossi,Mode,Veste,3,1597.53,0.05,France,App,2.9,2,4552.9605
CMD07806,2024-08-12,Jean Dupont,Beauté,Shampoing,3,1866.07,0.1,Italie,Web,7.15,2,5038.389
CMD07807,2024-04-19,Léa Durand,Jouets,Peluche,2,683.08,0.25,Allemagne,Web,3.53,4,1024.6200000000001
CMD07808,2024-08-24,Léa Durand,Électronique,Ordinateur portable,1,1552.06,0.05,Italie,Magasin,2.02,2,1474.4569999999999
CMD07809,2024-09-08,Sarah Moreau,Mode,Sac à main,3,495.48,0.25,Belgique,Magasin,8.02,1,1114.83
CMD07810,2024-04-08,Carlos Gomez,Sport,Chaussures de sport,1,26.72,0.25,Espagne,App,9.0,3,20.04
CMD07811,2024-06-03,Ali Benali,Électronique,Tablette,4,984.43,0.15,France,App,3.61,2,3347.062
CMD07812,2024-01-01,Léa Durand,Mode,Sac à main,2,241.31,0.3,Maroc,App,11.44,5,337.834
CMD07813,2024-01-07,Léa Durand,Sport,Chaussures de sport,3,1772.42,0.1,Allemagne,App,7.97,2,4785.534000000001
CMD07814,2024-12-01,Léa Durand,Beauté,Sérum,4,219.11,0.15,Italie,App,10.86,1,744.974
CMD07815,2024-11-02,Sarah Moreau,Sport,Ballon,5,1180.71,0.3,Allemagne,Web,9.4,4,4132.485
CMD07816,2024-10-01,Léa Durand,Sport,Chaussures de sport,2,1284.57,0.15,Suisse,Web,10.94,1,2183.769
CMD07817,2024-03-14,Sarah Moreau,Maison,Lampadaire,5,765.7,0.25,Suisse,Magasin,13.03,4,2871.375
CMD07818,2024-07-01,Paolo Bianchi,Sport,Vélo,3,1842.2,0.15,Espagne,Web,3.06,3,4697.610000000001
CMD07819,2024-08-19,Carlos Gomez,Mode,Veste,2,303.27,0.2,Italie,Web,5.06,2,485.23199999999997
CMD07820,2024-09-16,Youssef El Amrani,Sport,Chaussures de sport,2,1031.7,0.2,France,Magasin,8.15,2,1650.7200000000003
CMD07821,2024-01-13,Ali Benali,Électronique,Ordinateur portable,3,1978.45,0.0,Maroc,Magasin,9.38,4,5935.35
CMD07822,2024-11-19,Paolo Bianchi,Maison,Ventilateur,1,1128.36,0.1,France,Magasin,9.73,2,1015.5239999999999
CMD07823,2024-04-03,Nina Müller,Jouets,Puzzle,1,586.53,0.3,France,App,12.04,5,410.57099999999997
CMD07824,2024-01-14,Paolo Bianchi,Mode,Jean,3,1416.3,0.15,Suisse,Web,0.92,5,3611.5649999999996
CMD07825,2024-10-18,Jean Dupont,Jouets,Lego,3,1678.78,0.25,Italie,App,3.31,1,3777.255
CMD07826,2024-04-26,Ali Benali,Mode,Montre,4,1795.81,0.05,Belgique,App,14.77,1,6824.0779999999995
CMD07827,2024-12-25,Sarah Moreau,Électronique,Smartphone,5,441.58,0.3,France,App,10.75,1,1545.53
CMD07828,2024-01-05,Ali Benali,Beauté,Parfum,5,287.72,0.2,Allemagne,App,2.76,3,1150.88
CMD07829,2024-12-30,Carlos Gomez,Mode,Jean,3,981.63,0.15,Belgique,Web,14.54,1,2503.1565
CMD07830,2024-06-29,Emma Rossi,Maison,Mixeur,1,1643.57,0.05,Suisse,Magasin,4.42,5,1561.3915
CMD07831,2024-12-19,Nina Müller,Mode,Montre,3,708.06,0.1,Belgique,App,6.33,4,1911.762
CMD07832,2024-10-14,Léa Durand,Maison,Mixeur,1,172.0,0.3,Allemagne,App,13.25,3,120.39999999999999
CMD07833,2024-10-24,Sarah Moreau,Maison,Aspirateur,4,1413.47,0.1,Suisse,App,13.7,5,5088.492
CMD07834,2024-02-24,Emma Rossi,Beauté,Parfum,4,148.85,0.3,Suisse,Magasin,13.84,1,416.78
CMD07835,2024-03-29,Paolo Bianchi,Sport,Tapis de course,5,296.94,0.0,Belgique,App,10.89,4,1484.7
CMD07836,2024-04-14,Paolo Bianchi,Sport,Chaussures de sport,5,1873.07,0.15,Espagne,Magasin,7.05,5,7960.5475
CMD07837,2024-05-16,Carlos Gomez,Sport,Raquette,5,889.15,0.2,Belgique,Web,2.49,5,3556.6000000000004
CMD07838,2024-12-20,Nina Müller,Sport,Tapis de course,3,1713.1,0.0,Suisse,Magasin,3.92,2,5139.299999999999
CMD07839,2024-01-23,Sarah Moreau,Maison,Lampadaire,5,1681.69,0.1,Belgique,Magasin,12.87,3,7567.6050000000005
CMD07840,2024-02-20,Jean Dupont,Maison,Aspirateur,2,357.82,0.2,Allemagne,Web,11.77,5,572.5120000000001
CMD07841,2024-09-26,Ali Benali,Beauté,Rouge à lèvres,3,1618.58,0.2,Espagne,Magasin,8.58,2,3884.592
CMD07842,2024-10-31,Emma Rossi,Mode,Jean,1,457.18,0.3,Italie,Magasin,13.03,3,320.026
CMD07843,2024-03-05,Jean Dupont,Jouets,Peluche,1,1556.17,0.3,Maroc,App,7.99,4,1089.319
CMD07844,2024-10-15,Emma Rossi,Beauté,Crème visage,3,1661.61,0.0,Maroc,Web,0.99,1,4984.83
CMD07845,2024-10-03,Léa Durand,Sport,Tapis de course,5,1690.3,0.1,Suisse,App,13.74,2,7606.35
CMD07846,2024-01-09,Lucie Martin,Électronique,Smartphone,3,1996.49,0.25,France,Magasin,13.01,5,4492.1025
CMD07847,2024-08-06,Nina Müller,Beauté,Parfum,2,1970.0,0.15,Maroc,Magasin,3.61,5,3349.0
CMD07848,2024-11-10,Paolo Bianchi,Beauté,Parfum,2,1422.88,0.2,Belgique,App,3.68,3,2276.608
CMD07849,2024-10-05,Lucie Martin,Sport,Vélo,4,1144.87,0.0,Belgique,Web,7.5,4,4579.48
CMD07850,2024-01-10,Sarah Moreau,Sport,Chaussures de sport,4,1350.83,0.3,Belgique,App,5.11,2,3782.3239999999996
CMD07851,2024-10-27,Youssef El Amrani,Électronique,Casque audio,4,1888.54,0.2,France,App,6.32,2,6043.328
CMD07852,2024-10-02,Nina Müller,Électronique,TV 4K,1,1573.59,0.3,Espagne,App,11.07,5,1101.513
CMD07853,2024-12-10,Emma Rossi,Maison,Aspirateur,1,1858.23,0.05,Maroc,Magasin,11.18,1,1765.3184999999999
CMD07854,2024-01-20,Lucie Martin,Maison,Lampadaire,4,1274.92,0.15,Suisse,Web,13.55,4,4334.728
CMD07855,2024-02-04,Carlos Gomez,Beauté,Rouge à lèvres,2,141.39,0.15,France,App,8.01,5,240.36299999999997
CMD07856,2024-11-08,Emma Rossi,Jouets,Lego,1,1655.58,0.25,Belgique,Magasin,5.95,1,1241.685
CMD07857,2024-02-05,Paolo Bianchi,Beauté,Sérum,3,155.66,0.25,Belgique,Magasin,6.61,5,350.235
CMD07858,2024-05-03,Lucie Martin,Maison,Ventilateur,1,37.74,0.3,Belgique,Web,1.27,2,26.418
CMD07859,2024-08-31,Sarah Moreau,Électronique,Smartphone,2,1757.54,0.05,Maroc,App,6.14,5,3339.3259999999996
CMD07860,2024-02-01,Carlos Gomez,Jouets,Jeu de société,5,807.02,0.0,Suisse,Magasin,12.58,5,4035.1
CMD07861,2024-05-07,Sarah Moreau,Beauté,Parfum,3,357.96,0.05,Allemagne,App,7.51,1,1020.1859999999998
CMD07862,2024-09-11,Jean Dupont,Mode,Sac à main,5,37.63,0.2,Allemagne,Web,8.73,5,150.52
CMD07863,2024-04-28,Léa Durand,Beauté,Shampoing,2,1929.02,0.05,Maroc,Magasin,4.16,5,3665.138
CMD07864,2024-07-23,Youssef El Amrani,Mode,Chaussures,4,256.92,0.15,Italie,Magasin,14.66,5,873.528
CMD07865,2024-08-05,Emma Rossi,Sport,Ballon,5,941.8,0.25,France,Web,5.26,2,3531.75
CMD07866,2024-11-06,Nina Müller,Sport,Tapis de course,4,97.04,0.05,Suisse,App,6.37,3,368.752
CMD07867,2024-09-02,Carlos Gomez,Sport,Vélo,2,469.55,0.25,Espagne,Web,7.53,2,704.325
CMD07868,2024-05-16,Youssef El Amrani,Jouets,Voiture téléguidée,3,478.91,0.05,Italie,Magasin,13.92,1,1364.8935
CMD07869,2024-05-09,Lucie Martin,Mode,Montre,1,1984.1,0.25,Maroc,App,8.37,4,1488.0749999999998
CMD07870,2024-05-12,Youssef El Amrani,Beauté,Sérum,2,1120.05,0.25,Allemagne,Web,7.48,4,1680.0749999999998
CMD07871,2024-08-27,Lucie Martin,Sport,Raquette,5,1625.08,0.15,Belgique,App,0.46,4,6906.589999999999
CMD07872,2024-06-17,Léa Durand,Mode,Montre,2,1508.26,0.2,Belgique,App,5.96,2,2413.216
CMD07873,2024-06-21,Emma Rossi,Maison,Ventilateur,4,1887.05,0.2,Allemagne,Magasin,1.99,3,6038.56
CMD07874,2024-05-17,Léa Durand,Maison,Aspirateur,3,437.07,0.1,Espagne,Magasin,9.09,3,1180.0890000000002
CMD07875,2024-09-17,Léa Durand,Beauté,Sérum,5,579.39,0.15,France,Magasin,13.85,1,2462.4075
CMD07876,2024-07-24,Carlos Gomez,Électronique,Ordinateur portable,5,1181.0,0.2,Espagne,Magasin,8.57,2,4724.0
CMD07877,2024-12-12,Jean Dupont,Jouets,Peluche,5,786.71,0.15,Maroc,Web,13.99,5,3343.5175
CMD07878,2024-10-05,Youssef El Amrani,Électronique,Tablette,3,1335.36,0.0,Suisse,App,3.61,5,4006.08
CMD07879,2024-05-10,Nina Müller,Maison,Aspirateur,1,1411.54,0.25,Belgique,App,11.13,3,1058.655
CMD07880,2024-08-23,Youssef El Amrani,Jouets,Jeu de société,4,1197.56,0.2,France,App,2.69,5,3832.192
CMD07881,2024-12-02,Léa Durand,Beauté,Sérum,2,103.79,0.05,France,Magasin,6.76,5,197.201
CMD07882,2024-05-09,Ali Benali,Électronique,Tablette,4,1218.31,0.3,Maroc,App,11.33,2,3411.2679999999996
CMD07883,2024-05-19,Ali Benali,Mode,Chaussures,1,1375.02,0.3,Suisse,Magasin,5.19,4,962.5139999999999
CMD07884,2024-01-11,Youssef El Amrani,Jouets,Puzzle,1,1686.31,0.25,France,Magasin,4.66,3,1264.7325
CMD07885,2024-05-09,Sarah Moreau,Jouets,Jeu de société,1,1158.85,0.3,France,App,4.51,4,811.1949999999999
CMD07886,2024-07-08,Paolo Bianchi,Sport,Raquette,2,1819.63,0.3,Italie,Web,10.19,5,2547.482
CMD07887,2024-10-06,Jean Dupont,Jouets,Jeu de société,4,589.23,0.0,Espagne,Magasin,2.71,5,2356.92
CMD07888,2024-12-13,Ali Benali,Jouets,Jeu de société,1,1111.47,0.25,Belgique,Magasin,5.08,4,833.6025
CMD07889,2024-06-21,Ali Benali,Mode,Sac à main,4,886.99,0.1,Espagne,Web,0.89,4,3193.164
CMD07890,2024-12-25,Lucie Martin,Mode,Sac à main,4,1527.17,0.3,Espagne,Magasin,10.77,2,4276.076
CMD07891,2024-04-01,Carlos Gomez,Mode,Chaussures,3,331.86,0.1,Allemagne,App,13.99,1,896.022
CMD07892,2024-08-23,Carlos Gomez,Sport,Ballon,4,205.75,0.2,Suisse,Web,5.52,5,658.4000000000001
CMD07893,2024-09-04,Youssef El Amrani,Électronique,Tablette,4,689.27,0.1,Maroc,Magasin,5.64,2,2481.372
CMD07894,2024-07-27,Ali Benali,Jouets,Voiture téléguidée,4,1075.48,0.3,Italie,App,0.37,2,3011.344
CMD07895,2024-03-11,Lucie Martin,Sport,Tapis de course,2,231.03,0.05,Italie,Magasin,1.95,1,438.957
CMD07896,2024-02-20,Carlos Gomez,Électronique,Ordinateur portable,3,105.18,0.15,Maroc,Magasin,7.83,3,268.209
CMD07897,2024-03-09,Ali Benali,Beauté,Crème visage,3,1014.23,0.1,Italie,Web,3.3,3,2738.4210000000003
CMD07898,2024-11-24,Paolo Bianchi,Électronique,Ordinateur portable,4,388.07,0.0,Allemagne,Magasin,7.09,1,1552.28
CMD07899,2024-08-02,Sarah Moreau,Jouets,Peluche,1,546.96,0.15,Maroc,Web,0.35,2,464.916
CMD07900,2024-01-30,Sarah Moreau,Mode,Montre,5,1356.02,0.1,Italie,Web,11.93,1,6102.09
CMD07901,2024-04-21,Ali Benali,Beauté,Crème visage,3,1146.92,0.3,Espagne,Web,2.88,4,2408.532
CMD07902,2024-05-20,Ali Benali,Électronique,Smartphone,1,1325.06,0.1,Espagne,App,11.2,2,1192.554
CMD07903,2024-10-24,Carlos Gomez,Beauté,Rouge à lèvres,1,1593.44,0.0,Belgique,Web,9.38,1,1593.44
CMD07904,2024-06-18,Paolo Bianchi,Électronique,Smartphone,5,881.64,0.2,Suisse,Magasin,0.89,5,3526.56
CMD07905,2024-03-17,Jean Dupont,Beauté,Crème visage,4,462.5,0.0,Espagne,Web,7.32,1,1850.0
CMD07906,2024-09-06,Paolo Bianchi,Maison,Lampadaire,3,1674.93,0.3,Suisse,Web,5.0,2,3517.3529999999996
CMD07907,2024-11-09,Emma Rossi,Maison,Mixeur,1,1515.23,0.2,Italie,Magasin,3.84,3,1212.184
CMD07908,2024-06-12,Jean Dupont,Jouets,Peluche,1,333.12,0.1,Maroc,Magasin,14.08,4,299.808
CMD07909,2024-02-21,Paolo Bianchi,Sport,Raquette,1,1316.19,0.0,Espagne,App,7.61,1,1316.19
CMD07910,2024-01-14,Léa Durand,Mode,Chaussures,2,1394.66,0.3,Espagne,Magasin,12.31,1,1952.524
CMD07911,2024-05-12,Emma Rossi,Beauté,Sérum,1,1475.51,0.0,Allemagne,Magasin,6.6,4,1475.51
CMD07912,2024-11-30,Sarah Moreau,Sport,Chaussures de sport,4,441.76,0.1,Allemagne,App,6.65,2,1590.336
CMD07913,2024-06-21,Ali Benali,Maison,Aspirateur,2,1809.97,0.3,Maroc,App,12.46,3,2533.958
CMD07914,2024-05-19,Emma Rossi,Mode,Veste,1,1369.32,0.15,Espagne,App,8.59,3,1163.922
CMD07915,2024-07-28,Léa Durand,Jouets,Lego,3,1207.41,0.0,Belgique,App,8.52,2,3622.2300000000005
CMD07916,2024-02-06,Paolo Bianchi,Mode,Sac à main,3,1358.94,0.05,Belgique,Magasin,0.28,5,3872.979
CMD07917,2024-03-08,Paolo Bianchi,Sport,Tapis de course,3,1994.67,0.25,Suisse,App,13.38,4,4488.0075
CMD07918,2024-07-05,Emma Rossi,Maison,Ventilateur,4,207.48,0.0,Espagne,Web,10.48,2,829.92
CMD07919,2024-08-24,Youssef El Amrani,Mode,Veste,1,881.51,0.1,Espagne,App,2.08,1,793.359
CMD07920,2024-11-08,Jean Dupont,Électronique,Casque audio,3,981.83,0.15,Allemagne,App,0.64,1,2503.6665000000003
CMD07921,2024-10-24,Ali Benali,Beauté,Rouge à lèvres,4,338.31,0.3,Maroc,Web,12.2,4,947.2679999999999
CMD07922,2024-05-20,Paolo Bianchi,Électronique,TV 4K,2,1295.94,0.1,Suisse,Magasin,13.76,5,2332.692
CMD07923,2024-12-03,Carlos Gomez,Beauté,Crème visage,2,933.38,0.05,Maroc,App,13.92,1,1773.4219999999998
CMD07924,2024-05-14,Léa Durand,Mode,Montre,4,1634.23,0.2,Allemagne,App,7.69,1,5229.536
CMD07925,2024-05-04,Lucie Martin,Jouets,Lego,2,1081.08,0.0,Italie,App,9.68,1,2162.16
CMD07926,2024-07-24,Sarah Moreau,Maison,Mixeur,4,103.9,0.3,Allemagne,Magasin,14.11,1,290.92
CMD07927,2024-07-17,Nina Müller,Mode,Chaussures,3,760.02,0.25,Maroc,Web,9.46,1,1710.045
CMD07928,2024-01-13,Léa Durand,Mode,Chaussures,2,834.51,0.15,Maroc,Magasin,5.25,4,1418.667
CMD07929,2024-08-24,Léa Durand,Maison,Mixeur,3,592.41,0.2,Suisse,Magasin,0.3,4,1421.784
CMD07930,2024-03-30,Carlos Gomez,Électronique,TV 4K,1,764.27,0.2,Maroc,Web,9.86,4,611.416
CMD07931,2024-09-04,Jean Dupont,Maison,Ventilateur,5,670.97,0.25,Maroc,App,14.56,1,2516.1375000000003
CMD07932,2024-08-27,Carlos Gomez,Sport,Raquette,2,1608.49,0.05,Italie,App,12.45,4,3056.131
CMD07933,2024-08-26,Nina Müller,Maison,Aspirateur,2,1286.97,0.05,Espagne,App,14.88,1,2445.243
CMD07934,2024-03-08,Carlos Gomez,Électronique,Tablette,5,1684.01,0.0,Belgique,Magasin,13.04,3,8420.05
CMD07935,2024-03-06,Carlos Gomez,Mode,Sac à main,2,1853.91,0.25,Allemagne,App,1.15,3,2780.8650000000002
CMD07936,2024-11-19,Paolo Bianchi,Électronique,Smartphone,1,1774.67,0.05,Belgique,App,4.91,5,1685.9365
CMD07937,2024-11-05,Emma Rossi,Jouets,Voiture téléguidée,3,1555.18,0.0,Belgique,Magasin,7.39,1,4665.54
CMD07938,2024-11-01,Emma Rossi,Maison,Mixeur,5,642.42,0.1,Belgique,Magasin,10.6,4,2890.89
CMD07939,2024-06-26,Carlos Gomez,Électronique,Smartphone,1,1808.57,0.0,Maroc,Magasin,9.24,4,1808.57
CMD07940,2024-08-05,Youssef El Amrani,Beauté,Shampoing,5,635.76,0.3,Suisse,App,9.89,2,2225.16
CMD07941,2024-11-25,Emma Rossi,Jouets,Jeu de société,1,1405.59,0.0,Italie,App,14.28,4,1405.59
CMD07942,2024-04-29,Emma Rossi,Beauté,Rouge à lèvres,3,555.87,0.1,France,Magasin,8.93,5,1500.8490000000002
CMD07943,2024-12-07,Ali Benali,Mode,Sac à main,3,1930.3,0.3,Maroc,Magasin,13.24,3,4053.6299999999997
CMD07944,2024-06-13,Paolo Bianchi,Beauté,Shampoing,1,1013.16,0.0,Belgique,App,8.32,4,1013.16
CMD07945,2024-05-02,Nina Müller,Mode,Sac à main,1,1044.18,0.15,Suisse,Web,12.85,3,887.553
CMD07946,2024-04-06,Jean Dupont,Sport,Vélo,1,1111.43,0.15,Allemagne,Magasin,9.56,1,944.7155
CMD07947,2024-06-28,Paolo Bianchi,Sport,Raquette,4,1060.81,0.25,Belgique,Web,0.04,4,3182.43
CMD07948,2024-11-20,Youssef El Amrani,Sport,Tapis de course,4,121.72,0.1,France,Magasin,2.51,2,438.192
CMD07949,2024-04-30,Léa Durand,Jouets,Puzzle,1,953.13,0.3,Allemagne,App,5.66,2,667.1909999999999
CMD07950,2024-07-26,Sarah Moreau,Électronique,Smartphone,4,653.22,0.25,Allemagne,Magasin,5.78,4,1959.66
CMD07951,2024-04-08,Youssef El Amrani,Jouets,Peluche,2,834.42,0.05,Italie,Magasin,7.0,3,1585.398
CMD07952,2024-11-17,Nina Müller,Sport,Vélo,2,744.03,0.1,Maroc,Web,0.73,1,1339.254
CMD07953,2024-04-04,Emma Rossi,Maison,Machine à café,5,1264.48,0.3,Belgique,Magasin,10.45,5,4425.679999999999
CMD07954,2024-11-25,Sarah Moreau,Sport,Raquette,3,673.76,0.15,Italie,Magasin,1.84,1,1718.088
CMD07955,2024-04-29,Nina Müller,Beauté,Rouge à lèvres,1,875.01,0.25,Espagne,Magasin,1.72,2,656.2574999999999
CMD07956,2024-02-18,Emma Rossi,Beauté,Crème visage,1,988.43,0.0,Italie,Magasin,12.06,4,988.43
CMD07957,2024-05-19,Lucie Martin,Maison,Mixeur,1,1391.36,0.25,Allemagne,App,0.77,3,1043.52
CMD07958,2024-03-24,Jean Dupont,Beauté,Crème visage,4,159.25,0.15,Italie,App,0.92,4,541.4499999999999
CMD07959,2024-04-06,Ali Benali,Maison,Aspirateur,2,223.71,0.05,Espagne,Magasin,11.84,3,425.049
CMD07960,2024-10-16,Ali Benali,Jouets,Lego,5,1946.75,0.25,Suisse,Magasin,14.96,5,7300.3125
CMD07961,2024-10-31,Jean Dupont,Jouets,Jeu de société,2,1419.7,0.3,Suisse,Web,9.25,4,1987.58
CMD07962,2024-12-17,Ali Benali,Sport,Tapis de course,1,1904.58,0.0,France,Web,1.15,2,1904.58
CMD07963,2024-06-22,Youssef El Amrani,Beauté,Parfum,1,1349.95,0.15,Suisse,Web,2.89,5,1147.4575
CMD07964,2024-03-29,Nina Müller,Mode,Jean,3,1170.63,0.0,France,Magasin,9.21,5,3511.8900000000003
CMD07965,2024-07-26,Jean Dupont,Beauté,Shampoing,1,1389.29,0.25,Italie,App,5.4,3,1041.9675
CMD07966,2024-10-22,Sarah Moreau,Beauté,Crème visage,3,21.08,0.25,Italie,Magasin,6.95,2,47.42999999999999
CMD07967,2024-03-26,Ali Benali,Maison,Lampadaire,5,687.67,0.0,Maroc,Magasin,3.12,2,3438.35
CMD07968,2024-04-30,Sarah Moreau,Jouets,Voiture téléguidée,4,880.52,0.15,Italie,Web,3.84,4,2993.768
CMD07969,2024-02-07,Carlos Gomez,Sport,Ballon,5,1051.56,0.0,Suisse,Web,7.68,5,5257.799999999999
CMD07970,2024-07-19,Emma Rossi,Électronique,Ordinateur portable,1,1774.24,0.1,France,Magasin,10.85,3,1596.816
CMD07971,2024-10-16,Ali Benali,Électronique,Tablette,5,988.71,0.25,Belgique,App,5.78,2,3707.6625000000004
CMD07972,2024-07-11,Paolo Bianchi,Mode,Veste,1,1563.34,0.25,Espagne,App,1.81,1,1172.5049999999999
CMD07973,2024-01-21,Nina Müller,Maison,Lampadaire,5,289.67,0.0,Italie,Web,5.84,4,1448.3500000000001
CMD07974,2024-07-20,Ali Benali,Jouets,Jeu de société,5,573.67,0.1,Italie,App,0.17,4,2581.515
CMD07975,2024-09-22,Sarah Moreau,Sport,Chaussures de sport,4,1369.08,0.15,Suisse,App,4.68,4,4654.871999999999
CMD07976,2024-10-26,Léa Durand,Maison,Lampadaire,3,589.11,0.1,Maroc,Magasin,4.13,2,1590.597
CMD07977,2024-03-08,Lucie Martin,Maison,Aspirateur,4,1633.53,0.25,France,Web,14.18,2,4900.59
CMD07978,2024-11-24,Ali Benali,Mode,Sac à main,5,788.84,0.2,Allemagne,Magasin,5.31,5,3155.3600000000006
CMD07979,2024-08-13,Lucie Martin,Mode,Sac à main,3,689.52,0.05,Suisse,Web,4.29,4,1965.1319999999998
CMD07980,2024-08-14,Nina Müller,Sport,Chaussures de sport,4,255.88,0.25,Allemagne,Web,4.62,4,767.64
CMD07981,2024-06-12,Paolo Bianchi,Beauté,Rouge à lèvres,3,457.88,0.1,Allemagne,App,3.66,5,1236.2759999999998
CMD07982,2024-07-08,Emma Rossi,Maison,Machine à café,2,1827.7,0.1,Suisse,Web,7.75,4,3289.86
CMD07983,2024-05-20,Paolo Bianchi,Maison,Ventilateur,5,1291.9,0.05,Allemagne,Web,1.42,3,6136.525
CMD07984,2024-02-22,Carlos Gomez,Maison,Aspirateur,5,216.66,0.25,Allemagne,App,4.56,4,812.4749999999999
CMD07985,2024-01-25,Jean Dupont,Jouets,Peluche,5,117.86,0.05,Maroc,App,4.47,5,559.8349999999999
CMD07986,2024-10-10,Youssef El Amrani,Électronique,Smartphone,2,1861.15,0.05,Espagne,Web,11.81,4,3536.185
CMD07987,2024-07-15,Lucie Martin,Beauté,Sérum,5,1777.7,0.2,Belgique,Web,1.88,5,7110.8
CMD07988,2024-05-16,Lucie Martin,Maison,Mixeur,1,1212.66,0.15,Espagne,Web,4.43,5,1030.761
CMD07989,2024-08-18,Léa Durand,Jouets,Voiture téléguidée,5,973.45,0.25,Maroc,Magasin,1.83,3,3650.4375
CMD07990,2024-04-29,Youssef El Amrani,Jouets,Puzzle,3,297.36,0.2,France,App,12.37,1,713.6640000000001
CMD07991,2024-05-07,Carlos Gomez,Beauté,Sérum,5,597.76,0.3,Suisse,App,10.43,1,2092.16
CMD07992,2024-09-27,Jean Dupont,Sport,Ballon,2,1827.61,0.1,Suisse,Magasin,14.47,4,3289.698
CMD07993,2024-08-30,Léa Durand,Mode,Jean,1,1477.95,0.1,Suisse,App,13.31,1,1330.155
CMD07994,2024-03-16,Lucie Martin,Mode,Sac à main,1,1346.89,0.25,Suisse,Magasin,10.46,4,1010.1675
CMD07995,2024-08-20,Paolo Bianchi,Électronique,Ordinateur portable,3,1182.24,0.25,Espagne,App,2.46,5,2660.04
CMD07996,2024-12-14,Emma Rossi,Électronique,TV 4K,2,1996.96,0.15,France,Web,0.92,4,3394.832
CMD07997,2024-06-10,Paolo Bianchi,Sport,Chaussures de sport,4,1198.63,0.05,France,Magasin,8.19,1,4554.794
CMD07998,2024-12-21,Ali Benali,Beauté,Crème visage,2,606.54,0.1,France,Magasin,13.08,5,1091.772
CMD07999,2024-12-16,Jean Dupont,Mode,Jean,3,814.27,0.3,Allemagne,Magasin,4.17,2,1709.9669999999999
CMD08000,2024-11-10,Youssef El Amrani,Jouets,Peluche,5,1893.34,0.05,Maroc,App,13.92,1,8993.364999999998
CMD08001,2024-06-01,Nina Müller,Maison,Ventilateur,1,1359.12,0.3,Allemagne,App,10.09,5,951.3839999999999
CMD08002,2024-07-24,Emma Rossi,Mode,Montre,4,1538.47,0.15,Allemagne,Web,7.77,4,5230.798
CMD08003,2024-08-08,Sarah Moreau,Mode,Veste,5,144.24,0.0,Espagne,App,1.7,3,721.2
CMD08004,2024-05-27,Emma Rossi,Mode,Montre,3,1849.45,0.2,Allemagne,App,1.66,4,4438.68
CMD08005,2024-12-09,Carlos Gomez,Sport,Chaussures de sport,1,190.48,0.15,Espagne,Web,11.01,3,161.908
CMD08006,2024-01-16,Jean Dupont,Maison,Lampadaire,1,725.3,0.0,Maroc,App,2.42,1,725.3
CMD08007,2024-08-06,Nina Müller,Beauté,Sérum,5,929.7,0.2,France,App,3.35,2,3718.8
CMD08008,2024-04-28,Carlos Gomez,Électronique,Smartphone,4,1904.69,0.3,France,Web,3.45,3,5333.132
CMD08009,2024-02-01,Léa Durand,Jouets,Jeu de société,4,193.39,0.15,Suisse,Web,4.3,2,657.526
CMD08010,2024-12-15,Léa Durand,Électronique,TV 4K,2,582.05,0.0,Suisse,Web,9.27,1,1164.1
CMD08011,2024-07-30,Ali Benali,Mode,Montre,5,276.82,0.0,Espagne,Web,3.47,4,1384.1
CMD08012,2024-09-14,Ali Benali,Mode,Veste,5,42.64,0.15,Belgique,App,9.06,4,181.22
CMD08013,2024-07-15,Carlos Gomez,Jouets,Voiture téléguidée,4,817.72,0.0,Suisse,Web,3.75,4,3270.88
CMD08014,2024-11-21,Ali Benali,Maison,Machine à café,4,137.68,0.1,Espagne,Magasin,8.93,5,495.648
CMD08015,2024-05-07,Paolo Bianchi,Jouets,Voiture téléguidée,5,275.52,0.25,Allemagne,Web,2.98,3,1033.1999999999998
CMD08016,2024-10-25,Carlos Gomez,Beauté,Crème visage,1,829.81,0.15,Allemagne,Magasin,7.27,5,705.3385
CMD08017,2024-10-28,Nina Müller,Jouets,Puzzle,3,170.37,0.3,Espagne,Magasin,1.81,5,357.777
CMD08018,2024-02-12,Ali Benali,Électronique,Tablette,3,345.43,0.15,Belgique,Web,2.11,5,880.8465
CMD08019,2024-10-26,Nina Müller,Mode,Veste,4,628.9,0.3,Allemagne,App,9.32,5,1760.9199999999998
CMD08020,2024-10-31,Léa Durand,Beauté,Parfum,5,1036.79,0.25,Italie,App,12.74,3,3887.9624999999996
CMD08021,2024-08-03,Carlos Gomez,Électronique,Smartphone,1,479.14,0.15,Italie,Magasin,14.49,2,407.269
CMD08022,2024-04-19,Carlos Gomez,Beauté,Rouge à lèvres,3,1849.49,0.3,Maroc,Magasin,6.6,2,3883.929
CMD08023,2024-12-14,Jean Dupont,Maison,Machine à café,2,1166.37,0.0,France,Magasin,1.09,3,2332.74
CMD08024,2024-05-17,Léa Durand,Mode,Veste,3,711.95,0.15,Espagne,App,13.9,4,1815.4725000000003
CMD08025,2024-04-16,Emma Rossi,Électronique,Ordinateur portable,2,429.28,0.2,Italie,Web,10.71,3,686.848
CMD08026,2024-05-18,Ali Benali,Maison,Lampadaire,3,478.61,0.25,France,Magasin,7.51,3,1076.8725
CMD08027,2024-05-15,Youssef El Amrani,Sport,Chaussures de sport,5,1362.55,0.05,Suisse,Web,1.72,1,6472.112499999999
CMD08028,2024-03-05,Jean Dupont,Maison,Mixeur,3,1602.49,0.2,Espagne,Magasin,8.1,5,3845.9760000000006
CMD08029,2024-10-11,Jean Dupont,Mode,Veste,2,499.45,0.25,Maroc,Web,1.98,4,749.175
CMD08030,2024-06-29,Ali Benali,Sport,Vélo,1,1336.69,0.0,Italie,Magasin,0.49,1,1336.69
CMD08031,2024-07-31,Ali Benali,Électronique,Smartphone,3,1886.61,0.3,Belgique,Magasin,7.23,4,3961.881
CMD08032,2024-06-05,Paolo Bianchi,Sport,Vélo,1,955.4,0.3,Maroc,App,10.65,4,668.78
CMD08033,2024-09-18,Youssef El Amrani,Maison,Aspirateur,2,1428.92,0.0,Espagne,Web,0.51,3,2857.84
CMD08034,2024-11-02,Léa Durand,Électronique,Casque audio,5,919.18,0.25,Belgique,App,0.94,5,3446.9249999999997
CMD08035,2024-05-05,Jean Dupont,Beauté,Sérum,4,1351.61,0.3,Espagne,Web,4.0,4,3784.5079999999994
CMD08036,2024-10-14,Emma Rossi,Maison,Ventilateur,1,966.11,0.3,France,Web,1.09,5,676.2769999999999
CMD08037,2024-09-08,Carlos Gomez,Jouets,Voiture téléguidée,4,1843.72,0.1,Suisse,Web,11.11,4,6637.392
CMD08038,2024-11-12,Ali Benali,Maison,Mixeur,5,580.81,0.3,France,Web,12.72,5,2032.8349999999996
CMD08039,2024-08-02,Emma Rossi,Maison,Lampadaire,5,1953.15,0.3,Maroc,Web,10.7,3,6836.025
CMD08040,2024-05-09,Ali Benali,Mode,Veste,4,593.89,0.15,Suisse,App,11.92,3,2019.2259999999999
CMD08041,2024-04-26,Youssef El Amrani,Électronique,Casque audio,1,906.41,0.1,Espagne,App,2.93,5,815.769
CMD08042,2024-03-21,Paolo Bianchi,Maison,Lampadaire,3,655.21,0.05,Italie,Magasin,13.71,4,1867.3485
CMD08043,2024-01-23,Sarah Moreau,Maison,Aspirateur,2,431.67,0.25,Allemagne,App,5.84,4,647.505
CMD08044,2024-01-25,Nina Müller,Maison,Mixeur,4,375.35,0.2,Belgique,Magasin,3.74,4,1201.1200000000001
CMD08045,2024-03-09,Emma Rossi,Électronique,Smartphone,3,1895.92,0.3,Maroc,App,5.73,5,3981.432
CMD08046,2024-12-07,Léa Durand,Beauté,Rouge à lèvres,1,1308.66,0.25,France,Magasin,9.46,2,981.4950000000001
CMD08047,2024-03-15,Léa Durand,Beauté,Rouge à lèvres,5,1477.13,0.05,Allemagne,App,7.33,1,7016.3675
CMD08048,2024-03-26,Lucie Martin,Jouets,Lego,5,1305.36,0.15,Italie,Web,13.17,1,5547.779999999999
CMD08049,2024-10-27,Emma Rossi,Beauté,Crème visage,2,784.42,0.15,Belgique,Magasin,0.25,5,1333.514
CMD08050,2024-11-10,Paolo Bianchi,Jouets,Jeu de société,2,676.06,0.05,Italie,Magasin,13.93,2,1284.514
CMD08051,2024-07-01,Léa Durand,Maison,Lampadaire,5,747.89,0.25,Belgique,App,1.51,3,2804.5874999999996
CMD08052,2024-01-09,Ali Benali,Mode,Chaussures,2,1698.15,0.25,France,App,5.79,4,2547.2250000000004
CMD08053,2024-11-18,Jean Dupont,Jouets,Jeu de société,5,563.02,0.25,Suisse,Magasin,5.47,1,2111.325
CMD08054,2024-08-31,Emma Rossi,Sport,Tapis de course,4,679.06,0.25,Allemagne,App,1.35,1,2037.1799999999998
CMD08055,2024-05-13,Nina Müller,Beauté,Rouge à lèvres,1,694.91,0.3,Italie,Magasin,12.63,3,486.43699999999995
CMD08056,2024-08-17,Emma Rossi,Sport,Tapis de course,3,1861.86,0.3,Italie,Web,6.88,1,3909.9059999999995
CMD08057,2024-09-03,Emma Rossi,Beauté,Sérum,2,1488.59,0.3,Maroc,App,9.24,2,2084.026
CMD08058,2024-05-29,Youssef El Amrani,Électronique,Smartphone,4,712.62,0.05,Belgique,Web,9.02,5,2707.9559999999997
CMD08059,2024-09-16,Sarah Moreau,Mode,Veste,1,1820.39,0.2,Belgique,App,3.64,5,1456.3120000000001
CMD08060,2024-01-08,Youssef El Amrani,Beauté,Rouge à lèvres,5,933.71,0.1,France,App,3.44,5,4201.695000000001
CMD08061,2024-06-09,Nina Müller,Maison,Ventilateur,5,1892.69,0.2,Italie,Web,12.72,1,7570.760000000001
CMD08062,2024-11-23,Ali Benali,Maison,Ventilateur,2,1198.29,0.1,Allemagne,App,13.61,4,2156.922
CMD08063,2024-09-07,Nina Müller,Maison,Machine à café,5,963.76,0.1,Suisse,App,8.59,4,4336.92
CMD08064,2024-03-27,Nina Müller,Électronique,TV 4K,4,733.13,0.3,Allemagne,App,11.54,2,2052.7639999999997
CMD08065,2024-12-23,Ali Benali,Jouets,Voiture téléguidée,2,1224.52,0.3,Suisse,App,2.2,2,1714.328
CMD08066,2024-02-09,Jean Dupont,Électronique,Ordinateur portable,3,1361.64,0.3,Maroc,Magasin,3.08,3,2859.444
CMD08067,2024-03-24,Jean Dupont,Maison,Lampadaire,3,555.53,0.15,France,Magasin,3.19,2,1416.6015
CMD08068,2024-04-02,Lucie Martin,Mode,Chaussures,3,768.44,0.25,Belgique,Web,0.39,1,1728.9900000000002
CMD08069,2024-10-27,Jean Dupont,Jouets,Puzzle,1,548.84,0.0,Belgique,Web,4.79,2,548.84
CMD08070,2024-07-08,Sarah Moreau,Beauté,Crème visage,1,1038.76,0.15,Italie,Magasin,9.99,2,882.9459999999999
CMD08071,2024-11-17,Sarah Moreau,Jouets,Puzzle,5,1526.77,0.05,Italie,Web,10.24,3,7252.1575
CMD08072,2024-07-05,Paolo Bianchi,Jouets,Peluche,2,1731.97,0.15,Allemagne,Web,1.83,4,2944.349
CMD08073,2024-10-11,Emma Rossi,Maison,Machine à café,4,993.88,0.1,Italie,App,7.8,2,3577.968
CMD08074,2024-09-13,Léa Durand,Beauté,Rouge à lèvres,3,587.5,0.25,Allemagne,App,3.96,4,1321.875
CMD08075,2024-11-29,Lucie Martin,Sport,Tapis de course,3,496.48,0.2,Suisse,Magasin,4.39,2,1191.5520000000001
CMD08076,2024-03-28,Nina Müller,Jouets,Lego,5,1968.86,0.3,Suisse,App,3.08,4,6891.009999999999
CMD08077,2024-02-16,Sarah Moreau,Maison,Ventilateur,5,397.28,0.05,France,Web,0.75,1,1887.0799999999997
CMD08078,2024-06-30,Léa Durand,Beauté,Shampoing,2,919.21,0.25,France,Web,12.15,4,1378.815
CMD08079,2024-08-08,Paolo Bianchi,Jouets,Lego,5,863.18,0.1,France,Web,14.19,1,3884.31
CMD08080,2024-10-14,Léa Durand,Beauté,Parfum,3,324.21,0.1,Espagne,Web,11.95,5,875.367
CMD08081,2024-10-27,Léa Durand,Électronique,Ordinateur portable,1,221.07,0.05,Suisse,Magasin,3.46,1,210.01649999999998
CMD08082,2024-05-26,Sarah Moreau,Sport,Raquette,4,500.43,0.15,Allemagne,Web,12.16,3,1701.462
CMD08083,2024-03-16,Carlos Gomez,Maison,Aspirateur,4,1265.67,0.25,Allemagne,Magasin,5.96,2,3797.01
CMD08084,2024-11-07,Sarah Moreau,Jouets,Jeu de société,2,1068.18,0.15,Belgique,App,11.73,3,1815.906
CMD08085,2024-06-06,Carlos Gomez,Maison,Aspirateur,4,66.77,0.1,Allemagne,Web,13.77,4,240.37199999999999
CMD08086,2024-02-26,Léa Durand,Jouets,Voiture téléguidée,2,1508.96,0.05,Allemagne,App,14.04,3,2867.024
CMD08087,2024-09-30,Sarah Moreau,Électronique,TV 4K,4,1908.33,0.1,Espagne,Web,9.1,2,6869.988
CMD08088,2024-10-20,Emma Rossi,Sport,Chaussures de sport,3,232.48,0.05,Italie,App,5.19,1,662.5679999999999
CMD08089,2024-09-17,Carlos Gomez,Sport,Ballon,3,979.28,0.05,Espagne,Web,4.98,2,2790.948
CMD08090,2024-11-10,Emma Rossi,Beauté,Crème visage,5,1757.16,0.0,Belgique,Web,0.02,1,8785.800000000001
CMD08091,2024-10-18,Ali Benali,Jouets,Peluche,3,130.03,0.2,Espagne,App,5.51,2,312.07200000000006
CMD08092,2024-04-13,Sarah Moreau,Électronique,Ordinateur portable,4,1163.77,0.2,Belgique,Magasin,1.78,3,3724.0640000000003
CMD08093,2024-01-22,Léa Durand,Sport,Vélo,5,1289.14,0.15,Belgique,Web,9.98,4,5478.845
CMD08094,2024-01-19,Ali Benali,Électronique,Smartphone,5,1060.87,0.3,Italie,Magasin,6.79,3,3713.044999999999
CMD08095,2024-11-24,Ali Benali,Électronique,Tablette,1,1680.77,0.2,Espagne,App,3.48,2,1344.616
CMD08096,2024-03-17,Paolo Bianchi,Électronique,Smartphone,2,488.0,0.0,Espagne,Web,2.01,2,976.0
CMD08097,2024-06-13,Léa Durand,Électronique,Ordinateur portable,4,1923.04,0.15,Allemagne,Web,9.79,5,6538.335999999999
CMD08098,2024-02-09,Jean Dupont,Maison,Ventilateur,2,792.44,0.2,Belgique,Web,4.72,5,1267.9040000000002
CMD08099,2024-12-15,Paolo Bianchi,Sport,Vélo,3,726.94,0.05,Belgique,App,3.78,2,2071.779
CMD08100,2024-05-03,Jean Dupont,Maison,Ventilateur,5,482.68,0.25,Suisse,Web,7.82,2,1810.0500000000002
CMD08101,2024-10-25,Jean Dupont,Jouets,Jeu de société,2,43.49,0.15,Italie,App,3.49,3,73.933
CMD08102,2024-12-22,Emma Rossi,Sport,Ballon,5,1368.55,0.1,Allemagne,Magasin,10.73,5,6158.475
CMD08103,2024-02-27,Emma Rossi,Électronique,Ordinateur portable,2,761.07,0.3,Allemagne,Magasin,10.87,2,1065.498
CMD08104,2024-09-05,Ali Benali,Maison,Lampadaire,5,618.59,0.2,Italie,App,10.19,1,2474.3600000000006
CMD08105,2024-10-08,Lucie Martin,Sport,Ballon,1,1010.14,0.0,Italie,Magasin,2.64,2,1010.14
CMD08106,2024-04-03,Léa Durand,Maison,Lampadaire,2,1496.47,0.2,Maroc,App,12.29,5,2394.3520000000003
CMD08107,2024-07-19,Emma Rossi,Électronique,Tablette,4,480.24,0.2,Allemagne,Web,7.46,3,1536.768
CMD08108,2024-03-25,Carlos Gomez,Jouets,Puzzle,3,521.2,0.3,Belgique,App,9.98,2,1094.52
CMD08109,2024-09-28,Ali Benali,Mode,Chaussures,4,215.51,0.05,Espagne,Magasin,13.91,1,818.9379999999999
CMD08110,2024-08-13,Léa Durand,Mode,Chaussures,2,1470.97,0.0,France,Web,11.66,3,2941.94
CMD08111,2024-05-31,Nina Müller,Sport,Vélo,5,400.93,0.25,France,Web,13.59,1,1503.4875000000002
CMD08112,2024-10-04,Lucie Martin,Jouets,Peluche,2,1362.94,0.15,Espagne,Web,8.27,2,2316.998
CMD08113,2024-09-20,Emma Rossi,Électronique,Casque audio,4,620.69,0.3,Espagne,Magasin,8.73,3,1737.932
CMD08114,2024-12-25,Nina Müller,Sport,Vélo,1,1666.89,0.2,Allemagne,Web,7.25,1,1333.5120000000002
CMD08115,2024-03-02,Nina Müller,Sport,Tapis de course,5,170.05,0.2,France,App,3.4,3,680.2
CMD08116,2024-10-19,Jean Dupont,Électronique,Tablette,4,1869.25,0.0,Espagne,Magasin,8.34,1,7477.0
CMD08117,2024-05-09,Lucie Martin,Maison,Mixeur,4,1663.86,0.0,Allemagne,App,13.35,3,6655.44
CMD08118,2024-03-30,Sarah Moreau,Jouets,Voiture téléguidée,5,621.02,0.2,France,Magasin,6.74,1,2484.08
CMD08119,2024-03-01,Carlos Gomez,Maison,Aspirateur,5,1937.56,0.25,Allemagne,Web,1.78,5,7265.849999999999
CMD08120,2024-11-10,Jean Dupont,Maison,Ventilateur,1,1593.05,0.2,Belgique,Web,10.04,4,1274.44
CMD08121,2024-01-20,Jean Dupont,Mode,Montre,1,1023.81,0.05,Espagne,Web,11.36,4,972.6194999999999
CMD08122,2024-04-07,Léa Durand,Beauté,Parfum,5,1632.89,0.05,Italie,App,3.95,1,7756.2275
CMD08123,2024-06-08,Ali Benali,Sport,Ballon,1,1573.85,0.05,Belgique,Web,11.83,2,1495.1574999999998
CMD08124,2024-12-19,Nina Müller,Électronique,Casque audio,4,1830.09,0.15,Allemagne,App,4.46,2,6222.306
CMD08125,2024-07-28,Léa Durand,Maison,Mixeur,3,847.36,0.25,Suisse,App,3.27,1,1906.56
CMD08126,2024-05-05,Youssef El Amrani,Électronique,Tablette,5,662.46,0.3,Suisse,App,2.54,1,2318.61
CMD08127,2024-10-31,Carlos Gomez,Mode,Sac à main,3,730.78,0.05,Allemagne,Web,6.95,1,2082.723
CMD08128,2024-08-29,Lucie Martin,Jouets,Puzzle,4,1595.44,0.15,Maroc,App,12.01,2,5424.496
CMD08129,2024-11-24,Youssef El Amrani,Sport,Raquette,3,1933.96,0.25,Belgique,Magasin,3.21,4,4351.41
CMD08130,2024-04-14,Emma Rossi,Beauté,Parfum,3,1145.39,0.2,France,Magasin,14.49,4,2748.936
CMD08131,2024-10-12,Jean Dupont,Beauté,Sérum,1,297.41,0.2,France,Web,1.11,1,237.92800000000003
CMD08132,2024-08-04,Carlos Gomez,Électronique,Tablette,1,1020.7,0.3,Italie,Magasin,0.6,1,714.49
CMD08133,2024-01-02,Léa Durand,Maison,Mixeur,4,1593.19,0.2,Allemagne,App,6.24,1,5098.2080000000005
CMD08134,2024-01-22,Youssef El Amrani,Électronique,Smartphone,2,848.27,0.25,Allemagne,Web,8.6,4,1272.405
CMD08135,2024-10-05,Youssef El Amrani,Mode,Jean,2,1329.88,0.2,Belgique,Web,4.65,2,2127.8080000000004
CMD08136,2024-05-06,Jean Dupont,Sport,Raquette,2,1697.03,0.25,Espagne,Web,7.09,2,2545.545
CMD08137,2024-12-27,Emma Rossi,Maison,Aspirateur,5,110.24,0.2,Espagne,Magasin,10.95,1,440.96
CMD08138,2024-07-04,Ali Benali,Mode,Veste,5,382.67,0.3,Italie,Magasin,7.84,1,1339.345
CMD08139,2024-11-17,Nina Müller,Maison,Machine à café,2,1255.24,0.3,Allemagne,Web,11.92,2,1757.336
CMD08140,2024-09-03,Lucie Martin,Mode,Sac à main,4,181.75,0.05,Belgique,Web,2.65,2,690.65
CMD08141,2024-06-07,Léa Durand,Jouets,Peluche,4,1427.86,0.2,Italie,App,6.09,1,4569.152
CMD08142,2024-05-30,Jean Dupont,Beauté,Shampoing,3,1713.48,0.1,Suisse,Web,2.03,5,4626.396000000001
CMD08143,2024-08-04,Nina Müller,Électronique,Casque audio,4,1971.12,0.15,Belgique,Web,5.83,4,6701.807999999999
CMD08144,2024-02-12,Léa Durand,Beauté,Shampoing,3,976.51,0.3,Belgique,Web,5.73,1,2050.671
CMD08145,2024-01-14,Nina Müller,Électronique,Tablette,3,1915.62,0.2,Allemagne,Magasin,3.75,3,4597.488
CMD08146,2024-06-01,Paolo Bianchi,Électronique,Ordinateur portable,1,937.71,0.1,Belgique,Magasin,13.65,1,843.9390000000001
CMD08147,2024-03-05,Emma Rossi,Jouets,Lego,1,1110.98,0.3,Suisse,Web,13.72,2,777.6859999999999
CMD08148,2024-11-13,Ali Benali,Électronique,TV 4K,5,1035.95,0.25,France,Web,11.8,3,3884.8125
CMD08149,2024-04-07,Paolo Bianchi,Maison,Ventilateur,1,1987.24,0.1,Belgique,Magasin,3.66,2,1788.516
CMD08150,2024-08-27,Ali Benali,Mode,Sac à main,3,237.03,0.2,Espagne,App,3.86,2,568.8720000000001
CMD08151,2024-04-20,Nina Müller,Mode,Jean,2,1575.2,0.25,Suisse,App,7.2,5,2362.8
CMD08152,2024-09-26,Ali Benali,Mode,Montre,3,45.3,0.2,Espagne,App,4.07,1,108.71999999999998
CMD08153,2024-05-05,Emma Rossi,Mode,Chaussures,2,1468.81,0.1,France,Magasin,8.46,1,2643.858
CMD08154,2024-05-31,Youssef El Amrani,Maison,Ventilateur,3,415.61,0.15,France,Web,3.92,4,1059.8055
CMD08155,2024-06-28,Nina Müller,Mode,Montre,3,1998.38,0.25,Italie,App,6.63,5,4496.3550000000005
CMD08156,2024-03-24,Nina Müller,Sport,Tapis de course,2,369.06,0.0,France,App,14.09,5,738.12
CMD08157,2024-08-22,Emma Rossi,Mode,Montre,3,1956.57,0.05,Italie,Magasin,3.32,1,5576.224499999999
CMD08158,2024-08-31,Sarah Moreau,Jouets,Lego,2,516.96,0.2,France,Web,14.59,4,827.1360000000001
CMD08159,2024-05-25,Carlos Gomez,Mode,Veste,1,1223.38,0.05,France,Magasin,2.16,3,1162.211
CMD08160,2024-03-22,Carlos Gomez,Sport,Tapis de course,2,1791.03,0.0,Espagne,Magasin,10.98,4,3582.06
CMD08161,2024-08-01,Sarah Moreau,Sport,Raquette,1,526.53,0.15,Suisse,App,1.73,3,447.55049999999994
CMD08162,2024-01-27,Ali Benali,Électronique,Casque audio,2,1270.82,0.25,France,App,11.53,1,1906.23
CMD08163,2024-10-04,Jean Dupont,Maison,Machine à café,1,1308.02,0.0,Espagne,Magasin,5.66,3,1308.02
CMD08164,2024-10-19,Youssef El Amrani,Maison,Lampadaire,2,66.14,0.0,Suisse,Web,7.45,4,132.28
CMD08165,2024-06-01,Jean Dupont,Beauté,Shampoing,4,1034.48,0.1,Belgique,App,2.37,3,3724.128
CMD08166,2024-02-23,Youssef El Amrani,Maison,Ventilateur,1,431.15,0.0,France,App,5.25,1,431.15
CMD08167,2024-11-17,Emma Rossi,Beauté,Crème visage,5,80.96,0.15,Maroc,Magasin,10.95,5,344.0799999999999
CMD08168,2024-12-09,Sarah Moreau,Sport,Vélo,5,1255.9,0.25,Italie,Web,4.37,3,4709.625
CMD08169,2024-04-11,Carlos Gomez,Mode,Sac à main,2,1328.2,0.1,Suisse,App,12.51,5,2390.76
CMD08170,2024-01-11,Emma Rossi,Sport,Vélo,2,294.97,0.25,Suisse,App,3.61,2,442.45500000000004
CMD08171,2024-08-22,Youssef El Amrani,Maison,Machine à café,2,981.86,0.15,Allemagne,Web,7.51,1,1669.162
CMD08172,2024-05-03,Ali Benali,Sport,Tapis de course,3,937.17,0.2,Maroc,Magasin,8.96,3,2249.208
CMD08173,2024-07-29,Lucie Martin,Sport,Raquette,3,52.88,0.2,Italie,Magasin,11.61,1,126.91200000000002
CMD08174,2024-12-08,Emma Rossi,Beauté,Crème visage,5,1244.06,0.0,Espagne,Web,11.19,4,6220.299999999999
CMD08175,2024-03-22,Jean Dupont,Mode,Sac à main,5,830.52,0.2,France,Magasin,5.27,2,3322.0800000000004
CMD08176,2024-04-02,Paolo Bianchi,Sport,Chaussures de sport,5,1948.91,0.15,Allemagne,App,1.31,1,8282.8675
CMD08177,2024-03-29,Ali Benali,Mode,Veste,3,340.21,0.3,Allemagne,Magasin,5.02,2,714.4409999999999
CMD08178,2024-12-06,Ali Benali,Mode,Chaussures,3,1744.6,0.2,Espagne,Web,1.03,5,4187.04
CMD08179,2024-05-14,Nina Müller,Beauté,Sérum,2,150.94,0.15,Maroc,Web,4.32,2,256.598
CMD08180,2024-09-19,Nina Müller,Maison,Aspirateur,3,89.16,0.05,Belgique,Web,8.85,2,254.106
CMD08181,2024-12-23,Sarah Moreau,Maison,Aspirateur,1,1023.85,0.05,Suisse,Web,1.12,5,972.6575
CMD08182,2024-05-21,Emma Rossi,Jouets,Puzzle,2,1248.47,0.05,Allemagne,Magasin,8.41,1,2372.093
CMD08183,2024-07-01,Lucie Martin,Jouets,Peluche,4,653.63,0.3,Suisse,Magasin,11.47,1,1830.1639999999998
CMD08184,2024-05-14,Léa Durand,Mode,Chaussures,3,604.83,0.0,Italie,Magasin,5.34,5,1814.4900000000002
CMD08185,2024-09-23,Sarah Moreau,Mode,Sac à main,2,1230.68,0.25,Italie,App,6.84,1,1846.02
CMD08186,2024-07-25,Nina Müller,Beauté,Sérum,2,1086.91,0.25,Allemagne,App,8.3,3,1630.3650000000002
CMD08187,2024-05-19,Jean Dupont,Beauté,Shampoing,5,1998.35,0.25,France,Web,6.42,1,7493.8125
CMD08188,2024-08-29,Sarah Moreau,Mode,Chaussures,4,840.52,0.15,Belgique,Web,14.93,2,2857.768
CMD08189,2024-12-20,Jean Dupont,Mode,Montre,2,255.76,0.2,Allemagne,Web,3.92,3,409.216
CMD08190,2024-09-26,Sarah Moreau,Électronique,TV 4K,3,1521.81,0.2,France,App,12.64,3,3652.3440000000005
CMD08191,2024-02-16,Paolo Bianchi,Beauté,Parfum,4,1160.65,0.15,Allemagne,App,5.99,2,3946.21
CMD08192,2024-01-03,Nina Müller,Beauté,Crème visage,1,294.5,0.3,Maroc,Magasin,7.53,5,206.14999999999998
CMD08193,2024-05-21,Lucie Martin,Électronique,Tablette,1,1207.07,0.0,Maroc,App,8.98,5,1207.07
CMD08194,2024-12-13,Jean Dupont,Beauté,Sérum,2,607.55,0.3,Allemagne,Magasin,1.14,3,850.5699999999999
CMD08195,2024-05-19,Léa Durand,Sport,Ballon,2,1087.97,0.3,France,Magasin,0.24,4,1523.158
CMD08196,2024-01-01,Carlos Gomez,Mode,Sac à main,5,606.43,0.3,Maroc,Magasin,10.32,3,2122.5049999999997
CMD08197,2024-01-23,Youssef El Amrani,Sport,Raquette,1,141.12,0.3,Allemagne,Magasin,9.4,2,98.78399999999999
CMD08198,2024-08-14,Ali Benali,Sport,Vélo,5,1939.77,0.25,Allemagne,App,11.82,4,7274.137500000001
CMD08199,2024-01-17,Léa Durand,Mode,Chaussures,4,1250.92,0.3,Maroc,App,10.24,2,3502.576
CMD08200,2024-09-23,Sarah Moreau,Jouets,Puzzle,1,193.11,0.25,Espagne,Magasin,9.52,5,144.8325
CMD08201,2024-07-07,Carlos Gomez,Mode,Chaussures,1,713.5,0.1,Suisse,App,13.4,4,642.15
CMD08202,2024-11-03,Léa Durand,Mode,Chaussures,1,443.63,0.0,Allemagne,Magasin,6.94,3,443.63
CMD08203,2024-06-07,Lucie Martin,Mode,Montre,5,930.83,0.25,Espagne,Magasin,0.22,5,3490.6125
CMD08204,2024-09-24,Emma Rossi,Sport,Ballon,4,764.09,0.15,Allemagne,App,13.9,3,2597.906
CMD08205,2024-04-07,Sarah Moreau,Beauté,Crème visage,4,1202.64,0.0,Belgique,Web,9.83,5,4810.56
CMD08206,2024-06-18,Sarah Moreau,Beauté,Shampoing,2,1182.41,0.3,Italie,Web,14.03,2,1655.374
CMD08207,2024-07-21,Jean Dupont,Beauté,Crème visage,5,1940.15,0.25,Italie,Web,5.69,2,7275.5625
CMD08208,2024-10-01,Léa Durand,Jouets,Jeu de société,2,1344.63,0.05,Espagne,App,0.17,2,2554.797
CMD08209,2024-10-10,Jean Dupont,Électronique,TV 4K,3,456.56,0.1,Suisse,Web,11.1,4,1232.712
CMD08210,2024-08-08,Ali Benali,Sport,Tapis de course,3,1403.09,0.3,Maroc,Magasin,3.53,2,2946.4889999999996
CMD08211,2024-07-13,Youssef El Amrani,Sport,Tapis de course,1,949.97,0.05,Italie,Web,14.95,1,902.4715
CMD08212,2024-05-27,Nina Müller,Jouets,Lego,2,1291.58,0.25,Belgique,Magasin,11.02,5,1937.37
CMD08213,2024-10-21,Emma Rossi,Sport,Tapis de course,4,111.23,0.0,Allemagne,Magasin,11.4,5,444.92
CMD08214,2024-07-31,Ali Benali,Maison,Ventilateur,3,1207.1,0.3,Suisse,Magasin,14.16,1,2534.91
CMD08215,2024-09-15,Youssef El Amrani,Maison,Aspirateur,2,182.1,0.05,France,Web,13.19,5,345.98999999999995
CMD08216,2024-04-27,Sarah Moreau,Maison,Machine à café,4,1239.99,0.25,Maroc,Magasin,10.25,4,3719.9700000000003
CMD08217,2024-10-16,Jean Dupont,Sport,Tapis de course,2,823.17,0.1,France,Magasin,1.99,4,1481.706
CMD08218,2024-04-01,Paolo Bianchi,Électronique,TV 4K,4,1398.96,0.3,Maroc,App,6.63,5,3917.0879999999997
CMD08219,2024-05-05,Nina Müller,Sport,Ballon,5,1686.71,0.3,Allemagne,Web,4.44,3,5903.484999999999
CMD08220,2024-02-05,Léa Durand,Sport,Ballon,2,485.24,0.2,Suisse,Web,9.85,4,776.384
CMD08221,2024-06-02,Nina Müller,Électronique,Casque audio,5,586.07,0.05,France,Magasin,10.47,4,2783.8325000000004
CMD08222,2024-09-02,Carlos Gomez,Mode,Jean,1,1361.3,0.05,Allemagne,Web,3.84,1,1293.235
CMD08223,2024-10-16,Jean Dupont,Sport,Tapis de course,3,472.21,0.1,Allemagne,App,14.51,4,1274.9669999999999
CMD08224,2024-02-17,Emma Rossi,Mode,Sac à main,5,399.42,0.1,Belgique,Web,12.11,2,1797.39
CMD08225,2024-12-23,Lucie Martin,Sport,Vélo,4,1035.74,0.15,Italie,Web,14.94,2,3521.516
CMD08226,2024-11-10,Youssef El Amrani,Électronique,Casque audio,3,847.45,0.05,France,Web,1.9,1,2415.2325
CMD08227,2024-11-07,Emma Rossi,Sport,Raquette,4,1889.45,0.05,Espagne,App,3.75,1,7179.91
CMD08228,2024-01-08,Léa Durand,Mode,Sac à main,2,307.2,0.2,Espagne,Web,13.5,4,491.52
CMD08229,2024-08-24,Lucie Martin,Jouets,Voiture téléguidée,5,1287.54,0.0,France,Magasin,14.39,3,6437.7
CMD08230,2024-04-07,Ali Benali,Mode,Sac à main,5,1029.62,0.2,Maroc,App,7.47,2,4118.48
CMD08231,2024-03-19,Ali Benali,Maison,Mixeur,1,1488.54,0.3,Belgique,Web,13.01,1,1041.9779999999998
CMD08232,2024-11-10,Ali Benali,Électronique,Tablette,3,857.97,0.05,Maroc,App,0.71,5,2445.2144999999996
CMD08233,2024-09-17,Lucie Martin,Jouets,Jeu de société,3,16.7,0.3,Allemagne,App,3.09,5,35.06999999999999
CMD08234,2024-04-01,Youssef El Amrani,Sport,Tapis de course,2,1409.86,0.3,France,Magasin,12.82,5,1973.8039999999996
CMD08235,2024-12-25,Nina Müller,Maison,Machine à café,2,631.19,0.1,France,Web,13.45,5,1136.142
CMD08236,2024-03-14,Youssef El Amrani,Mode,Chaussures,5,1670.76,0.0,Espagne,Web,9.66,2,8353.8
CMD08237,2024-07-01,Carlos Gomez,Mode,Sac à main,5,1235.05,0.0,Maroc,Magasin,5.88,5,6175.25
CMD08238,2024-01-05,Nina Müller,Maison,Machine à café,1,184.28,0.15,Suisse,App,10.21,4,156.638
CMD08239,2024-02-05,Ali Benali,Jouets,Puzzle,2,180.88,0.1,Espagne,Magasin,12.09,2,325.584
CMD08240,2024-12-17,Carlos Gomez,Électronique,Smartphone,5,1769.4,0.25,Italie,App,4.49,2,6635.25
CMD08241,2024-09-29,Carlos Gomez,Sport,Vélo,2,1154.2,0.25,France,Web,13.67,2,1731.3000000000002
CMD08242,2024-05-01,Lucie Martin,Électronique,Ordinateur portable,5,1231.83,0.2,Italie,App,0.22,4,4927.32
CMD08243,2024-07-03,Léa Durand,Beauté,Parfum,2,233.06,0.05,Suisse,Magasin,6.18,3,442.81399999999996
CMD08244,2024-10-07,Sarah Moreau,Électronique,Smartphone,3,621.72,0.1,France,App,14.2,1,1678.644
CMD08245,2024-02-18,Emma Rossi,Beauté,Sérum,5,12.0,0.1,Belgique,App,7.15,2,54.0
CMD08246,2024-12-24,Nina Müller,Maison,Machine à café,4,798.86,0.0,France,Web,9.8,5,3195.44
CMD08247,2024-08-16,Emma Rossi,Maison,Machine à café,1,1361.16,0.15,France,Magasin,4.19,1,1156.986
CMD08248,2024-12-22,Jean Dupont,Mode,Montre,3,1227.61,0.3,Suisse,App,7.71,4,2577.9809999999998
CMD08249,2024-09-02,Youssef El Amrani,Maison,Mixeur,1,1298.42,0.1,Espagne,Magasin,8.12,5,1168.5780000000002
CMD08250,2024-10-05,Emma Rossi,Jouets,Voiture téléguidée,5,1122.29,0.0,France,Magasin,7.08,1,5611.45
CMD08251,2024-01-06,Emma Rossi,Maison,Mixeur,2,1204.3,0.25,Maroc,Magasin,0.12,1,1806.4499999999998
CMD08252,2024-02-24,Léa Durand,Mode,Veste,1,1234.96,0.15,Maroc,App,4.9,1,1049.716
CMD08253,2024-08-03,Jean Dupont,Jouets,Jeu de société,5,636.56,0.15,Belgique,App,1.48,4,2705.3799999999997
CMD08254,2024-01-30,Lucie Martin,Jouets,Jeu de société,1,1194.64,0.25,Belgique,Web,6.53,1,895.98
CMD08255,2024-07-05,Sarah Moreau,Jouets,Jeu de société,1,628.26,0.1,France,App,14.88,2,565.434
CMD08256,2024-01-18,Youssef El Amrani,Mode,Veste,1,1094.55,0.15,Allemagne,Magasin,3.74,2,930.3675
CMD08257,2024-04-29,Léa Durand,Maison,Machine à café,4,765.79,0.05,Belgique,Magasin,11.02,4,2910.002
CMD08258,2024-12-08,Lucie Martin,Beauté,Rouge à lèvres,3,1885.89,0.2,France,Web,13.4,1,4526.136
CMD08259,2024-10-20,Jean Dupont,Beauté,Shampoing,5,152.38,0.1,Maroc,App,4.57,3,685.71
CMD08260,2024-07-20,Carlos Gomez,Maison,Ventilateur,3,1484.82,0.15,Espagne,Web,7.82,2,3786.2909999999997
CMD08261,2024-01-17,Jean Dupont,Électronique,Smartphone,5,148.41,0.0,Belgique,App,7.52,3,742.05
CMD08262,2024-02-01,Lucie Martin,Jouets,Voiture téléguidée,4,554.88,0.05,France,App,9.87,2,2108.544
CMD08263,2024-10-22,Léa Durand,Beauté,Sérum,3,1616.39,0.1,Maroc,Magasin,8.46,1,4364.253000000001
CMD08264,2024-09-16,Youssef El Amrani,Jouets,Voiture téléguidée,4,1719.41,0.3,Espagne,App,11.52,2,4814.348
CMD08265,2024-09-01,Emma Rossi,Maison,Ventilateur,3,887.4,0.1,Espagne,Magasin,1.3,5,2395.98
CMD08266,2024-08-04,Lucie Martin,Beauté,Rouge à lèvres,5,1677.62,0.2,Maroc,Magasin,1.77,4,6710.48
CMD08267,2024-05-23,Nina Müller,Mode,Chaussures,2,52.38,0.15,Espagne,App,0.61,2,89.046
CMD08268,2024-04-03,Paolo Bianchi,Sport,Vélo,2,1542.85,0.0,Suisse,Web,14.51,5,3085.7
CMD08269,2024-06-19,Nina Müller,Mode,Montre,3,1231.7,0.15,Suisse,Magasin,11.1,5,3140.835
CMD08270,2024-03-14,Nina Müller,Électronique,Tablette,3,1139.56,0.0,Allemagne,App,10.15,5,3418.68
CMD08271,2024-03-26,Carlos Gomez,Mode,Sac à main,2,968.62,0.25,France,Web,8.87,4,1452.93
CMD08272,2024-01-01,Sarah Moreau,Jouets,Puzzle,1,1615.65,0.05,France,Magasin,1.79,2,1534.8675
CMD08273,2024-05-02,Carlos Gomez,Sport,Chaussures de sport,3,1347.09,0.05,Allemagne,Magasin,2.49,1,3839.2064999999993
CMD08274,2024-07-12,Sarah Moreau,Électronique,Casque audio,4,302.72,0.0,Italie,App,7.37,3,1210.88
CMD08275,2024-01-25,Emma Rossi,Jouets,Voiture téléguidée,1,1760.8,0.05,Allemagne,Web,6.96,3,1672.76
CMD08276,2024-07-20,Lucie Martin,Mode,Chaussures,1,1686.19,0.1,Italie,Magasin,14.19,3,1517.5710000000001
CMD08277,2024-07-05,Ali Benali,Électronique,Smartphone,5,1892.14,0.0,Suisse,Magasin,9.76,5,9460.7
CMD08278,2024-10-17,Carlos Gomez,Électronique,Smartphone,2,245.39,0.2,France,Magasin,10.28,1,392.624
CMD08279,2024-05-13,Carlos Gomez,Sport,Chaussures de sport,4,352.56,0.1,France,Magasin,5.76,5,1269.2160000000001
CMD08280,2024-12-28,Jean Dupont,Beauté,Shampoing,5,462.07,0.25,Espagne,Web,5.72,3,1732.7624999999998
CMD08281,2024-11-17,Sarah Moreau,Sport,Raquette,1,386.11,0.0,Espagne,Web,10.35,2,386.11
CMD08282,2024-02-17,Carlos Gomez,Maison,Aspirateur,1,1969.91,0.15,Italie,Web,2.2,1,1674.4235
CMD08283,2024-12-20,Youssef El Amrani,Mode,Veste,1,1756.96,0.2,Belgique,App,6.17,1,1405.5680000000002
CMD08284,2024-06-17,Emma Rossi,Mode,Sac à main,2,1947.51,0.15,Belgique,App,7.1,2,3310.767
CMD08285,2024-06-20,Paolo Bianchi,Électronique,Smartphone,3,512.32,0.0,Allemagne,Magasin,6.03,5,1536.96
CMD08286,2024-06-22,Lucie Martin,Beauté,Crème visage,2,479.27,0.0,Maroc,App,9.62,1,958.54
CMD08287,2024-10-15,Nina Müller,Jouets,Puzzle,2,1893.46,0.15,Allemagne,App,4.85,1,3218.882
CMD08288,2024-03-11,Ali Benali,Électronique,Tablette,3,1893.77,0.1,Maroc,App,4.85,1,5113.179
CMD08289,2024-07-02,Sarah Moreau,Beauté,Rouge à lèvres,3,1618.7,0.2,France,Magasin,5.37,5,3884.8800000000006
CMD08290,2024-10-10,Jean Dupont,Maison,Machine à café,1,103.62,0.15,Espagne,Web,2.61,1,88.077
CMD08291,2024-05-27,Carlos Gomez,Jouets,Puzzle,2,843.19,0.0,France,Magasin,13.44,4,1686.38
CMD08292,2024-01-19,Lucie Martin,Électronique,Tablette,3,1466.57,0.3,Suisse,Web,8.81,1,3079.797
CMD08293,2024-01-20,Emma Rossi,Jouets,Jeu de société,1,953.87,0.2,Allemagne,Magasin,9.56,2,763.096
CMD08294,2024-09-07,Léa Durand,Sport,Raquette,1,809.27,0.1,Belgique,Web,13.41,2,728.343
CMD08295,2024-09-06,Nina Müller,Mode,Montre,1,1205.31,0.3,Suisse,Web,0.52,1,843.7169999999999
CMD08296,2024-09-25,Nina Müller,Beauté,Shampoing,3,114.54,0.3,Belgique,App,6.84,3,240.534
CMD08297,2024-08-17,Carlos Gomez,Maison,Machine à café,5,786.94,0.0,Italie,Magasin,1.37,1,3934.7000000000003
CMD08298,2024-11-22,Paolo Bianchi,Maison,Aspirateur,1,1765.37,0.2,Belgique,Magasin,3.82,5,1412.296
CMD08299,2024-04-06,Jean Dupont,Sport,Vélo,4,861.84,0.25,Belgique,Web,7.94,2,2585.52
CMD08300,2024-06-20,Carlos Gomez,Beauté,Sérum,1,1145.22,0.1,Allemagne,App,3.98,3,1030.698
CMD08301,2024-10-05,Emma Rossi,Beauté,Parfum,1,1917.59,0.3,Maroc,Web,6.85,1,1342.3129999999999
CMD08302,2024-11-04,Jean Dupont,Maison,Aspirateur,3,512.75,0.05,Suisse,App,6.28,3,1461.3374999999999
CMD08303,2024-04-27,Ali Benali,Jouets,Puzzle,5,625.81,0.25,Belgique,App,3.13,2,2346.7875
CMD08304,2024-12-12,Léa Durand,Sport,Raquette,3,1588.93,0.2,Suisse,Magasin,2.57,2,3813.4320000000002
CMD08305,2024-05-19,Sarah Moreau,Beauté,Sérum,5,906.33,0.0,Maroc,Web,8.12,2,4531.650000000001
CMD08306,2024-07-25,Ali Benali,Jouets,Puzzle,3,1491.44,0.05,Espagne,App,5.27,2,4250.603999999999
CMD08307,2024-11-21,Sarah Moreau,Électronique,Smartphone,4,1961.47,0.1,Belgique,App,8.92,2,7061.292
CMD08308,2024-08-20,Paolo Bianchi,Maison,Ventilateur,3,758.66,0.15,Italie,Web,0.84,5,1934.5829999999999
CMD08309,2024-04-05,Youssef El Amrani,Électronique,Casque audio,4,1194.93,0.3,Suisse,App,5.15,5,3345.804
CMD08310,2024-03-02,Youssef El Amrani,Jouets,Lego,5,1340.69,0.1,Maroc,Web,2.94,5,6033.1050000000005
CMD08311,2024-06-14,Sarah Moreau,Beauté,Shampoing,1,868.88,0.25,Allemagne,Magasin,4.68,2,651.66
CMD08312,2024-10-19,Sarah Moreau,Jouets,Voiture téléguidée,1,1450.49,0.25,Allemagne,Web,11.63,3,1087.8675
CMD08313,2024-05-20,Youssef El Amrani,Beauté,Parfum,3,434.33,0.2,Belgique,Magasin,12.45,3,1042.392
CMD08314,2024-12-29,Emma Rossi,Sport,Chaussures de sport,3,1897.55,0.1,France,Magasin,5.26,2,5123.385
CMD08315,2024-02-08,Carlos Gomez,Électronique,Smartphone,2,169.3,0.0,Suisse,Web,1.8,4,338.6
CMD08316,2024-08-24,Sarah Moreau,Maison,Aspirateur,1,658.19,0.05,Italie,Magasin,3.78,5,625.2805000000001
CMD08317,2024-06-02,Lucie Martin,Jouets,Peluche,5,1989.97,0.2,Belgique,Web,4.43,3,7959.880000000001
CMD08318,2024-01-04,Carlos Gomez,Maison,Machine à café,3,266.78,0.05,France,App,6.44,5,760.3229999999999
CMD08319,2024-09-25,Youssef El Amrani,Beauté,Parfum,5,621.23,0.05,Italie,App,5.85,2,2950.8424999999997
CMD08320,2024-01-14,Paolo Bianchi,Jouets,Peluche,4,1670.59,0.15,France,Web,6.31,4,5680.005999999999
CMD08321,2024-08-29,Emma Rossi,Électronique,Tablette,4,442.79,0.1,Suisse,App,5.77,3,1594.044
CMD08322,2024-10-02,Sarah Moreau,Sport,Tapis de course,3,1052.43,0.25,Belgique,Web,3.93,2,2367.9674999999997
CMD08323,2024-02-11,Paolo Bianchi,Mode,Montre,1,1086.16,0.2,Suisse,Web,13.36,2,868.9280000000001
CMD08324,2024-10-05,Sarah Moreau,Beauté,Shampoing,5,1655.6,0.05,Maroc,App,14.15,4,7864.099999999999
CMD08325,2024-12-19,Emma Rossi,Électronique,TV 4K,5,86.68,0.3,Belgique,Web,5.06,1,303.38
CMD08326,2024-10-23,Emma Rossi,Jouets,Jeu de société,1,200.98,0.05,Maroc,Magasin,0.79,3,190.93099999999998
CMD08327,2024-02-06,Youssef El Amrani,Jouets,Jeu de société,5,49.47,0.3,Italie,Magasin,14.24,4,173.14499999999998
CMD08328,2024-02-21,Ali Benali,Mode,Chaussures,3,65.97,0.25,Suisse,Web,13.6,2,148.4325
CMD08329,2024-06-12,Léa Durand,Mode,Veste,2,1790.54,0.05,Suisse,Magasin,6.15,2,3402.026
CMD08330,2024-01-03,Léa Durand,Jouets,Peluche,1,928.59,0.1,Maroc,Web,1.62,4,835.731
CMD08331,2024-06-18,Sarah Moreau,Électronique,Smartphone,4,1651.79,0.15,Allemagne,App,4.69,3,5616.085999999999
CMD08332,2024-01-08,Léa Durand,Jouets,Voiture téléguidée,5,100.01,0.25,Belgique,Web,2.47,4,375.0375
CMD08333,2024-08-31,Lucie Martin,Maison,Aspirateur,2,509.68,0.0,France,Web,3.04,3,1019.36
CMD08334,2024-03-18,Ali Benali,Jouets,Lego,5,1083.29,0.05,Allemagne,App,8.61,5,5145.6275
CMD08335,2024-02-05,Youssef El Amrani,Électronique,Smartphone,5,1963.31,0.1,Allemagne,App,7.82,5,8834.895
CMD08336,2024-09-23,Sarah Moreau,Mode,Veste,1,655.86,0.2,Italie,Web,1.96,4,524.688
CMD08337,2024-09-16,Ali Benali,Mode,Veste,3,719.09,0.0,Belgique,App,8.69,4,2157.27
CMD08338,2024-06-23,Youssef El Amrani,Jouets,Puzzle,4,371.37,0.05,France,Magasin,0.29,1,1411.206
CMD08339,2024-01-20,Carlos Gomez,Sport,Tapis de course,5,502.51,0.1,France,Magasin,6.68,2,2261.295
CMD08340,2024-11-24,Ali Benali,Électronique,Tablette,3,804.79,0.2,Italie,App,13.4,5,1931.496
CMD08341,2024-06-29,Jean Dupont,Jouets,Peluche,2,1549.64,0.1,Suisse,App,7.5,2,2789.3520000000003
CMD08342,2024-03-15,Ali Benali,Électronique,Smartphone,1,1793.62,0.15,Maroc,App,12.49,2,1524.5769999999998
CMD08343,2024-02-23,Ali Benali,Maison,Mixeur,5,1658.99,0.0,Maroc,App,2.38,4,8294.95
CMD08344,2024-07-14,Ali Benali,Électronique,Ordinateur portable,3,1849.29,0.05,France,Web,11.44,3,5270.4765
CMD08345,2024-03-22,Carlos Gomez,Électronique,Tablette,2,1602.25,0.05,Suisse,App,14.08,5,3044.2749999999996
CMD08346,2024-02-10,Lucie Martin,Sport,Ballon,3,1385.14,0.0,Italie,App,6.0,1,4155.42
CMD08347,2024-02-26,Emma Rossi,Sport,Chaussures de sport,5,941.23,0.15,Belgique,App,2.24,4,4000.2274999999995
CMD08348,2024-04-14,Léa Durand,Beauté,Crème visage,1,1365.05,0.1,Allemagne,Magasin,13.81,1,1228.545
CMD08349,2024-02-03,Youssef El Amrani,Beauté,Parfum,1,1518.36,0.25,Espagne,App,5.87,5,1138.77
CMD08350,2024-11-12,Jean Dupont,Sport,Raquette,5,176.66,0.25,Maroc,Magasin,0.44,3,662.4749999999999
CMD08351,2024-11-28,Léa Durand,Beauté,Parfum,4,958.14,0.15,France,Magasin,13.22,4,3257.676
CMD08352,2024-01-31,Léa Durand,Beauté,Shampoing,2,1507.3,0.05,Maroc,Magasin,5.04,4,2863.87
CMD08353,2024-05-05,Sarah Moreau,Électronique,Tablette,5,862.44,0.05,Allemagne,App,7.06,4,4096.59
CMD08354,2024-08-19,Sarah Moreau,Maison,Lampadaire,3,1655.25,0.1,Italie,Web,7.39,5,4469.175
CMD08355,2024-12-07,Youssef El Amrani,Jouets,Jeu de société,2,878.46,0.05,Belgique,App,10.79,3,1669.074
CMD08356,2024-04-27,Youssef El Amrani,Sport,Ballon,4,371.46,0.3,Maroc,Web,13.57,2,1040.088
CMD08357,2024-01-29,Lucie Martin,Sport,Ballon,5,659.13,0.1,Belgique,App,12.34,1,2966.085
CMD08358,2024-11-27,Léa Durand,Sport,Chaussures de sport,1,62.63,0.3,Espagne,App,14.17,1,43.841
CMD08359,2024-06-21,Léa Durand,Beauté,Shampoing,2,387.77,0.05,Belgique,App,11.51,3,736.7629999999999
CMD08360,2024-10-19,Léa Durand,Mode,Montre,2,1310.26,0.3,Espagne,Web,3.95,4,1834.3639999999998
CMD08361,2024-10-22,Emma Rossi,Mode,Veste,1,616.84,0.0,Belgique,Web,13.05,5,616.84
CMD08362,2024-10-11,Paolo Bianchi,Maison,Lampadaire,3,415.89,0.05,Allemagne,Web,0.06,3,1185.2865
CMD08363,2024-05-30,Jean Dupont,Beauté,Crème visage,5,510.66,0.0,Maroc,App,9.82,3,2553.3
CMD08364,2024-06-18,Lucie Martin,Sport,Raquette,3,1488.66,0.1,Maroc,Web,10.27,2,4019.3820000000005
CMD08365,2024-04-12,Jean Dupont,Jouets,Voiture téléguidée,1,1833.71,0.1,Maroc,Magasin,2.33,5,1650.3390000000002
CMD08366,2024-06-26,Nina Müller,Sport,Tapis de course,4,104.28,0.15,Maroc,Web,11.66,1,354.552
CMD08367,2024-12-08,Lucie Martin,Électronique,Ordinateur portable,3,311.07,0.0,France,App,9.7,3,933.21
CMD08368,2024-04-29,Léa Durand,Électronique,Ordinateur portable,3,1565.97,0.2,Allemagne,Magasin,14.83,2,3758.328
CMD08369,2024-12-21,Lucie Martin,Électronique,Tablette,2,1291.82,0.05,Italie,Magasin,9.68,2,2454.4579999999996
CMD08370,2024-10-03,Sarah Moreau,Mode,Montre,5,249.33,0.05,Maroc,Magasin,6.53,4,1184.3175
CMD08371,2024-07-19,Paolo Bianchi,Beauté,Sérum,2,1935.74,0.15,Suisse,App,0.04,2,3290.758
CMD08372,2024-08-09,Carlos Gomez,Maison,Ventilateur,4,792.72,0.0,Allemagne,App,13.54,5,3170.88
CMD08373,2024-11-01,Lucie Martin,Jouets,Puzzle,2,757.84,0.25,Maroc,App,1.84,4,1136.76
CMD08374,2024-09-12,Jean Dupont,Mode,Chaussures,1,40.6,0.3,Belgique,App,1.38,2,28.419999999999998
CMD08375,2024-03-26,Emma Rossi,Mode,Montre,1,66.09,0.0,Italie,App,12.87,2,66.09
CMD08376,2024-05-10,Youssef El Amrani,Jouets,Jeu de société,3,571.26,0.05,Italie,Web,9.11,4,1628.091
CMD08377,2024-12-26,Sarah Moreau,Mode,Veste,4,715.73,0.25,Maroc,App,5.22,3,2147.19
CMD08378,2024-06-18,Jean Dupont,Maison,Aspirateur,4,1952.77,0.15,France,App,4.8,5,6639.418
CMD08379,2024-05-07,Paolo Bianchi,Beauté,Parfum,3,1894.76,0.05,Maroc,Magasin,4.88,5,5400.066
CMD08380,2024-11-28,Emma Rossi,Électronique,Casque audio,1,424.29,0.05,Belgique,Web,2.78,3,403.0755
CMD08381,2024-04-29,Léa Durand,Mode,Chaussures,2,1145.21,0.0,Allemagne,App,14.94,2,2290.42
CMD08382,2024-09-07,Jean Dupont,Jouets,Peluche,5,158.13,0.0,France,Magasin,5.38,4,790.65
CMD08383,2024-06-09,Léa Durand,Jouets,Voiture téléguidée,3,1903.75,0.15,Belgique,Web,4.44,5,4854.5625
CMD08384,2024-07-04,Sarah Moreau,Beauté,Rouge à lèvres,4,1854.15,0.25,France,Magasin,10.33,1,5562.450000000001
CMD08385,2024-07-05,Paolo Bianchi,Électronique,Smartphone,5,1078.2,0.2,Maroc,App,3.43,1,4312.8
CMD08386,2024-06-05,Emma Rossi,Sport,Tapis de course,1,1625.44,0.0,Allemagne,Magasin,7.13,5,1625.44
CMD08387,2024-01-03,Carlos Gomez,Électronique,Tablette,5,45.05,0.0,France,App,8.23,4,225.25
CMD08388,2024-11-18,Nina Müller,Beauté,Sérum,1,817.13,0.05,Italie,Web,5.01,3,776.2735
CMD08389,2024-12-30,Carlos Gomez,Électronique,Ordinateur portable,2,477.53,0.15,Maroc,App,14.56,5,811.8009999999999
CMD08390,2024-04-28,Paolo Bianchi,Électronique,Ordinateur portable,1,981.2,0.0,Belgique,Magasin,11.51,4,981.2
CMD08391,2024-09-25,Jean Dupont,Mode,Montre,2,493.15,0.2,Maroc,Magasin,1.54,1,789.04
CMD08392,2024-03-26,Sarah Moreau,Maison,Machine à café,5,1811.55,0.1,Belgique,App,6.94,4,8151.975
CMD08393,2024-09-28,Ali Benali,Électronique,TV 4K,5,585.09,0.25,Belgique,App,8.21,1,2194.0875
CMD08394,2024-04-18,Emma Rossi,Mode,Sac à main,5,1860.59,0.3,France,App,12.34,3,6512.064999999999
CMD08395,2024-03-19,Jean Dupont,Maison,Ventilateur,5,1795.19,0.15,Suisse,Magasin,14.16,4,7629.557500000001
CMD08396,2024-10-31,Paolo Bianchi,Mode,Montre,1,1026.01,0.25,Italie,Web,4.61,1,769.5074999999999
CMD08397,2024-04-11,Sarah Moreau,Maison,Machine à café,1,1507.61,0.2,Allemagne,Magasin,1.03,4,1206.088
CMD08398,2024-03-20,Léa Durand,Maison,Machine à café,1,165.87,0.2,Espagne,App,10.43,2,132.696
CMD08399,2024-12-07,Emma Rossi,Sport,Tapis de course,3,23.27,0.2,Italie,App,12.43,2,55.848000000000006
CMD08400,2024-10-25,Jean Dupont,Mode,Sac à main,5,1944.03,0.1,Italie,Web,11.1,3,8748.135
CMD08401,2024-10-29,Lucie Martin,Jouets,Peluche,3,1570.62,0.1,Suisse,Magasin,0.34,5,4240.674
CMD08402,2024-12-10,Nina Müller,Maison,Aspirateur,5,1652.26,0.05,Allemagne,Web,1.59,5,7848.234999999999
CMD08403,2024-07-01,Carlos Gomez,Maison,Machine à café,5,453.59,0.0,Allemagne,Web,12.85,3,2267.95
CMD08404,2024-10-03,Emma Rossi,Jouets,Voiture téléguidée,2,1896.38,0.15,Allemagne,Web,13.5,2,3223.846
CMD08405,2024-11-13,Ali Benali,Sport,Vélo,5,1730.56,0.1,France,App,0.77,4,7787.5199999999995
CMD08406,2024-04-15,Youssef El Amrani,Maison,Lampadaire,5,1094.86,0.0,Maroc,Web,7.63,2,5474.299999999999
CMD08407,2024-05-02,Paolo Bianchi,Beauté,Sérum,3,340.33,0.0,Italie,App,14.24,1,1020.99
CMD08408,2024-07-28,Nina Müller,Jouets,Peluche,4,759.41,0.15,Belgique,Magasin,9.2,1,2581.9939999999997
CMD08409,2024-09-28,Léa Durand,Jouets,Voiture téléguidée,5,1186.88,0.25,Espagne,Magasin,3.27,4,4450.8
CMD08410,2024-03-14,Lucie Martin,Électronique,TV 4K,4,1097.91,0.0,Espagne,Web,9.77,4,4391.64
CMD08411,2024-11-16,Carlos Gomez,Jouets,Peluche,4,1967.26,0.1,Belgique,Magasin,13.37,5,7082.136
CMD08412,2024-04-30,Carlos Gomez,Jouets,Jeu de société,4,643.02,0.15,Maroc,Magasin,12.6,1,2186.268
CMD08413,2024-05-30,Lucie Martin,Maison,Lampadaire,4,646.27,0.1,Italie,Web,4.33,4,2326.572
CMD08414,2024-07-22,Carlos Gomez,Jouets,Jeu de société,3,1596.59,0.25,France,Web,6.59,4,3592.3274999999994
CMD08415,2024-11-10,Jean Dupont,Sport,Tapis de course,5,1249.96,0.0,Maroc,App,8.61,2,6249.8
CMD08416,2024-02-09,Nina Müller,Jouets,Voiture téléguidée,5,1672.59,0.0,Maroc,Web,8.88,2,8362.949999999999
CMD08417,2024-12-16,Sarah Moreau,Jouets,Puzzle,4,1582.57,0.1,Suisse,Web,4.93,1,5697.2519999999995
CMD08418,2024-05-14,Sarah Moreau,Jouets,Jeu de société,3,1029.42,0.0,France,App,5.61,5,3088.26
CMD08419,2024-12-21,Léa Durand,Jouets,Peluche,5,1789.43,0.05,Allemagne,App,14.54,5,8499.7925
CMD08420,2024-09-12,Paolo Bianchi,Mode,Chaussures,4,770.95,0.25,Maroc,Web,1.78,2,2312.8500000000004
CMD08421,2024-04-11,Paolo Bianchi,Mode,Montre,4,1809.92,0.25,Allemagne,Magasin,3.98,4,5429.76
CMD08422,2024-04-01,Emma Rossi,Jouets,Jeu de société,4,1240.0,0.25,Belgique,Web,11.01,5,3720.0
CMD08423,2024-05-27,Nina Müller,Maison,Lampadaire,4,870.49,0.0,Maroc,App,3.71,5,3481.96
CMD08424,2024-03-02,Paolo Bianchi,Jouets,Peluche,4,1811.11,0.0,Suisse,App,1.11,1,7244.44
CMD08425,2024-09-10,Carlos Gomez,Électronique,Tablette,5,546.67,0.3,Allemagne,App,11.99,1,1913.3449999999998
CMD08426,2024-11-25,Nina Müller,Mode,Chaussures,4,910.07,0.05,Allemagne,App,1.74,3,3458.266
CMD08427,2024-07-23,Sarah Moreau,Mode,Jean,2,959.02,0.15,Belgique,Magasin,6.03,4,1630.3339999999998
CMD08428,2024-11-27,Lucie Martin,Sport,Raquette,4,220.63,0.15,Suisse,Web,2.35,3,750.1419999999999
CMD08429,2024-08-11,Léa Durand,Jouets,Voiture téléguidée,1,1027.86,0.15,Italie,App,0.64,3,873.6809999999999
CMD08430,2024-10-01,Carlos Gomez,Maison,Lampadaire,3,1466.48,0.2,Maroc,Magasin,11.17,5,3519.5520000000006
CMD08431,2024-08-31,Ali Benali,Beauté,Shampoing,1,1605.92,0.15,Allemagne,Web,5.34,4,1365.032
CMD08432,2024-03-14,Carlos Gomez,Mode,Chaussures,1,610.12,0.1,Suisse,Web,11.61,5,549.1080000000001
CMD08433,2024-10-30,Nina Müller,Beauté,Parfum,5,83.85,0.0,Suisse,Magasin,13.35,3,419.25
CMD08434,2024-01-11,Youssef El Amrani,Sport,Vélo,2,912.75,0.3,Espagne,Magasin,8.1,4,1277.85
CMD08435,2024-09-06,Lucie Martin,Beauté,Rouge à lèvres,3,1060.43,0.15,Italie,Magasin,5.84,1,2704.0965
CMD08436,2024-04-08,Carlos Gomez,Beauté,Parfum,2,419.14,0.05,France,Magasin,1.31,5,796.366
CMD08437,2024-09-03,Paolo Bianchi,Jouets,Peluche,4,1719.71,0.05,Italie,Magasin,3.35,4,6534.898
CMD08438,2024-08-06,Léa Durand,Électronique,Tablette,1,1732.33,0.3,France,Web,9.8,4,1212.6309999999999
CMD08439,2024-10-25,Ali Benali,Mode,Sac à main,1,467.9,0.25,Maroc,Web,6.25,1,350.92499999999995
CMD08440,2024-10-25,Paolo Bianchi,Mode,Veste,4,695.72,0.0,Maroc,Web,3.1,3,2782.88
CMD08441,2024-03-09,Sarah Moreau,Électronique,TV 4K,2,615.41,0.25,Maroc,Web,14.16,2,923.115
CMD08442,2024-03-25,Carlos Gomez,Mode,Jean,2,1295.36,0.25,Espagne,App,13.32,1,1943.04
CMD08443,2024-06-27,Carlos Gomez,Mode,Montre,4,406.15,0.05,Espagne,Web,7.64,1,1543.37
CMD08444,2024-12-13,Jean Dupont,Électronique,Tablette,2,1687.88,0.05,France,Magasin,9.16,3,3206.972
CMD08445,2024-05-16,Emma Rossi,Sport,Vélo,2,1337.9,0.25,Allemagne,App,3.86,5,2006.8500000000001
CMD08446,2024-12-27,Emma Rossi,Sport,Tapis de course,5,693.98,0.1,Espagne,Magasin,13.49,1,3122.9100000000003
CMD08447,2024-03-16,Carlos Gomez,Sport,Vélo,2,789.16,0.1,France,Magasin,2.96,3,1420.488
CMD08448,2024-06-24,Léa Durand,Sport,Vélo,4,742.5,0.1,Belgique,Magasin,14.53,1,2673.0
CMD08449,2024-06-16,Ali Benali,Maison,Mixeur,2,1159.51,0.15,Belgique,Magasin,10.17,3,1971.167
CMD08450,2024-06-16,Emma Rossi,Sport,Ballon,2,1225.86,0.0,Espagne,Web,13.94,1,2451.72
CMD08451,2024-08-13,Léa Durand,Mode,Sac à main,2,1994.87,0.2,France,Web,12.44,4,3191.792
CMD08452,2024-05-22,Youssef El Amrani,Jouets,Jeu de société,5,1522.1,0.2,Belgique,App,2.83,2,6088.400000000001
CMD08453,2024-10-24,Jean Dupont,Sport,Chaussures de sport,5,1574.01,0.15,Maroc,Magasin,0.19,5,6689.5425
CMD08454,2024-01-29,Nina Müller,Sport,Chaussures de sport,2,269.52,0.1,Italie,Magasin,8.05,5,485.13599999999997
CMD08455,2024-08-22,Emma Rossi,Sport,Ballon,5,1590.69,0.3,Maroc,Web,12.74,2,5567.415
CMD08456,2024-10-11,Paolo Bianchi,Maison,Machine à café,2,1741.98,0.2,Suisse,App,0.86,1,2787.168
CMD08457,2024-09-19,Emma Rossi,Jouets,Peluche,2,1708.21,0.0,Espagne,App,14.53,4,3416.42
CMD08458,2024-12-19,Nina Müller,Mode,Veste,4,754.38,0.05,Espagne,App,10.11,2,2866.644
CMD08459,2024-03-26,Emma Rossi,Sport,Raquette,2,1668.59,0.05,Allemagne,Web,13.65,1,3170.321
CMD08460,2024-07-05,Paolo Bianchi,Beauté,Rouge à lèvres,5,124.18,0.3,Allemagne,Magasin,8.6,2,434.63000000000005
CMD08461,2024-07-31,Jean Dupont,Sport,Ballon,1,105.98,0.05,Italie,Magasin,1.75,4,100.681
CMD08462,2024-11-11,Léa Durand,Mode,Sac à main,4,390.85,0.25,Allemagne,Web,12.06,1,1172.5500000000002
CMD08463,2024-03-02,Ali Benali,Jouets,Lego,3,1215.37,0.0,Belgique,Web,10.43,2,3646.1099999999997
CMD08464,2024-02-22,Carlos Gomez,Sport,Raquette,5,961.14,0.0,Suisse,Web,13.44,1,4805.7
CMD08465,2024-05-01,Lucie Martin,Mode,Chaussures,1,1958.5,0.1,Italie,Magasin,8.19,4,1762.65
CMD08466,2024-03-24,Nina Müller,Mode,Sac à main,5,1780.69,0.25,Espagne,App,5.65,4,6677.587500000001
CMD08467,2024-03-27,Ali Benali,Sport,Raquette,5,227.35,0.3,Maroc,Web,12.57,3,795.7249999999999
CMD08468,2024-02-17,Carlos Gomez,Beauté,Shampoing,1,1410.23,0.2,Belgique,Magasin,6.28,2,1128.184
CMD08469,2024-08-01,Lucie Martin,Sport,Chaussures de sport,4,91.08,0.3,France,Web,0.67,4,255.02399999999997
CMD08470,2024-08-19,Emma Rossi,Mode,Jean,2,616.54,0.05,Maroc,Web,12.52,1,1171.426
CMD08471,2024-12-15,Jean Dupont,Sport,Vélo,2,1585.14,0.15,Maroc,App,2.53,2,2694.7380000000003
CMD08472,2024-03-04,Lucie Martin,Jouets,Voiture téléguidée,1,92.42,0.2,Belgique,Magasin,13.93,5,73.936
CMD08473,2024-09-05,Ali Benali,Électronique,Tablette,1,1228.85,0.1,Maroc,App,12.35,4,1105.965
CMD08474,2024-08-30,Ali Benali,Électronique,Casque audio,2,814.28,0.25,Italie,App,1.0,3,1221.42
CMD08475,2024-04-08,Carlos Gomez,Mode,Sac à main,3,216.04,0.05,France,Magasin,10.41,4,615.7139999999999
CMD08476,2024-11-25,Jean Dupont,Beauté,Shampoing,3,1420.15,0.3,Espagne,Web,12.55,3,2982.3150000000005
CMD08477,2024-01-03,Lucie Martin,Mode,Chaussures,3,1796.54,0.3,Allemagne,App,13.09,5,3772.7339999999995
CMD08478,2024-04-27,Paolo Bianchi,Électronique,Smartphone,5,111.67,0.2,Espagne,Magasin,5.01,2,446.68000000000006
CMD08479,2024-01-30,Youssef El Amrani,Maison,Lampadaire,5,61.95,0.2,France,App,1.57,3,247.8
CMD08480,2024-03-03,Nina Müller,Mode,Montre,4,296.46,0.2,France,App,1.88,1,948.672
CMD08481,2024-11-20,Youssef El Amrani,Maison,Lampadaire,5,174.97,0.3,Espagne,Web,7.63,1,612.395
CMD08482,2024-08-13,Jean Dupont,Beauté,Crème visage,3,1105.45,0.0,Allemagne,Web,0.81,1,3316.3500000000004
CMD08483,2024-05-06,Jean Dupont,Mode,Veste,2,1313.33,0.25,Allemagne,Web,12.06,3,1969.995
CMD08484,2024-03-19,Lucie Martin,Sport,Ballon,1,1565.69,0.3,Maroc,Magasin,1.56,2,1095.983
CMD08485,2024-09-21,Paolo Bianchi,Beauté,Sérum,5,1673.43,0.0,Italie,Web,14.95,4,8367.15
CMD08486,2024-02-27,Emma Rossi,Sport,Ballon,4,1313.76,0.0,Suisse,App,9.3,4,5255.04
CMD08487,2024-02-15,Carlos Gomez,Jouets,Lego,2,742.27,0.1,Italie,Web,12.07,4,1336.086
CMD08488,2024-04-23,Jean Dupont,Mode,Sac à main,5,1266.67,0.3,Allemagne,Magasin,8.69,3,4433.345
CMD08489,2024-02-03,Nina Müller,Électronique,Smartphone,3,524.85,0.05,Allemagne,Magasin,9.81,4,1495.8225
CMD08490,2024-07-31,Youssef El Amrani,Électronique,Tablette,5,613.12,0.0,Italie,Magasin,8.35,4,3065.6
CMD08491,2024-09-27,Carlos Gomez,Électronique,Casque audio,1,629.14,0.1,Maroc,Magasin,5.54,2,566.226
CMD08492,2024-09-21,Ali Benali,Beauté,Shampoing,2,182.58,0.15,France,App,5.2,5,310.386
CMD08493,2024-03-19,Emma Rossi,Maison,Machine à café,2,1937.37,0.1,France,App,13.52,1,3487.266
CMD08494,2024-03-16,Emma Rossi,Électronique,TV 4K,4,177.42,0.3,Italie,App,6.09,5,496.77599999999995
CMD08495,2024-02-27,Jean Dupont,Maison,Mixeur,2,1105.96,0.3,Belgique,App,9.15,2,1548.344
CMD08496,2024-06-09,Ali Benali,Maison,Ventilateur,1,1358.14,0.15,France,Web,12.71,3,1154.419
CMD08497,2024-02-02,Paolo Bianchi,Sport,Raquette,5,1200.53,0.1,Belgique,Web,8.87,5,5402.385
CMD08498,2024-10-28,Nina Müller,Mode,Sac à main,5,479.65,0.2,France,Web,3.27,2,1918.6000000000001
CMD08499,2024-10-23,Nina Müller,Sport,Tapis de course,3,1447.7,0.3,Belgique,Magasin,10.05,2,3040.17
CMD08500,2024-05-21,Paolo Bianchi,Sport,Raquette,4,1918.01,0.25,Italie,Web,7.83,5,5754.03
CMD08501,2024-01-27,Youssef El Amrani,Électronique,Tablette,4,1194.96,0.3,Suisse,Web,4.83,5,3345.888
CMD08502,2024-11-08,Youssef El Amrani,Électronique,Tablette,4,245.08,0.2,Allemagne,Web,10.81,1,784.2560000000001
CMD08503,2024-08-20,Paolo Bianchi,Mode,Sac à main,5,1447.94,0.05,Allemagne,App,2.28,5,6877.715
CMD08504,2024-02-12,Léa Durand,Sport,Tapis de course,4,1610.86,0.05,Suisse,Magasin,4.89,2,6121.267999999999
CMD08505,2024-08-22,Léa Durand,Électronique,Smartphone,4,1847.83,0.0,France,Web,11.77,2,7391.32
CMD08506,2024-07-09,Nina Müller,Jouets,Voiture téléguidée,1,1743.72,0.1,Suisse,App,3.99,1,1569.348
CMD08507,2024-10-14,Paolo Bianchi,Électronique,Smartphone,1,552.66,0.1,Allemagne,Web,9.92,3,497.394
CMD08508,2024-04-09,Ali Benali,Maison,Lampadaire,2,353.46,0.3,Espagne,Magasin,9.38,5,494.84399999999994
CMD08509,2024-05-01,Carlos Gomez,Sport,Ballon,4,1294.94,0.0,Espagne,Magasin,3.79,4,5179.76
CMD08510,2024-11-22,Léa Durand,Jouets,Peluche,3,1268.12,0.2,Suisse,Web,10.28,2,3043.488
CMD08511,2024-12-18,Paolo Bianchi,Électronique,Ordinateur portable,1,182.3,0.0,Espagne,Magasin,12.18,5,182.3
CMD08512,2024-02-01,Jean Dupont,Jouets,Puzzle,4,602.21,0.15,Maroc,Web,4.51,4,2047.5140000000001
CMD08513,2024-06-30,Jean Dupont,Maison,Mixeur,1,306.81,0.05,France,App,5.47,3,291.4695
CMD08514,2024-07-05,Léa Durand,Maison,Machine à café,4,404.01,0.05,Maroc,Magasin,4.91,5,1535.2379999999998
CMD08515,2024-03-23,Carlos Gomez,Beauté,Crème visage,2,1556.84,0.0,Allemagne,Magasin,3.98,1,3113.68
CMD08516,2024-11-27,Sarah Moreau,Beauté,Crème visage,2,828.25,0.05,Espagne,Web,14.9,2,1573.675
CMD08517,2024-08-02,Lucie Martin,Électronique,Tablette,2,1819.98,0.05,Suisse,App,9.79,2,3457.962
CMD08518,2024-10-16,Emma Rossi,Mode,Montre,4,986.03,0.15,Allemagne,Magasin,7.42,4,3352.502
CMD08519,2024-08-04,Emma Rossi,Mode,Sac à main,1,1087.13,0.05,Suisse,Web,3.3,5,1032.7735
CMD08520,2024-10-03,Carlos Gomez,Beauté,Crème visage,5,413.66,0.0,Allemagne,Web,10.6,1,2068.3
CMD08521,2024-01-06,Youssef El Amrani,Maison,Ventilateur,4,1825.61,0.3,Maroc,Magasin,14.95,1,5111.708
CMD08522,2024-05-14,Ali Benali,Beauté,Shampoing,3,811.73,0.3,Italie,Magasin,3.46,5,1704.633
CMD08523,2024-08-10,Léa Durand,Maison,Aspirateur,1,888.6,0.2,France,Web,7.72,4,710.8800000000001
CMD08524,2024-09-09,Lucie Martin,Jouets,Voiture téléguidée,5,314.93,0.15,France,Magasin,5.5,2,1338.4525
CMD08525,2024-07-30,Sarah Moreau,Sport,Ballon,1,535.5,0.25,Espagne,App,8.34,2,401.625
CMD08526,2024-03-10,Nina Müller,Jouets,Peluche,5,359.16,0.25,Italie,Web,0.63,5,1346.8500000000001
CMD08527,2024-01-10,Ali Benali,Mode,Sac à main,1,623.37,0.25,Suisse,Magasin,8.72,4,467.52750000000003
CMD08528,2024-03-24,Ali Benali,Mode,Chaussures,5,1271.89,0.2,Espagne,App,5.41,2,5087.560000000001
CMD08529,2024-06-14,Ali Benali,Jouets,Voiture téléguidée,2,297.63,0.1,Allemagne,Magasin,1.92,1,535.734
CMD08530,2024-04-27,Paolo Bianchi,Électronique,TV 4K,5,270.49,0.25,Allemagne,App,4.18,1,1014.3375000000001
CMD08531,2024-06-09,Ali Benali,Électronique,Smartphone,5,1701.02,0.3,Belgique,App,9.4,1,5953.57
CMD08532,2024-04-10,Paolo Bianchi,Maison,Aspirateur,2,1750.01,0.15,Espagne,Magasin,13.27,2,2975.017
CMD08533,2024-04-30,Sarah Moreau,Maison,Aspirateur,5,51.76,0.0,France,Magasin,14.23,3,258.8
CMD08534,2024-02-26,Paolo Bianchi,Sport,Chaussures de sport,5,1777.16,0.2,Suisse,App,8.86,4,7108.640000000001
CMD08535,2024-10-12,Ali Benali,Jouets,Voiture téléguidée,4,1031.41,0.1,Allemagne,Web,13.06,3,3713.0760000000005
CMD08536,2024-06-10,Jean Dupont,Électronique,Ordinateur portable,4,1707.63,0.1,Maroc,Web,2.71,1,6147.468000000001
CMD08537,2024-07-14,Sarah Moreau,Mode,Veste,5,1462.35,0.2,Maroc,Magasin,4.59,2,5849.400000000001
CMD08538,2024-07-09,Paolo Bianchi,Maison,Machine à café,5,1606.53,0.25,Maroc,Web,11.41,5,6024.487499999999
CMD08539,2024-03-10,Jean Dupont,Jouets,Jeu de société,5,21.8,0.25,Allemagne,App,2.54,2,81.75
CMD08540,2024-01-12,Sarah Moreau,Électronique,TV 4K,2,408.27,0.0,Espagne,Magasin,0.98,2,816.54
CMD08541,2024-07-28,Emma Rossi,Beauté,Parfum,1,455.66,0.1,Allemagne,Magasin,11.37,3,410.09400000000005
CMD08542,2024-01-28,Ali Benali,Jouets,Jeu de société,2,861.16,0.25,Belgique,Magasin,14.3,1,1291.74
CMD08543,2024-05-03,Youssef El Amrani,Mode,Sac à main,1,1948.37,0.0,France,Web,1.77,2,1948.37
CMD08544,2024-08-29,Paolo Bianchi,Sport,Tapis de course,3,1559.11,0.2,Allemagne,App,11.04,4,3741.864
CMD08545,2024-10-05,Youssef El Amrani,Mode,Sac à main,5,578.29,0.15,Italie,App,9.28,2,2457.7324999999996
CMD08546,2024-02-27,Nina Müller,Mode,Montre,1,1120.42,0.2,Espagne,Magasin,4.88,2,896.3360000000001
CMD08547,2024-09-14,Jean Dupont,Maison,Ventilateur,1,733.23,0.2,Maroc,App,3.57,3,586.5840000000001
CMD08548,2024-07-25,Jean Dupont,Sport,Ballon,3,75.14,0.2,Maroc,Magasin,5.2,4,180.336
CMD08549,2024-04-05,Ali Benali,Jouets,Jeu de société,5,1465.65,0.3,France,Web,3.06,2,5129.775
CMD08550,2024-02-13,Youssef El Amrani,Jouets,Peluche,1,685.03,0.15,Suisse,App,0.24,4,582.2755
CMD08551,2024-06-05,Jean Dupont,Sport,Ballon,2,16.95,0.05,Belgique,Web,9.81,1,32.205
CMD08552,2024-05-02,Ali Benali,Mode,Jean,5,946.08,0.2,Belgique,Web,11.64,3,3784.3200000000006
CMD08553,2024-07-10,Emma Rossi,Électronique,Ordinateur portable,4,181.96,0.25,Italie,Web,8.17,4,545.88
CMD08554,2024-03-15,Emma Rossi,Sport,Ballon,4,983.7,0.15,France,Magasin,0.07,5,3344.58
CMD08555,2024-01-05,Carlos Gomez,Beauté,Parfum,2,658.51,0.05,France,Web,6.75,3,1251.1689999999999
CMD08556,2024-12-15,Jean Dupont,Mode,Chaussures,4,201.58,0.1,Suisse,Magasin,13.46,3,725.6880000000001
CMD08557,2024-05-07,Jean Dupont,Beauté,Crème visage,5,1289.7,0.1,Belgique,Web,0.88,3,5803.650000000001
CMD08558,2024-05-04,Youssef El Amrani,Beauté,Sérum,1,177.7,0.1,Allemagne,Magasin,7.08,3,159.93
CMD08559,2024-03-02,Carlos Gomez,Maison,Ventilateur,2,1484.32,0.1,Italie,App,9.29,3,2671.776
CMD08560,2024-09-28,Jean Dupont,Mode,Sac à main,4,273.84,0.05,France,Web,5.09,5,1040.5919999999999
CMD08561,2024-06-21,Sarah Moreau,Maison,Aspirateur,1,1309.22,0.2,Allemagne,Web,14.37,2,1047.376
CMD08562,2024-12-13,Sarah Moreau,Électronique,TV 4K,1,752.85,0.0,Belgique,App,0.58,3,752.85
CMD08563,2024-07-10,Lucie Martin,Mode,Sac à main,2,1106.57,0.2,Allemagne,Web,6.6,1,1770.512
CMD08564,2024-03-13,Sarah Moreau,Électronique,Tablette,4,754.61,0.2,Suisse,App,12.64,5,2414.752
CMD08565,2024-11-01,Ali Benali,Beauté,Shampoing,2,1554.62,0.1,Maroc,App,10.34,4,2798.316
CMD08566,2024-06-22,Jean Dupont,Maison,Mixeur,5,991.23,0.05,Espagne,Magasin,14.54,4,4708.3425
CMD08567,2024-07-10,Léa Durand,Maison,Lampadaire,3,150.3,0.25,France,Magasin,4.11,5,338.175
CMD08568,2024-05-22,Youssef El Amrani,Mode,Veste,4,1142.86,0.1,Allemagne,Magasin,10.93,5,4114.295999999999
CMD08569,2024-01-23,Emma Rossi,Jouets,Lego,1,1803.23,0.1,Espagne,App,1.84,1,1622.9070000000002
CMD08570,2024-10-26,Lucie Martin,Jouets,Jeu de société,5,622.27,0.15,Italie,App,4.84,2,2644.6475
CMD08571,2024-10-26,Carlos Gomez,Sport,Raquette,5,104.69,0.1,France,Magasin,5.55,1,471.1050000000001
CMD08572,2024-10-17,Jean Dupont,Jouets,Jeu de société,5,1328.69,0.2,Italie,Magasin,13.41,2,5314.760000000001
CMD08573,2024-07-03,Youssef El Amrani,Beauté,Rouge à lèvres,2,1715.85,0.15,Belgique,Magasin,11.26,2,2916.9449999999997
CMD08574,2024-02-05,Jean Dupont,Mode,Montre,2,1869.39,0.1,France,Magasin,8.78,2,3364.902
CMD08575,2024-10-19,Youssef El Amrani,Maison,Lampadaire,4,563.91,0.2,Italie,Magasin,6.15,4,1804.512
CMD08576,2024-12-09,Nina Müller,Sport,Tapis de course,2,1148.74,0.25,Belgique,Web,2.16,3,1723.1100000000001
CMD08577,2024-02-13,Léa Durand,Électronique,Ordinateur portable,5,1644.59,0.05,Allemagne,App,9.55,5,7811.802499999999
CMD08578,2024-05-12,Youssef El Amrani,Électronique,Ordinateur portable,5,1500.41,0.25,Belgique,App,0.86,5,5626.5375
CMD08579,2024-09-25,Ali Benali,Jouets,Peluche,4,682.13,0.0,Italie,Web,7.23,1,2728.52
CMD08580,2024-12-05,Carlos Gomez,Maison,Machine à café,2,1769.2,0.2,Espagne,App,14.7,5,2830.7200000000003
CMD08581,2024-02-16,Lucie Martin,Sport,Raquette,4,1840.02,0.1,Belgique,Web,6.87,5,6624.072
CMD08582,2024-05-17,Jean Dupont,Électronique,Tablette,3,1287.09,0.3,Maroc,Web,12.48,1,2702.8889999999997
CMD08583,2024-09-03,Youssef El Amrani,Maison,Machine à café,2,1765.39,0.2,France,App,11.55,4,2824.6240000000003
CMD08584,2024-10-04,Ali Benali,Mode,Montre,5,1313.98,0.25,France,Web,3.59,1,4927.424999999999
CMD08585,2024-01-27,Nina Müller,Beauté,Parfum,2,939.73,0.25,Maroc,Web,7.0,4,1409.595
CMD08586,2024-07-15,Lucie Martin,Électronique,Ordinateur portable,5,379.92,0.3,Belgique,Web,8.36,5,1329.72
CMD08587,2024-05-03,Ali Benali,Jouets,Puzzle,1,1388.95,0.15,Suisse,Magasin,1.24,5,1180.6075
CMD08588,2024-08-14,Nina Müller,Jouets,Peluche,3,779.63,0.2,Allemagne,Magasin,9.75,3,1871.112
CMD08589,2024-11-02,Carlos Gomez,Jouets,Peluche,4,1016.9,0.0,Maroc,Magasin,11.21,5,4067.6
CMD08590,2024-07-10,Emma Rossi,Maison,Mixeur,5,1397.42,0.15,Espagne,App,5.49,4,5939.035
CMD08591,2024-01-04,Sarah Moreau,Mode,Chaussures,3,1536.06,0.3,Espagne,App,1.43,3,3225.726
CMD08592,2024-11-27,Sarah Moreau,Mode,Montre,2,1133.81,0.2,Suisse,Magasin,2.68,3,1814.096
CMD08593,2024-02-25,Jean Dupont,Sport,Chaussures de sport,4,1215.92,0.05,France,Web,5.83,2,4620.496
CMD08594,2024-02-21,Youssef El Amrani,Maison,Ventilateur,5,1219.23,0.15,Maroc,App,5.5,5,5181.7275
CMD08595,2024-03-17,Nina Müller,Beauté,Shampoing,3,1634.75,0.25,Espagne,Magasin,4.12,4,3678.1875
CMD08596,2024-06-05,Carlos Gomez,Beauté,Rouge à lèvres,2,401.68,0.2,Suisse,App,3.28,5,642.6880000000001
CMD08597,2024-01-02,Lucie Martin,Jouets,Jeu de société,1,1021.26,0.25,Belgique,Magasin,9.87,1,765.9449999999999
CMD08598,2024-05-14,Léa Durand,Beauté,Shampoing,3,1025.31,0.25,Maroc,Web,7.92,2,2306.9474999999998
CMD08599,2024-04-16,Léa Durand,Maison,Ventilateur,2,1979.39,0.15,Maroc,Web,3.94,5,3364.963
CMD08600,2024-04-15,Lucie Martin,Électronique,TV 4K,1,1900.9,0.25,France,App,9.75,2,1425.6750000000002
CMD08601,2024-10-22,Carlos Gomez,Jouets,Jeu de société,5,1879.48,0.05,Maroc,App,12.5,5,8927.529999999999
CMD08602,2024-10-18,Sarah Moreau,Mode,Veste,2,844.67,0.25,Suisse,Web,1.19,5,1267.0049999999999
CMD08603,2024-03-27,Emma Rossi,Maison,Lampadaire,1,124.1,0.3,Suisse,Web,2.84,1,86.86999999999999
CMD08604,2024-01-05,Jean Dupont,Beauté,Rouge à lèvres,3,1385.88,0.1,France,Web,10.02,1,3741.876
CMD08605,2024-02-04,Ali Benali,Beauté,Rouge à lèvres,4,186.2,0.15,Suisse,App,13.86,2,633.0799999999999
CMD08606,2024-01-19,Ali Benali,Maison,Aspirateur,2,1370.52,0.1,Espagne,App,4.69,1,2466.936
CMD08607,2024-11-13,Paolo Bianchi,Sport,Vélo,3,187.56,0.1,Maroc,Web,10.32,4,506.4120000000001
CMD08608,2024-12-18,Paolo Bianchi,Mode,Veste,3,642.48,0.0,Belgique,Magasin,7.31,2,1927.44
CMD08609,2024-03-03,Lucie Martin,Beauté,Rouge à lèvres,3,1743.74,0.25,Italie,Magasin,11.37,1,3923.415
CMD08610,2024-10-12,Léa Durand,Maison,Lampadaire,5,231.82,0.25,Suisse,App,13.09,3,869.3249999999999
CMD08611,2024-02-16,Léa Durand,Maison,Lampadaire,4,651.14,0.2,Allemagne,App,3.64,5,2083.648
CMD08612,2024-03-10,Nina Müller,Jouets,Peluche,4,1421.34,0.1,Belgique,Web,8.26,1,5116.824
CMD08613,2024-12-23,Paolo Bianchi,Beauté,Shampoing,2,116.16,0.25,Belgique,App,7.92,4,174.24
CMD08614,2024-10-21,Jean Dupont,Maison,Machine à café,2,388.79,0.05,Belgique,Web,0.59,2,738.701
CMD08615,2024-11-07,Youssef El Amrani,Sport,Raquette,3,886.55,0.3,Espagne,App,0.45,5,1861.7549999999997
CMD08616,2024-09-19,Jean Dupont,Sport,Raquette,2,1703.96,0.3,France,App,14.95,1,2385.544
CMD08617,2024-07-24,Sarah Moreau,Sport,Raquette,4,1423.67,0.3,Espagne,Magasin,10.99,3,3986.276
CMD08618,2024-12-30,Carlos Gomez,Jouets,Jeu de société,3,1701.13,0.2,Italie,Web,8.67,4,4082.7120000000004
CMD08619,2024-12-11,Carlos Gomez,Sport,Chaussures de sport,3,1291.95,0.1,Maroc,Magasin,2.96,1,3488.2650000000003
CMD08620,2024-10-21,Sarah Moreau,Électronique,TV 4K,4,780.93,0.3,Italie,Web,2.0,2,2186.604
CMD08621,2024-05-18,Ali Benali,Sport,Ballon,4,1574.72,0.2,Maroc,Magasin,1.85,2,5039.104
CMD08622,2024-07-15,Youssef El Amrani,Jouets,Peluche,4,1486.05,0.3,Espagne,Web,13.75,1,4160.94
CMD08623,2024-06-02,Emma Rossi,Sport,Raquette,2,731.7,0.3,Italie,App,7.52,3,1024.38
CMD08624,2024-02-04,Lucie Martin,Mode,Sac à main,1,1314.2,0.15,France,Web,10.12,2,1117.07
CMD08625,2024-07-10,Emma Rossi,Maison,Aspirateur,3,607.7,0.3,Allemagne,Magasin,4.62,4,1276.17
CMD08626,2024-10-01,Jean Dupont,Électronique,Ordinateur portable,3,1255.67,0.1,France,Magasin,6.71,1,3390.309
CMD08627,2024-11-18,Paolo Bianchi,Sport,Vélo,5,1983.44,0.05,Italie,Web,6.48,4,9421.34
CMD08628,2024-07-28,Lucie Martin,Électronique,Tablette,1,1824.04,0.15,Italie,Magasin,11.57,2,1550.434
CMD08629,2024-02-28,Paolo Bianchi,Sport,Ballon,1,1857.86,0.3,Allemagne,Web,11.13,2,1300.502
CMD08630,2024-01-29,Youssef El Amrani,Mode,Sac à main,5,650.43,0.2,Espagne,App,9.12,2,2601.72
CMD08631,2024-02-07,Paolo Bianchi,Beauté,Parfum,4,1973.98,0.3,Belgique,Web,7.32,2,5527.143999999999
CMD08632,2024-01-28,Nina Müller,Maison,Aspirateur,2,220.57,0.3,Maroc,App,11.43,1,308.79799999999994
CMD08633,2024-04-24,Sarah Moreau,Beauté,Parfum,5,412.0,0.1,Belgique,App,1.73,4,1854.0
CMD08634,2024-07-04,Jean Dupont,Électronique,Ordinateur portable,4,1866.72,0.15,Espagne,App,0.75,4,6346.848
CMD08635,2024-06-18,Youssef El Amrani,Sport,Raquette,5,1610.43,0.05,Suisse,App,10.97,1,7649.5425000000005
CMD08636,2024-06-16,Léa Durand,Maison,Ventilateur,1,477.03,0.0,Allemagne,Web,3.27,3,477.03
CMD08637,2024-10-13,Carlos Gomez,Beauté,Rouge à lèvres,2,1740.76,0.15,Italie,Web,14.33,5,2959.292
CMD08638,2024-04-13,Nina Müller,Électronique,Tablette,1,1579.09,0.25,Belgique,App,0.43,1,1184.3174999999999
CMD08639,2024-09-16,Nina Müller,Électronique,TV 4K,4,1649.42,0.15,Suisse,Web,6.18,4,5608.028
CMD08640,2024-04-15,Youssef El Amrani,Maison,Mixeur,2,30.37,0.05,Suisse,Magasin,13.89,4,57.702999999999996
CMD08641,2024-05-19,Léa Durand,Électronique,Tablette,3,689.09,0.0,Allemagne,Magasin,2.94,2,2067.27
CMD08642,2024-05-26,Ali Benali,Électronique,TV 4K,5,127.47,0.2,Italie,Web,11.44,3,509.88000000000005
CMD08643,2024-11-06,Paolo Bianchi,Sport,Tapis de course,5,1902.62,0.2,Belgique,Web,5.12,3,7610.48
CMD08644,2024-08-09,Youssef El Amrani,Sport,Ballon,1,1192.2,0.2,Espagne,App,4.28,3,953.7600000000001
CMD08645,2024-12-07,Léa Durand,Jouets,Lego,5,957.32,0.05,Espagne,App,4.65,3,4547.27
CMD08646,2024-03-26,Jean Dupont,Sport,Vélo,4,1829.44,0.25,Italie,Magasin,8.87,1,5488.32
CMD08647,2024-02-12,Paolo Bianchi,Maison,Aspirateur,1,236.19,0.05,Allemagne,App,14.4,4,224.38049999999998
CMD08648,2024-08-06,Paolo Bianchi,Électronique,Casque audio,1,266.63,0.05,Belgique,Magasin,2.55,5,253.2985
CMD08649,2024-12-25,Léa Durand,Beauté,Crème visage,1,1775.38,0.15,Belgique,App,6.62,4,1509.073
CMD08650,2024-01-01,Nina Müller,Sport,Raquette,4,554.83,0.05,Maroc,Web,12.09,4,2108.3540000000003
CMD08651,2024-01-09,Léa Durand,Sport,Tapis de course,1,726.44,0.3,Italie,Magasin,2.41,5,508.508
CMD08652,2024-04-14,Léa Durand,Mode,Veste,5,809.72,0.1,Espagne,Magasin,13.27,4,3643.7400000000002
CMD08653,2024-08-23,Jean Dupont,Maison,Machine à café,3,187.93,0.2,Belgique,Magasin,7.03,1,451.032
CMD08654,2024-12-24,Carlos Gomez,Beauté,Rouge à lèvres,1,607.29,0.3,Espagne,Web,2.0,4,425.10299999999995
CMD08655,2024-04-22,Emma Rossi,Mode,Montre,1,1798.12,0.0,Suisse,Web,11.91,5,1798.12
CMD08656,2024-03-04,Lucie Martin,Maison,Lampadaire,3,1275.05,0.25,Allemagne,Web,11.84,5,2868.8624999999997
CMD08657,2024-06-05,Emma Rossi,Jouets,Lego,2,1310.05,0.2,Allemagne,Magasin,0.88,5,2096.08
CMD08658,2024-08-20,Paolo Bianchi,Mode,Sac à main,4,780.98,0.15,Espagne,Web,9.22,5,2655.332
CMD08659,2024-07-31,Nina Müller,Beauté,Sérum,1,402.46,0.15,Allemagne,Web,8.45,4,342.09099999999995
CMD08660,2024-03-28,Jean Dupont,Électronique,Ordinateur portable,5,1142.04,0.25,Italie,Magasin,5.87,3,4282.65
CMD08661,2024-06-20,Léa Durand,Jouets,Puzzle,3,362.38,0.15,Maroc,Web,8.7,5,924.0689999999998
CMD08662,2024-07-29,Sarah Moreau,Électronique,Smartphone,4,1343.85,0.25,Suisse,Web,3.76,4,4031.5499999999997
CMD08663,2024-06-18,Paolo Bianchi,Mode,Chaussures,1,945.2,0.3,Italie,Magasin,8.44,4,661.64
CMD08664,2024-10-08,Lucie Martin,Électronique,Smartphone,4,287.47,0.25,Italie,Web,4.77,4,862.4100000000001
CMD08665,2024-03-02,Emma Rossi,Jouets,Jeu de société,3,780.57,0.1,France,Magasin,10.61,5,2107.539
CMD08666,2024-09-26,Ali Benali,Maison,Machine à café,2,1291.03,0.1,Suisse,Web,4.06,3,2323.854
CMD08667,2024-01-05,Ali Benali,Sport,Vélo,5,1816.15,0.0,Belgique,App,13.46,5,9080.75
CMD08668,2024-02-20,Ali Benali,Jouets,Jeu de société,5,397.69,0.1,Suisse,App,11.9,4,1789.605
CMD08669,2024-04-01,Ali Benali,Maison,Machine à café,5,186.15,0.15,Maroc,Web,6.45,5,791.1374999999999
CMD08670,2024-12-13,Jean Dupont,Jouets,Voiture téléguidée,2,864.72,0.3,Suisse,Web,6.31,2,1210.608
CMD08671,2024-03-29,Paolo Bianchi,Mode,Veste,5,191.42,0.2,Belgique,Magasin,10.39,1,765.68
CMD08672,2024-06-23,Sarah Moreau,Électronique,Smartphone,3,799.04,0.15,Belgique,Magasin,2.72,3,2037.552
CMD08673,2024-03-26,Léa Durand,Maison,Ventilateur,1,479.77,0.05,France,Magasin,8.12,3,455.78149999999994
CMD08674,2024-06-11,Ali Benali,Électronique,Casque audio,5,1384.86,0.3,Espagne,App,8.71,2,4847.009999999999
CMD08675,2024-12-16,Jean Dupont,Électronique,TV 4K,3,343.61,0.0,Espagne,App,7.14,2,1030.83
CMD08676,2024-07-27,Jean Dupont,Jouets,Peluche,4,606.1,0.3,Suisse,App,7.57,5,1697.08
CMD08677,2024-06-21,Nina Müller,Mode,Veste,4,419.12,0.3,Suisse,Web,6.03,4,1173.5359999999998
CMD08678,2024-08-29,Jean Dupont,Mode,Chaussures,2,1959.92,0.2,France,App,12.08,3,3135.8720000000003
CMD08679,2024-01-21,Jean Dupont,Jouets,Lego,3,673.71,0.05,Belgique,App,9.34,4,1920.0735
CMD08680,2024-09-22,Carlos Gomez,Jouets,Peluche,1,1915.02,0.3,Belgique,App,11.88,4,1340.514
CMD08681,2024-09-01,Youssef El Amrani,Jouets,Jeu de société,5,688.26,0.0,France,App,4.23,1,3441.3
CMD08682,2024-06-21,Youssef El Amrani,Sport,Ballon,4,1682.55,0.25,Suisse,Magasin,1.9,2,5047.65
CMD08683,2024-07-31,Jean Dupont,Mode,Montre,4,851.62,0.1,Belgique,Web,2.29,2,3065.832
CMD08684,2024-01-06,Paolo Bianchi,Maison,Machine à café,1,774.74,0.0,Italie,App,4.25,3,774.74
CMD08685,2024-10-21,Carlos Gomez,Jouets,Jeu de société,3,1199.9,0.15,Espagne,Magasin,7.22,2,3059.7450000000003
CMD08686,2024-09-08,Nina Müller,Électronique,Casque audio,3,966.42,0.15,France,Magasin,14.72,2,2464.3709999999996
CMD08687,2024-02-13,Emma Rossi,Sport,Tapis de course,5,1954.81,0.05,Suisse,Magasin,2.76,5,9285.347499999998
CMD08688,2024-08-05,Léa Durand,Mode,Veste,5,328.64,0.3,Espagne,Magasin,1.91,1,1150.2399999999998
CMD08689,2024-08-10,Sarah Moreau,Beauté,Parfum,5,216.27,0.0,France,Web,14.03,4,1081.3500000000001
CMD08690,2024-04-11,Emma Rossi,Beauté,Rouge à lèvres,1,182.23,0.05,Maroc,Web,3.72,1,173.11849999999998
CMD08691,2024-08-25,Paolo Bianchi,Sport,Tapis de course,3,1232.85,0.3,Italie,Magasin,0.71,4,2588.9849999999997
CMD08692,2024-11-11,Paolo Bianchi,Sport,Ballon,1,1545.08,0.2,Espagne,Magasin,6.42,3,1236.064
CMD08693,2024-12-25,Léa Durand,Mode,Sac à main,2,1146.63,0.2,Belgique,Magasin,0.72,3,1834.6080000000002
CMD08694,2024-02-14,Paolo Bianchi,Maison,Mixeur,5,1763.67,0.05,Suisse,Magasin,13.1,5,8377.4325
CMD08695,2024-02-17,Carlos Gomez,Maison,Mixeur,5,110.74,0.1,Espagne,Web,14.74,4,498.3299999999999
CMD08696,2024-02-24,Carlos Gomez,Mode,Veste,3,557.1,0.1,Allemagne,Magasin,9.71,2,1504.1700000000003
CMD08697,2024-05-18,Sarah Moreau,Beauté,Sérum,1,96.3,0.05,Espagne,App,10.47,4,91.485
CMD08698,2024-02-18,Ali Benali,Électronique,TV 4K,3,1624.49,0.25,Italie,Magasin,3.93,2,3655.1025
CMD08699,2024-10-29,Lucie Martin,Sport,Ballon,5,800.56,0.25,Espagne,Web,2.25,1,3002.1
CMD08700,2024-03-11,Léa Durand,Mode,Chaussures,4,227.12,0.0,Italie,App,11.41,3,908.48
CMD08701,2024-01-06,Jean Dupont,Beauté,Sérum,2,834.86,0.25,Allemagne,App,1.03,3,1252.29
CMD08702,2024-05-26,Youssef El Amrani,Beauté,Rouge à lèvres,5,1011.97,0.05,Allemagne,Web,8.7,1,4806.8575
CMD08703,2024-12-07,Lucie Martin,Beauté,Rouge à lèvres,2,562.21,0.15,Espagne,App,4.73,3,955.7570000000001
CMD08704,2024-07-06,Sarah Moreau,Mode,Chaussures,4,1466.81,0.2,Suisse,Web,14.16,2,4693.792
CMD08705,2024-05-11,Emma Rossi,Jouets,Jeu de société,1,1461.6,0.15,France,App,2.43,2,1242.36
CMD08706,2024-10-15,Youssef El Amrani,Maison,Lampadaire,2,584.72,0.25,Suisse,Magasin,13.13,5,877.08
CMD08707,2024-11-10,Nina Müller,Beauté,Shampoing,3,558.29,0.05,Italie,Web,11.71,1,1591.1264999999999
CMD08708,2024-10-05,Carlos Gomez,Sport,Raquette,4,899.18,0.15,Maroc,Web,11.22,4,3057.2119999999995
CMD08709,2024-05-15,Emma Rossi,Maison,Aspirateur,5,1058.22,0.05,Espagne,Magasin,5.96,3,5026.545
CMD08710,2024-12-07,Ali Benali,Beauté,Shampoing,2,1401.42,0.0,Maroc,App,5.29,3,2802.84
CMD08711,2024-11-04,Carlos Gomez,Électronique,TV 4K,5,1071.22,0.25,Allemagne,App,6.82,4,4017.0750000000003
CMD08712,2024-05-09,Jean Dupont,Mode,Sac à main,4,168.8,0.15,Suisse,Web,12.34,1,573.9200000000001
CMD08713,2024-03-16,Lucie Martin,Maison,Machine à café,1,910.7,0.25,Maroc,Magasin,10.83,4,683.0250000000001
CMD08714,2024-06-09,Carlos Gomez,Maison,Machine à café,5,253.0,0.2,Belgique,App,3.89,4,1012.0
CMD08715,2024-10-09,Ali Benali,Sport,Raquette,1,627.68,0.05,Espagne,App,9.19,3,596.2959999999999
CMD08716,2024-01-11,Ali Benali,Électronique,TV 4K,3,112.35,0.05,Espagne,Magasin,11.28,1,320.19749999999993
CMD08717,2024-03-14,Léa Durand,Électronique,Casque audio,2,361.24,0.25,Italie,App,10.69,1,541.86
CMD08718,2024-10-15,Sarah Moreau,Jouets,Jeu de société,2,328.07,0.15,Espagne,Web,12.45,3,557.7189999999999
CMD08719,2024-08-28,Carlos Gomez,Électronique,TV 4K,1,594.62,0.15,France,Magasin,5.18,3,505.42699999999996
CMD08720,2024-06-07,Jean Dupont,Mode,Montre,3,1282.22,0.15,Espagne,Magasin,9.97,3,3269.6609999999996
CMD08721,2024-08-12,Lucie Martin,Maison,Aspirateur,4,1451.33,0.0,Maroc,App,14.04,1,5805.32
CMD08722,2024-09-04,Ali Benali,Jouets,Peluche,1,616.35,0.05,Belgique,App,12.67,4,585.5325
CMD08723,2024-09-21,Léa Durand,Mode,Chaussures,5,688.79,0.05,Espagne,Web,8.43,2,3271.7524999999996
CMD08724,2024-08-29,Lucie Martin,Jouets,Voiture téléguidée,2,1455.19,0.25,Suisse,App,1.54,2,2182.785
CMD08725,2024-03-28,Lucie Martin,Électronique,Tablette,5,663.16,0.15,France,Web,8.56,5,2818.43
CMD08726,2024-02-22,Ali Benali,Sport,Tapis de course,4,1043.59,0.25,France,App,3.92,4,3130.7699999999995
CMD08727,2024-02-18,Emma Rossi,Beauté,Crème visage,4,933.12,0.15,Suisse,Web,8.37,1,3172.6079999999997
CMD08728,2024-01-12,Sarah Moreau,Maison,Mixeur,4,10.03,0.25,Maroc,Magasin,13.97,4,30.089999999999996
CMD08729,2024-08-20,Paolo Bianchi,Beauté,Shampoing,1,672.08,0.15,France,Web,11.84,5,571.268
CMD08730,2024-09-17,Jean Dupont,Maison,Ventilateur,3,710.89,0.3,Italie,Web,3.18,5,1492.869
CMD08731,2024-08-05,Sarah Moreau,Sport,Raquette,2,1266.64,0.2,Italie,App,2.06,3,2026.6240000000003
CMD08732,2024-10-13,Léa Durand,Sport,Chaussures de sport,2,1207.96,0.2,Espagne,App,11.57,5,1932.736
CMD08733,2024-09-17,Youssef El Amrani,Beauté,Shampoing,1,94.56,0.05,Suisse,Web,8.22,2,89.832
CMD08734,2024-02-17,Sarah Moreau,Électronique,Smartphone,1,91.01,0.2,Suisse,Magasin,8.37,3,72.808
CMD08735,2024-01-22,Carlos Gomez,Beauté,Shampoing,5,1005.94,0.25,Allemagne,App,4.34,1,3772.2750000000005
CMD08736,2024-02-02,Youssef El Amrani,Mode,Veste,1,225.96,0.0,Suisse,App,3.85,3,225.96
CMD08737,2024-01-31,Youssef El Amrani,Électronique,TV 4K,1,1439.44,0.25,Allemagne,Magasin,3.83,5,1079.58
CMD08738,2024-01-20,Jean Dupont,Maison,Lampadaire,3,1212.22,0.0,Italie,Web,8.91,2,3636.66
CMD08739,2024-07-31,Ali Benali,Beauté,Sérum,3,1001.24,0.05,Allemagne,Web,10.39,5,2853.534
CMD08740,2024-11-27,Sarah Moreau,Sport,Chaussures de sport,2,331.33,0.0,Suisse,App,10.53,5,662.66
CMD08741,2024-05-17,Emma Rossi,Mode,Montre,4,508.86,0.2,Suisse,Magasin,3.2,1,1628.352
CMD08742,2024-03-17,Emma Rossi,Jouets,Lego,1,1379.94,0.0,Suisse,Web,1.4,3,1379.94
CMD08743,2024-11-15,Jean Dupont,Électronique,Tablette,1,1503.02,0.2,Allemagne,Web,8.13,3,1202.416
CMD08744,2024-08-21,Lucie Martin,Mode,Sac à main,2,851.15,0.2,France,Web,0.86,2,1361.8400000000001
CMD08745,2024-08-18,Sarah Moreau,Électronique,Casque audio,4,1905.36,0.15,France,App,2.04,4,6478.223999999999
CMD08746,2024-08-29,Jean Dupont,Électronique,Smartphone,4,1529.55,0.1,Suisse,Web,12.15,5,5506.38
CMD08747,2024-08-28,Ali Benali,Beauté,Parfum,3,941.8,0.1,Espagne,Magasin,0.52,5,2542.8599999999997
CMD08748,2024-03-20,Lucie Martin,Sport,Tapis de course,1,1769.19,0.3,Italie,Magasin,13.69,4,1238.433
CMD08749,2024-04-22,Ali Benali,Beauté,Rouge à lèvres,5,187.69,0.2,Maroc,Web,1.13,3,750.7600000000001
CMD08750,2024-08-25,Nina Müller,Électronique,Smartphone,3,712.38,0.2,Allemagne,Magasin,8.7,2,1709.712
CMD08751,2024-07-26,Carlos Gomez,Électronique,Smartphone,2,252.73,0.0,Suisse,Magasin,9.65,4,505.46
CMD08752,2024-12-14,Carlos Gomez,Mode,Montre,4,166.13,0.1,Allemagne,Web,13.5,4,598.068
CMD08753,2024-11-26,Emma Rossi,Électronique,Casque audio,3,1118.35,0.25,France,Magasin,0.25,3,2516.2875
CMD08754,2024-07-20,Carlos Gomez,Beauté,Sérum,5,1949.5,0.0,Espagne,Magasin,9.32,4,9747.5
CMD08755,2024-07-15,Ali Benali,Électronique,Ordinateur portable,3,453.11,0.05,France,Web,6.84,5,1291.3635
CMD08756,2024-03-26,Jean Dupont,Jouets,Lego,2,1283.87,0.3,Espagne,Web,12.89,3,1797.4179999999997
CMD08757,2024-10-21,Nina Müller,Mode,Veste,3,1518.12,0.25,Belgique,Magasin,12.49,1,3415.7699999999995
CMD08758,2024-10-06,Ali Benali,Mode,Sac à main,3,831.41,0.0,Maroc,Web,12.88,3,2494.23
CMD08759,2024-11-30,Lucie Martin,Jouets,Voiture téléguidée,4,1294.55,0.3,Allemagne,App,9.31,2,3624.74
CMD08760,2024-03-25,Carlos Gomez,Jouets,Lego,2,317.27,0.2,Allemagne,Web,3.22,2,507.632
CMD08761,2024-08-06,Emma Rossi,Jouets,Puzzle,3,1700.69,0.0,Italie,Magasin,6.22,1,5102.07
CMD08762,2024-02-12,Lucie Martin,Électronique,TV 4K,2,1175.6,0.15,Allemagne,Magasin,14.0,1,1998.5199999999998
CMD08763,2024-03-29,Youssef El Amrani,Mode,Montre,2,1988.43,0.3,Maroc,Magasin,1.29,4,2783.802
CMD08764,2024-07-14,Jean Dupont,Mode,Jean,5,674.13,0.05,Maroc,Web,6.49,3,3202.1175
CMD08765,2024-02-25,Ali Benali,Électronique,Tablette,2,694.21,0.2,Allemagne,Web,7.2,1,1110.736
CMD08766,2024-08-13,Carlos Gomez,Sport,Tapis de course,1,1311.21,0.1,Maroc,App,5.51,2,1180.0890000000002
CMD08767,2024-05-26,Léa Durand,Maison,Mixeur,5,48.2,0.2,France,App,6.18,4,192.8
CMD08768,2024-07-27,Emma Rossi,Maison,Machine à café,4,316.0,0.05,France,Web,14.61,3,1200.8
CMD08769,2024-10-29,Léa Durand,Électronique,Casque audio,2,1502.47,0.1,Suisse,Magasin,8.6,4,2704.446
CMD08770,2024-07-09,Lucie Martin,Maison,Machine à café,3,1854.52,0.0,Suisse,Magasin,9.69,5,5563.5599999999995
CMD08771,2024-05-04,Léa Durand,Beauté,Crème visage,2,65.49,0.3,Italie,Magasin,7.72,5,91.68599999999999
CMD08772,2024-03-26,Léa Durand,Maison,Lampadaire,1,127.76,0.1,France,App,9.31,2,114.98400000000001
CMD08773,2024-02-20,Jean Dupont,Mode,Montre,5,879.28,0.3,Maroc,App,8.69,3,3077.4799999999996
CMD08774,2024-09-25,Lucie Martin,Électronique,Tablette,3,1309.78,0.0,Belgique,Magasin,0.83,2,3929.34
CMD08775,2024-02-07,Lucie Martin,Sport,Ballon,4,1482.08,0.25,Maroc,Web,10.0,5,4446.24
CMD08776,2024-07-07,Carlos Gomez,Beauté,Shampoing,4,645.53,0.3,Suisse,App,7.7,2,1807.4839999999997
CMD08777,2024-01-21,Ali Benali,Jouets,Jeu de société,3,515.69,0.0,Suisse,App,10.69,4,1547.0700000000002
CMD08778,2024-02-15,Youssef El Amrani,Maison,Aspirateur,4,149.0,0.25,Suisse,App,1.86,4,447.0
CMD08779,2024-03-23,Youssef El Amrani,Beauté,Rouge à lèvres,4,739.99,0.15,Maroc,Web,6.33,2,2515.966
CMD08780,2024-12-01,Léa Durand,Mode,Veste,5,1839.42,0.0,Belgique,Magasin,0.07,4,9197.1
CMD08781,2024-01-11,Ali Benali,Mode,Montre,3,261.29,0.0,Espagne,Web,8.45,4,783.8700000000001
CMD08782,2024-11-11,Nina Müller,Jouets,Puzzle,4,151.16,0.2,Espagne,Magasin,10.47,2,483.712
CMD08783,2024-03-23,Nina Müller,Jouets,Puzzle,2,1442.0,0.1,Suisse,Web,8.68,3,2595.6
CMD08784,2024-02-25,Ali Benali,Mode,Jean,5,1424.13,0.15,Suisse,Magasin,4.98,2,6052.552500000001
CMD08785,2024-04-12,Nina Müller,Beauté,Parfum,1,662.89,0.15,Allemagne,Magasin,5.53,4,563.4565
CMD08786,2024-07-10,Carlos Gomez,Mode,Jean,5,1058.74,0.0,Italie,App,3.46,1,5293.7
CMD08787,2024-02-04,Paolo Bianchi,Mode,Jean,2,1663.66,0.25,Italie,Web,2.78,2,2495.4900000000002
CMD08788,2024-12-01,Sarah Moreau,Maison,Machine à café,2,176.94,0.25,Italie,Web,0.08,4,265.40999999999997
CMD08789,2024-11-23,Ali Benali,Jouets,Voiture téléguidée,3,910.72,0.0,Maroc,App,11.52,4,2732.16
CMD08790,2024-02-01,Jean Dupont,Beauté,Shampoing,4,1385.61,0.0,Espagne,App,10.41,1,5542.44
CMD08791,2024-05-19,Ali Benali,Maison,Lampadaire,3,191.65,0.15,Italie,Web,2.43,5,488.70750000000004
CMD08792,2024-11-27,Jean Dupont,Jouets,Jeu de société,5,1604.61,0.25,Belgique,App,9.11,3,6017.287499999999
CMD08793,2024-03-13,Sarah Moreau,Maison,Machine à café,5,1175.66,0.25,Espagne,App,12.0,2,4408.725
CMD08794,2024-11-22,Youssef El Amrani,Électronique,Tablette,1,674.18,0.1,Suisse,Web,4.82,3,606.762
CMD08795,2024-10-15,Sarah Moreau,Sport,Vélo,4,585.95,0.05,France,Magasin,4.47,3,2226.61
CMD08796,2024-11-01,Youssef El Amrani,Jouets,Peluche,5,1781.42,0.15,France,Web,6.88,2,7571.035
CMD08797,2024-09-17,Emma Rossi,Électronique,Tablette,2,1786.45,0.0,Italie,Web,10.99,2,3572.9
CMD08798,2024-09-04,Paolo Bianchi,Jouets,Jeu de société,1,1712.15,0.05,Espagne,Web,4.96,4,1626.5425
CMD08799,2024-08-27,Carlos Gomez,Sport,Chaussures de sport,1,273.38,0.0,Allemagne,App,4.12,4,273.38
CMD08800,2024-09-11,Ali Benali,Mode,Montre,5,668.71,0.1,Espagne,Magasin,6.22,5,3009.195
CMD08801,2024-11-10,Paolo Bianchi,Sport,Tapis de course,2,58.27,0.0,Italie,App,8.61,1,116.54
CMD08802,2024-08-21,Carlos Gomez,Maison,Machine à café,4,1169.29,0.3,Maroc,Web,13.04,5,3274.0119999999997
CMD08803,2024-05-25,Jean Dupont,Jouets,Puzzle,3,201.08,0.0,Belgique,Magasin,9.64,5,603.24
CMD08804,2024-06-15,Paolo Bianchi,Sport,Ballon,2,766.94,0.2,Italie,App,6.48,2,1227.104
CMD08805,2024-07-29,Jean Dupont,Jouets,Puzzle,2,229.37,0.0,Belgique,App,0.56,2,458.74
CMD08806,2024-02-18,Léa Durand,Beauté,Parfum,3,1712.97,0.0,Allemagne,Magasin,6.03,4,5138.91
CMD08807,2024-04-19,Sarah Moreau,Sport,Raquette,3,922.05,0.3,Espagne,App,10.02,1,1936.3049999999996
CMD08808,2024-08-11,Emma Rossi,Beauté,Crème visage,2,1028.0,0.2,France,Web,0.54,1,1644.8000000000002
CMD08809,2024-07-17,Carlos Gomez,Jouets,Peluche,3,1429.29,0.25,Belgique,App,0.79,4,3215.9025
CMD08810,2024-03-14,Youssef El Amrani,Sport,Raquette,3,1079.12,0.25,Allemagne,Magasin,1.55,5,2428.0199999999995
CMD08811,2024-05-27,Lucie Martin,Beauté,Sérum,3,1424.0,0.2,Maroc,Magasin,2.79,5,3417.6000000000004
CMD08812,2024-10-14,Jean Dupont,Maison,Lampadaire,5,1217.7,0.05,Italie,App,2.5,2,5784.075
CMD08813,2024-09-14,Sarah Moreau,Sport,Raquette,1,1816.45,0.25,Belgique,Magasin,13.43,2,1362.3375
CMD08814,2024-03-08,Emma Rossi,Beauté,Rouge à lèvres,1,804.01,0.0,Suisse,Web,7.28,5,804.01
CMD08815,2024-12-29,Léa Durand,Sport,Tapis de course,1,192.98,0.25,Italie,Web,9.24,2,144.73499999999999
CMD08816,2024-01-06,Emma Rossi,Électronique,Tablette,4,392.04,0.15,Maroc,App,8.05,5,1332.936
CMD08817,2024-04-22,Jean Dupont,Jouets,Lego,5,1742.77,0.3,Allemagne,Magasin,4.34,2,6099.695
CMD08818,2024-07-26,Sarah Moreau,Maison,Lampadaire,2,418.93,0.0,Suisse,Web,13.25,1,837.86
CMD08819,2024-08-15,Jean Dupont,Mode,Veste,4,1378.79,0.1,Allemagne,Web,14.0,2,4963.644
CMD08820,2024-03-22,Jean Dupont,Maison,Machine à café,4,1808.02,0.3,France,Magasin,9.48,2,5062.455999999999
CMD08821,2024-03-22,Paolo Bianchi,Maison,Ventilateur,5,1237.72,0.15,Suisse,App,14.01,2,5260.31
CMD08822,2024-07-01,Carlos Gomez,Jouets,Peluche,4,1400.9,0.2,Espagne,App,9.44,1,4482.88
CMD08823,2024-08-10,Emma Rossi,Maison,Lampadaire,1,857.5,0.3,Italie,Web,12.71,1,600.25
CMD08824,2024-05-09,Jean Dupont,Mode,Jean,5,1412.98,0.0,Espagne,Magasin,0.52,4,7064.9
CMD08825,2024-12-17,Sarah Moreau,Électronique,TV 4K,1,1004.89,0.2,France,Magasin,7.0,1,803.912
CMD08826,2024-01-19,Emma Rossi,Jouets,Jeu de société,1,330.81,0.3,Italie,Web,14.85,1,231.56699999999998
CMD08827,2024-04-06,Paolo Bianchi,Beauté,Shampoing,1,49.42,0.3,Allemagne,Magasin,4.18,5,34.594
CMD08828,2024-01-28,Sarah Moreau,Beauté,Shampoing,2,313.11,0.2,Belgique,Web,12.76,3,500.97600000000006
CMD08829,2024-04-02,Youssef El Amrani,Maison,Lampadaire,4,884.2,0.15,Espagne,Magasin,7.19,4,3006.28
CMD08830,2024-11-13,Sarah Moreau,Beauté,Shampoing,3,1951.51,0.25,Maroc,Magasin,14.63,4,4390.8975
CMD08831,2024-10-25,Sarah Moreau,Jouets,Peluche,2,1622.03,0.25,Allemagne,App,7.47,3,2433.045
CMD08832,2024-09-01,Nina Müller,Maison,Lampadaire,1,844.41,0.0,Suisse,Magasin,4.97,2,844.41
CMD08833,2024-07-26,Sarah Moreau,Jouets,Jeu de société,3,300.81,0.3,Suisse,Web,8.23,3,631.701
CMD08834,2024-09-03,Lucie Martin,Électronique,Casque audio,1,408.3,0.25,Italie,App,11.62,5,306.225
CMD08835,2024-03-13,Emma Rossi,Beauté,Parfum,1,1710.15,0.05,France,Magasin,13.98,4,1624.6425
CMD08836,2024-05-12,Nina Müller,Jouets,Jeu de société,3,149.55,0.0,Espagne,App,12.45,3,448.65000000000003
CMD08837,2024-05-16,Nina Müller,Jouets,Lego,2,1412.31,0.15,Allemagne,App,5.66,4,2400.9269999999997
CMD08838,2024-04-28,Lucie Martin,Maison,Mixeur,2,1426.74,0.0,Belgique,Web,4.17,1,2853.48
CMD08839,2024-02-24,Nina Müller,Mode,Sac à main,3,1710.91,0.05,Belgique,Magasin,5.89,5,4876.0935
CMD08840,2024-04-01,Jean Dupont,Mode,Jean,4,804.28,0.0,Maroc,Magasin,6.64,2,3217.12
CMD08841,2024-09-04,Carlos Gomez,Beauté,Parfum,3,320.02,0.05,Italie,App,13.09,1,912.0569999999999
CMD08842,2024-12-06,Emma Rossi,Maison,Lampadaire,1,99.86,0.05,Allemagne,App,11.14,1,94.86699999999999
CMD08843,2024-01-13,Jean Dupont,Mode,Montre,4,1725.86,0.15,Suisse,App,2.93,1,5867.923999999999
CMD08844,2024-01-26,Paolo Bianchi,Électronique,Tablette,2,1259.0,0.25,Maroc,Magasin,6.32,1,1888.5
CMD08845,2024-11-21,Sarah Moreau,Mode,Montre,5,191.54,0.25,Espagne,Magasin,6.1,4,718.275
CMD08846,2024-07-20,Jean Dupont,Électronique,Ordinateur portable,1,1247.5,0.15,Suisse,Web,7.73,1,1060.375
CMD08847,2024-09-18,Léa Durand,Mode,Sac à main,5,970.91,0.25,Italie,App,13.45,1,3640.9125000000004
CMD08848,2024-10-04,Ali Benali,Mode,Montre,2,149.68,0.15,Espagne,Web,2.32,4,254.45600000000002
CMD08849,2024-09-12,Paolo Bianchi,Sport,Raquette,4,247.06,0.25,Belgique,App,11.38,2,741.1800000000001
CMD08850,2024-01-23,Léa Durand,Mode,Chaussures,2,1812.66,0.1,Belgique,Magasin,3.38,3,3262.788
CMD08851,2024-07-25,Lucie Martin,Jouets,Jeu de société,1,1885.75,0.0,Italie,Web,11.21,2,1885.75
CMD08852,2024-02-04,Carlos Gomez,Mode,Veste,3,1029.79,0.3,Belgique,Magasin,1.1,5,2162.5589999999997
CMD08853,2024-11-25,Sarah Moreau,Électronique,Smartphone,5,1100.7,0.1,Maroc,Magasin,6.13,3,4953.150000000001
CMD08854,2024-09-29,Ali Benali,Mode,Montre,4,1642.59,0.2,Suisse,App,13.94,1,5256.2880000000005
CMD08855,2024-06-02,Léa Durand,Mode,Veste,3,1556.77,0.0,Maroc,App,5.8,1,4670.3099999999995
CMD08856,2024-01-13,Youssef El Amrani,Sport,Ballon,5,1684.82,0.0,France,Web,14.57,2,8424.1
CMD08857,2024-04-20,Emma Rossi,Beauté,Sérum,1,1927.74,0.2,France,Web,14.01,3,1542.192
CMD08858,2024-12-02,Paolo Bianchi,Mode,Sac à main,1,1654.71,0.2,Suisse,Magasin,4.27,4,1323.768
CMD08859,2024-09-17,Nina Müller,Maison,Lampadaire,4,948.83,0.05,Allemagne,Web,1.63,3,3605.554
CMD08860,2024-12-05,Sarah Moreau,Mode,Veste,2,629.94,0.2,Italie,Web,6.32,5,1007.9040000000001
CMD08861,2024-10-25,Nina Müller,Beauté,Rouge à lèvres,5,1016.61,0.3,Maroc,Web,9.46,5,3558.1349999999998
CMD08862,2024-03-05,Nina Müller,Électronique,TV 4K,4,1388.93,0.1,Allemagne,Magasin,5.09,2,5000.148
CMD08863,2024-01-27,Youssef El Amrani,Mode,Jean,3,759.11,0.0,Espagne,Magasin,14.52,2,2277.33
CMD08864,2024-09-28,Paolo Bianchi,Électronique,Smartphone,2,1169.85,0.3,Suisse,Web,0.67,2,1637.7899999999997
CMD08865,2024-05-01,Ali Benali,Mode,Jean,4,1478.32,0.05,Suisse,Magasin,9.45,5,5617.615999999999
CMD08866,2024-03-15,Emma Rossi,Mode,Montre,5,1577.94,0.1,Belgique,Magasin,2.52,4,7100.7300000000005
CMD08867,2024-11-15,Lucie Martin,Mode,Chaussures,2,766.8,0.3,France,Magasin,7.85,2,1073.52
CMD08868,2024-09-02,Youssef El Amrani,Beauté,Sérum,5,1980.88,0.25,France,Web,1.95,2,7428.300000000001
CMD08869,2024-01-05,Léa Durand,Maison,Ventilateur,4,706.41,0.05,Belgique,Web,1.99,2,2684.3579999999997
CMD08870,2024-08-22,Ali Benali,Beauté,Parfum,3,1868.55,0.1,Allemagne,App,0.44,2,5045.085
CMD08871,2024-07-16,Jean Dupont,Électronique,Ordinateur portable,1,1012.08,0.25,Italie,Web,0.86,5,759.0600000000001
CMD08872,2024-11-15,Emma Rossi,Beauté,Rouge à lèvres,1,562.61,0.2,Maroc,Magasin,11.63,3,450.088
CMD08873,2024-05-12,Emma Rossi,Sport,Raquette,2,1470.41,0.0,France,Web,11.41,1,2940.82
CMD08874,2024-01-31,Ali Benali,Sport,Ballon,4,330.59,0.2,Espagne,Web,3.08,3,1057.888
CMD08875,2024-05-18,Jean Dupont,Électronique,Smartphone,3,1191.22,0.2,Belgique,Magasin,0.39,4,2858.928
CMD08876,2024-01-21,Sarah Moreau,Jouets,Jeu de société,3,79.35,0.2,Italie,Magasin,1.54,2,190.44
CMD08877,2024-10-10,Emma Rossi,Jouets,Puzzle,3,1990.64,0.25,Suisse,Magasin,4.66,4,4478.9400000000005
CMD08878,2024-05-21,Sarah Moreau,Mode,Veste,4,1503.3,0.3,France,Web,11.73,5,4209.24
CMD08879,2024-07-09,Sarah Moreau,Maison,Lampadaire,3,335.25,0.15,Espagne,App,5.24,1,854.8874999999999
CMD08880,2024-11-14,Jean Dupont,Sport,Tapis de course,1,1594.84,0.25,Italie,Magasin,11.82,1,1196.1299999999999
CMD08881,2024-05-21,Nina Müller,Électronique,Smartphone,2,1055.98,0.05,Suisse,Magasin,11.46,3,2006.3619999999999
CMD08882,2024-09-01,Sarah Moreau,Jouets,Puzzle,2,904.34,0.25,France,App,13.13,1,1356.51
CMD08883,2024-03-06,Paolo Bianchi,Jouets,Voiture téléguidée,3,1778.08,0.1,Suisse,App,0.1,3,4800.816
CMD08884,2024-05-09,Carlos Gomez,Beauté,Crème visage,3,669.83,0.15,Espagne,App,4.8,4,1708.0665000000001
CMD08885,2024-06-01,Sarah Moreau,Sport,Raquette,5,994.92,0.25,Allemagne,Magasin,8.18,4,3730.95
CMD08886,2024-01-21,Ali Benali,Beauté,Parfum,2,667.01,0.25,Italie,Web,10.83,3,1000.515
CMD08887,2024-02-02,Youssef El Amrani,Électronique,Ordinateur portable,5,1590.87,0.2,Maroc,App,7.0,3,6363.48
CMD08888,2024-12-03,Jean Dupont,Électronique,TV 4K,4,1695.32,0.1,Suisse,Web,10.56,5,6103.152
CMD08889,2024-10-26,Paolo Bianchi,Électronique,TV 4K,5,926.93,0.0,Suisse,Magasin,4.08,5,4634.65
CMD08890,2024-04-18,Youssef El Amrani,Sport,Raquette,3,1588.84,0.15,Allemagne,App,4.19,3,4051.5419999999995
CMD08891,2024-10-15,Youssef El Amrani,Maison,Lampadaire,5,545.17,0.05,Suisse,Magasin,6.79,1,2589.5575
CMD08892,2024-01-25,Emma Rossi,Jouets,Puzzle,3,383.07,0.3,Suisse,App,12.96,1,804.447
CMD08893,2024-05-29,Léa Durand,Maison,Aspirateur,1,114.36,0.15,Belgique,Web,12.96,3,97.206
CMD08894,2024-12-06,Léa Durand,Sport,Ballon,1,1077.68,0.2,Italie,App,13.55,5,862.1440000000001
CMD08895,2024-11-16,Sarah Moreau,Mode,Montre,4,1145.0,0.05,Suisse,App,11.0,5,4351.0
CMD08896,2024-12-03,Nina Müller,Maison,Aspirateur,1,557.56,0.1,Maroc,Web,5.2,3,501.804
CMD08897,2024-12-22,Jean Dupont,Maison,Aspirateur,4,1818.06,0.2,France,App,10.97,4,5817.792
CMD08898,2024-08-30,Jean Dupont,Jouets,Puzzle,1,221.79,0.25,Maroc,Web,11.03,5,166.3425
CMD08899,2024-05-26,Emma Rossi,Sport,Vélo,5,975.93,0.2,France,Web,14.33,5,3903.72
CMD08900,2024-05-05,Léa Durand,Électronique,Smartphone,1,83.13,0.1,Espagne,App,0.74,3,74.817
CMD08901,2024-02-14,Paolo Bianchi,Sport,Ballon,1,1753.93,0.2,Belgique,App,4.53,4,1403.1440000000002
CMD08902,2024-09-27,Emma Rossi,Mode,Chaussures,3,1169.09,0.3,Allemagne,Magasin,14.13,2,2455.0889999999995
CMD08903,2024-02-12,Youssef El Amrani,Sport,Chaussures de sport,4,1102.84,0.15,Belgique,Web,5.57,5,3749.6559999999995
CMD08904,2024-04-16,Léa Durand,Beauté,Rouge à lèvres,4,830.69,0.25,Italie,App,10.08,5,2492.07
CMD08905,2024-03-21,Léa Durand,Maison,Machine à café,3,1386.03,0.0,Maroc,App,0.51,2,4158.09
CMD08906,2024-10-22,Paolo Bianchi,Jouets,Voiture téléguidée,4,528.55,0.2,Belgique,Magasin,11.46,1,1691.36
CMD08907,2024-05-06,Emma Rossi,Jouets,Jeu de société,4,272.01,0.3,Italie,App,12.06,2,761.6279999999999
CMD08908,2024-09-09,Léa Durand,Beauté,Crème visage,3,604.98,0.1,Suisse,Magasin,7.15,1,1633.4460000000001
CMD08909,2024-03-07,Nina Müller,Électronique,Casque audio,2,378.92,0.15,Belgique,App,0.03,2,644.164
CMD08910,2024-11-14,Nina Müller,Mode,Jean,2,866.76,0.2,Belgique,Web,5.16,3,1386.816
CMD08911,2024-01-23,Youssef El Amrani,Beauté,Shampoing,3,927.79,0.0,Suisse,Magasin,11.91,5,2783.37
CMD08912,2024-11-02,Nina Müller,Mode,Montre,1,240.61,0.25,Espagne,Web,10.69,3,180.4575
CMD08913,2024-07-19,Léa Durand,Beauté,Parfum,5,1714.07,0.05,Maroc,App,9.64,2,8141.8324999999995
CMD08914,2024-08-16,Léa Durand,Jouets,Jeu de société,3,617.83,0.05,France,Magasin,9.91,1,1760.8155000000002
CMD08915,2024-01-13,Emma Rossi,Mode,Sac à main,3,609.26,0.2,Espagne,App,10.85,5,1462.2240000000002
CMD08916,2024-05-27,Ali Benali,Beauté,Crème visage,5,1510.03,0.3,Suisse,App,1.16,3,5285.105
CMD08917,2024-10-16,Carlos Gomez,Beauté,Sérum,3,1328.59,0.2,France,Web,13.0,3,3188.616
CMD08918,2024-03-13,Youssef El Amrani,Mode,Sac à main,2,282.88,0.05,Italie,App,1.34,1,537.472
CMD08919,2024-04-03,Emma Rossi,Mode,Sac à main,2,1307.24,0.0,Belgique,Magasin,10.22,1,2614.48
CMD08920,2024-02-23,Youssef El Amrani,Mode,Veste,2,1008.46,0.1,Belgique,Magasin,4.49,2,1815.228
CMD08921,2024-07-05,Emma Rossi,Électronique,Casque audio,4,1419.26,0.05,Maroc,App,7.12,2,5393.188
CMD08922,2024-08-02,Ali Benali,Maison,Lampadaire,3,1583.0,0.3,Maroc,Magasin,4.99,1,3324.2999999999997
CMD08923,2024-11-18,Léa Durand,Jouets,Peluche,1,1037.22,0.0,Maroc,App,4.52,1,1037.22
CMD08924,2024-01-19,Emma Rossi,Beauté,Crème visage,2,163.43,0.05,Espagne,Web,12.98,2,310.517
CMD08925,2024-05-23,Jean Dupont,Beauté,Rouge à lèvres,1,666.89,0.2,Suisse,App,2.69,1,533.5120000000001
CMD08926,2024-05-22,Emma Rossi,Électronique,TV 4K,4,1433.9,0.1,France,Web,1.24,1,5162.040000000001
CMD08927,2024-08-15,Nina Müller,Maison,Aspirateur,4,1522.97,0.3,Allemagne,Magasin,0.49,3,4264.316
CMD08928,2024-02-27,Youssef El Amrani,Beauté,Sérum,5,477.9,0.1,Suisse,Magasin,3.42,1,2150.55
CMD08929,2024-02-25,Ali Benali,Électronique,Tablette,2,1109.23,0.1,France,App,9.11,4,1996.614
CMD08930,2024-10-13,Sarah Moreau,Mode,Chaussures,3,925.02,0.1,Maroc,App,5.57,4,2497.554
CMD08931,2024-08-04,Nina Müller,Sport,Raquette,5,1686.04,0.25,Allemagne,App,2.78,4,6322.650000000001
CMD08932,2024-05-01,Paolo Bianchi,Sport,Ballon,3,196.23,0.3,Suisse,Magasin,4.91,1,412.0829999999999
CMD08933,2024-10-08,Lucie Martin,Beauté,Parfum,3,500.51,0.05,Italie,App,5.21,4,1426.4534999999998
CMD08934,2024-02-26,Sarah Moreau,Mode,Sac à main,5,1525.28,0.3,Italie,Magasin,2.59,5,5338.48
CMD08935,2024-07-12,Sarah Moreau,Électronique,Smartphone,1,1549.15,0.1,France,Web,3.47,1,1394.2350000000001
CMD08936,2024-10-26,Emma Rossi,Mode,Montre,5,1615.82,0.25,Suisse,App,7.14,5,6059.325
CMD08937,2024-01-13,Nina Müller,Maison,Mixeur,3,1227.69,0.1,Belgique,Magasin,2.5,5,3314.7630000000004
CMD08938,2024-04-22,Nina Müller,Jouets,Peluche,2,1355.17,0.25,France,App,4.35,1,2032.755
CMD08939,2024-03-08,Youssef El Amrani,Maison,Mixeur,2,255.47,0.3,Suisse,Magasin,10.98,4,357.65799999999996
CMD08940,2024-08-14,Emma Rossi,Électronique,Tablette,5,577.33,0.1,Italie,App,12.23,3,2597.985
CMD08941,2024-01-15,Emma Rossi,Mode,Montre,3,1725.09,0.05,Espagne,App,12.01,4,4916.5064999999995
CMD08942,2024-09-01,Paolo Bianchi,Électronique,Ordinateur portable,4,514.73,0.05,Belgique,App,4.55,5,1955.974
CMD08943,2024-05-05,Nina Müller,Maison,Aspirateur,4,1396.71,0.05,Allemagne,Magasin,12.48,5,5307.498
CMD08944,2024-03-13,Youssef El Amrani,Sport,Vélo,4,1904.37,0.0,France,Magasin,12.51,3,7617.48
CMD08945,2024-04-26,Léa Durand,Mode,Chaussures,4,1896.75,0.05,Italie,Web,5.54,4,7207.65
CMD08946,2024-10-05,Jean Dupont,Électronique,Smartphone,5,1459.66,0.3,Italie,App,9.53,2,5108.8099999999995
CMD08947,2024-12-01,Paolo Bianchi,Jouets,Voiture téléguidée,1,454.93,0.15,Espagne,App,3.31,4,386.6905
CMD08948,2024-12-09,Sarah Moreau,Électronique,Ordinateur portable,3,1702.02,0.2,Suisse,App,1.54,3,4084.848
CMD08949,2024-09-30,Ali Benali,Sport,Raquette,3,847.73,0.05,Italie,Magasin,11.05,1,2416.0305
CMD08950,2024-12-26,Léa Durand,Maison,Ventilateur,1,446.93,0.0,Italie,Magasin,11.16,5,446.93
CMD08951,2024-11-17,Nina Müller,Maison,Machine à café,4,1008.62,0.15,Maroc,App,14.47,3,3429.308
CMD08952,2024-04-04,Ali Benali,Maison,Ventilateur,2,232.68,0.05,Espagne,App,11.25,4,442.092
CMD08953,2024-04-18,Emma Rossi,Mode,Chaussures,4,1327.07,0.25,Italie,Web,2.62,3,3981.21
CMD08954,2024-04-03,Lucie Martin,Électronique,Casque audio,3,1964.71,0.0,France,Magasin,8.5,4,5894.13
CMD08955,2024-02-03,Paolo Bianchi,Jouets,Lego,3,525.69,0.25,Italie,Web,13.51,3,1182.8025000000002
CMD08956,2024-09-02,Jean Dupont,Sport,Ballon,1,1874.36,0.05,Belgique,Magasin,9.55,2,1780.6419999999998
CMD08957,2024-07-11,Ali Benali,Mode,Montre,5,501.51,0.05,Belgique,Web,7.32,1,2382.1725
CMD08958,2024-10-20,Léa Durand,Électronique,Ordinateur portable,3,723.04,0.1,Espagne,Web,7.47,3,1952.2079999999999
CMD08959,2024-07-06,Nina Müller,Sport,Vélo,2,32.32,0.3,Belgique,Magasin,10.1,2,45.248
CMD08960,2024-12-10,Carlos Gomez,Électronique,TV 4K,1,141.02,0.0,France,Magasin,2.08,1,141.02
CMD08961,2024-08-12,Lucie Martin,Beauté,Parfum,2,1742.98,0.25,Allemagne,App,6.7,3,2614.4700000000003
CMD08962,2024-08-10,Paolo Bianchi,Électronique,Tablette,5,1009.63,0.0,Allemagne,App,8.45,4,5048.15
CMD08963,2024-12-18,Nina Müller,Jouets,Jeu de société,2,1289.93,0.2,France,App,8.79,4,2063.8880000000004
CMD08964,2024-04-10,Lucie Martin,Mode,Veste,3,1277.68,0.15,Belgique,Magasin,10.58,2,3258.084
CMD08965,2024-03-21,Ali Benali,Sport,Vélo,2,597.8,0.1,Italie,Web,4.81,1,1076.04
CMD08966,2024-03-30,Nina Müller,Jouets,Voiture téléguidée,4,1751.21,0.05,Belgique,App,2.19,2,6654.598
CMD08967,2024-01-26,Léa Durand,Mode,Sac à main,3,1715.1,0.1,Belgique,Magasin,0.21,2,4630.7699999999995
CMD08968,2024-01-21,Emma Rossi,Maison,Machine à café,4,1816.76,0.05,Belgique,Magasin,1.81,2,6903.687999999999
CMD08969,2024-11-09,Sarah Moreau,Mode,Sac à main,5,1088.17,0.15,Suisse,Web,2.52,1,4624.7225
CMD08970,2024-07-10,Lucie Martin,Sport,Ballon,5,1760.37,0.25,Italie,Web,11.92,4,6601.387499999999
CMD08971,2024-04-13,Lucie Martin,Jouets,Lego,4,1155.04,0.25,Allemagne,App,14.32,4,3465.12
CMD08972,2024-05-05,Carlos Gomez,Sport,Ballon,2,764.38,0.25,France,Web,1.21,4,1146.57
CMD08973,2024-03-30,Ali Benali,Jouets,Voiture téléguidée,3,1975.89,0.05,France,Magasin,12.02,3,5631.2865
CMD08974,2024-03-24,Carlos Gomez,Beauté,Parfum,4,97.82,0.1,France,Magasin,10.63,1,352.152
CMD08975,2024-08-04,Paolo Bianchi,Mode,Veste,3,929.54,0.1,Belgique,App,7.38,1,2509.758
CMD08976,2024-08-01,Lucie Martin,Jouets,Peluche,5,715.53,0.25,Espagne,Web,4.32,3,2683.2374999999997
CMD08977,2024-10-16,Lucie Martin,Jouets,Lego,4,802.22,0.3,Maroc,Web,11.13,1,2246.216
CMD08978,2024-04-15,Jean Dupont,Électronique,Ordinateur portable,1,1939.96,0.2,Allemagne,Web,13.38,2,1551.968
CMD08979,2024-09-07,Jean Dupont,Beauté,Shampoing,3,1279.58,0.3,Espagne,App,14.78,1,2687.1179999999995
CMD08980,2024-03-26,Nina Müller,Mode,Montre,1,931.58,0.1,Maroc,App,5.9,3,838.422
CMD08981,2024-09-08,Léa Durand,Beauté,Sérum,2,393.64,0.3,France,App,7.72,5,551.0959999999999
CMD08982,2024-06-17,Sarah Moreau,Jouets,Jeu de société,2,1092.5,0.3,Espagne,Magasin,12.01,1,1529.5
CMD08983,2024-03-17,Emma Rossi,Beauté,Parfum,2,1463.41,0.25,Allemagne,Magasin,1.36,3,2195.1150000000002
CMD08984,2024-10-21,Nina Müller,Beauté,Crème visage,4,321.9,0.0,Italie,Web,10.6,3,1287.6
CMD08985,2024-07-09,Youssef El Amrani,Jouets,Voiture téléguidée,3,489.2,0.1,France,Web,10.93,4,1320.84
CMD08986,2024-08-29,Nina Müller,Mode,Jean,4,1250.66,0.15,Espagne,App,10.66,1,4252.244000000001
CMD08987,2024-12-24,Lucie Martin,Beauté,Sérum,4,1856.84,0.1,Maroc,Magasin,4.08,4,6684.624
CMD08988,2024-10-28,Youssef El Amrani,Sport,Raquette,1,1940.61,0.25,Espagne,App,3.35,3,1455.4575
CMD08989,2024-06-05,Youssef El Amrani,Maison,Mixeur,4,225.68,0.2,France,App,9.54,1,722.176
CMD08990,2024-03-14,Carlos Gomez,Maison,Machine à café,3,1204.57,0.3,Italie,App,5.95,3,2529.5969999999998
CMD08991,2024-01-02,Jean Dupont,Électronique,Ordinateur portable,1,736.13,0.2,Suisse,Magasin,13.96,4,588.904
CMD08992,2024-06-26,Léa Durand,Beauté,Sérum,5,944.2,0.15,Allemagne,Magasin,7.48,3,4012.85
CMD08993,2024-03-29,Youssef El Amrani,Beauté,Sérum,3,948.74,0.05,France,Web,13.37,4,2703.909
CMD08994,2024-01-12,Paolo Bianchi,Sport,Tapis de course,3,1040.82,0.3,Allemagne,App,7.39,2,2185.7219999999998
CMD08995,2024-06-04,Emma Rossi,Beauté,Parfum,3,1285.29,0.25,France,App,8.84,2,2891.9025
CMD08996,2024-04-22,Paolo Bianchi,Jouets,Puzzle,5,1267.0,0.0,Italie,App,5.72,4,6335.0
CMD08997,2024-07-19,Sarah Moreau,Sport,Tapis de course,1,623.2,0.25,Allemagne,Web,10.37,2,467.40000000000003
CMD08998,2024-12-22,Ali Benali,Mode,Chaussures,3,1449.29,0.0,Espagne,Web,12.76,4,4347.87
CMD08999,2024-04-20,Paolo Bianchi,Maison,Aspirateur,1,997.44,0.25,Espagne,Magasin,6.79,2,748.08
CMD09000,2024-10-17,Sarah Moreau,Jouets,Peluche,1,637.77,0.1,Belgique,Magasin,9.26,5,573.993
CMD09001,2024-08-07,Ali Benali,Sport,Ballon,3,875.51,0.05,Maroc,Magasin,11.23,4,2495.2034999999996
CMD09002,2024-10-14,Youssef El Amrani,Maison,Mixeur,4,1702.02,0.25,France,App,12.74,3,5106.0599999999995
CMD09003,2024-12-05,Nina Müller,Maison,Aspirateur,4,517.64,0.2,France,Magasin,6.76,2,1656.448
CMD09004,2024-06-04,Ali Benali,Électronique,Casque audio,3,1443.27,0.2,Maroc,App,11.48,3,3463.848
CMD09005,2024-04-28,Ali Benali,Maison,Mixeur,2,1524.45,0.25,France,Web,7.23,1,2286.675
CMD09006,2024-03-22,Léa Durand,Maison,Lampadaire,4,1904.48,0.05,France,App,7.32,2,7237.023999999999
CMD09007,2024-11-30,Paolo Bianchi,Jouets,Lego,2,1593.82,0.25,Maroc,Web,8.74,5,2390.73
CMD09008,2024-12-28,Youssef El Amrani,Mode,Jean,5,996.78,0.0,Allemagne,Web,2.72,5,4983.9
CMD09009,2024-11-08,Ali Benali,Mode,Sac à main,3,1170.75,0.2,Italie,Web,9.92,4,2809.8
CMD09010,2024-07-10,Ali Benali,Électronique,Smartphone,4,1317.52,0.1,France,Magasin,8.76,2,4743.072
CMD09011,2024-03-05,Léa Durand,Jouets,Voiture téléguidée,4,697.81,0.0,Maroc,App,2.97,2,2791.24
CMD09012,2024-08-17,Sarah Moreau,Beauté,Crème visage,2,1226.52,0.2,Italie,Magasin,5.99,4,1962.432
CMD09013,2024-12-19,Sarah Moreau,Électronique,Casque audio,4,1811.68,0.1,Suisse,Magasin,10.14,1,6522.048000000001
CMD09014,2024-11-25,Youssef El Amrani,Sport,Raquette,3,354.88,0.1,Allemagne,App,4.35,3,958.1759999999999
CMD09015,2024-12-17,Youssef El Amrani,Sport,Raquette,5,756.15,0.25,France,Magasin,8.31,1,2835.5625
CMD09016,2024-07-25,Léa Durand,Mode,Sac à main,5,181.99,0.25,Italie,Magasin,2.38,2,682.4625000000001
CMD09017,2024-11-18,Sarah Moreau,Sport,Tapis de course,4,1235.91,0.1,Italie,App,4.59,5,4449.276000000001
CMD09018,2024-04-06,Carlos Gomez,Mode,Chaussures,2,99.34,0.25,Belgique,App,3.66,2,149.01
CMD09019,2024-11-30,Nina Müller,Jouets,Jeu de société,5,929.76,0.15,Espagne,App,10.82,5,3951.48
CMD09020,2024-03-29,Léa Durand,Beauté,Parfum,5,1381.1,0.05,Allemagne,App,1.84,3,6560.224999999999
CMD09021,2024-05-27,Nina Müller,Mode,Sac à main,1,1118.4,0.25,France,Web,10.44,3,838.8000000000001
CMD09022,2024-11-07,Ali Benali,Électronique,Tablette,4,283.06,0.25,Allemagne,Magasin,0.0,5,849.1800000000001
CMD09023,2024-07-17,Jean Dupont,Sport,Tapis de course,5,1075.76,0.05,Espagne,Web,7.76,3,5109.86
CMD09024,2024-06-05,Emma Rossi,Jouets,Puzzle,4,1801.46,0.05,Belgique,Magasin,5.88,3,6845.548
CMD09025,2024-04-29,Paolo Bianchi,Maison,Machine à café,4,898.03,0.3,Maroc,App,0.55,1,2514.484
CMD09026,2024-07-29,Carlos Gomez,Sport,Raquette,3,1707.48,0.05,Maroc,Web,14.79,5,4866.318
CMD09027,2024-06-13,Paolo Bianchi,Beauté,Sérum,1,553.77,0.2,France,Web,7.29,3,443.016
CMD09028,2024-11-13,Emma Rossi,Sport,Raquette,3,224.84,0.0,France,Magasin,8.56,5,674.52
CMD09029,2024-09-12,Carlos Gomez,Maison,Ventilateur,5,1920.77,0.05,Suisse,Web,8.79,3,9123.6575
CMD09030,2024-07-07,Jean Dupont,Beauté,Parfum,2,98.32,0.2,Maroc,Web,9.72,2,157.312
CMD09031,2024-10-06,Lucie Martin,Sport,Raquette,2,1830.06,0.15,Maroc,App,12.5,4,3111.102
CMD09032,2024-01-13,Jean Dupont,Sport,Raquette,1,754.27,0.2,Allemagne,App,14.96,1,603.416
CMD09033,2024-07-22,Léa Durand,Mode,Chaussures,5,963.25,0.25,France,Magasin,9.82,3,3612.1875
CMD09034,2024-09-23,Ali Benali,Électronique,Casque audio,3,1507.61,0.1,Italie,Magasin,6.82,2,4070.547
CMD09035,2024-11-23,Jean Dupont,Beauté,Parfum,4,1880.14,0.15,France,Magasin,8.08,2,6392.476000000001
CMD09036,2024-07-12,Carlos Gomez,Mode,Sac à main,4,1588.24,0.1,Allemagne,Magasin,4.22,3,5717.664
CMD09037,2024-03-03,Youssef El Amrani,Mode,Sac à main,1,1117.15,0.2,Allemagne,Web,4.4,2,893.7200000000001
CMD09038,2024-03-04,Paolo Bianchi,Maison,Lampadaire,1,283.34,0.1,Italie,App,7.1,5,255.00599999999997
CMD09039,2024-02-14,Jean Dupont,Électronique,Tablette,1,759.99,0.15,Espagne,Web,3.88,2,645.9915
CMD09040,2024-05-31,Paolo Bianchi,Beauté,Shampoing,5,1770.25,0.15,Maroc,App,11.19,4,7523.5625
CMD09041,2024-10-15,Paolo Bianchi,Sport,Tapis de course,5,1170.39,0.3,Suisse,Magasin,8.74,4,4096.365000000001
CMD09042,2024-06-20,Youssef El Amrani,Mode,Sac à main,4,1744.18,0.1,Belgique,App,9.31,5,6279.048000000001
CMD09043,2024-07-31,Emma Rossi,Maison,Ventilateur,5,1545.79,0.15,Belgique,Magasin,8.95,4,6569.6075
CMD09044,2024-10-15,Emma Rossi,Sport,Chaussures de sport,3,337.88,0.3,Suisse,App,1.68,2,709.548
CMD09045,2024-02-21,Lucie Martin,Maison,Lampadaire,4,639.55,0.3,France,App,0.27,4,1790.7399999999998
CMD09046,2024-10-14,Emma Rossi,Sport,Tapis de course,4,1787.21,0.15,Suisse,Web,2.06,4,6076.514
CMD09047,2024-08-08,Nina Müller,Beauté,Rouge à lèvres,5,101.41,0.2,Maroc,Web,13.95,1,405.64
CMD09048,2024-12-21,Youssef El Amrani,Électronique,TV 4K,5,406.96,0.05,Belgique,App,1.54,5,1933.06
CMD09049,2024-06-02,Sarah Moreau,Maison,Aspirateur,2,425.13,0.05,Italie,App,13.9,1,807.747
CMD09050,2024-06-28,Youssef El Amrani,Sport,Raquette,2,1050.18,0.25,Allemagne,App,9.48,3,1575.27
CMD09051,2024-12-20,Jean Dupont,Maison,Lampadaire,2,1199.84,0.0,Allemagne,App,5.91,1,2399.68
CMD09052,2024-10-28,Carlos Gomez,Mode,Sac à main,4,484.93,0.1,Espagne,Magasin,9.0,4,1745.748
CMD09053,2024-09-15,Sarah Moreau,Maison,Aspirateur,3,1500.06,0.15,Italie,App,6.83,3,3825.1530000000002
CMD09054,2024-05-13,Youssef El Amrani,Maison,Machine à café,2,104.55,0.15,Espagne,Magasin,1.9,1,177.73499999999999
CMD09055,2024-07-06,Youssef El Amrani,Mode,Jean,4,1642.09,0.25,Suisse,Web,1.17,5,4926.2699999999995
CMD09056,2024-11-25,Youssef El Amrani,Beauté,Crème visage,1,113.33,0.05,France,Magasin,4.77,1,107.6635
CMD09057,2024-08-23,Emma Rossi,Jouets,Voiture téléguidée,2,412.95,0.2,Maroc,App,8.69,5,660.72
CMD09058,2024-06-14,Jean Dupont,Électronique,Smartphone,4,1236.91,0.2,Italie,App,4.59,2,3958.1120000000005
CMD09059,2024-03-22,Jean Dupont,Électronique,TV 4K,4,1644.2,0.05,Espagne,Web,1.12,2,6247.96
CMD09060,2024-08-29,Lucie Martin,Maison,Mixeur,5,763.45,0.3,Belgique,Magasin,0.55,4,2672.075
CMD09061,2024-05-06,Carlos Gomez,Beauté,Shampoing,3,288.76,0.25,Italie,Web,6.87,2,649.71
CMD09062,2024-06-11,Paolo Bianchi,Sport,Tapis de course,1,1478.01,0.15,Allemagne,Web,5.84,2,1256.3084999999999
CMD09063,2024-02-18,Lucie Martin,Électronique,TV 4K,3,1721.92,0.0,Allemagne,Web,12.41,4,5165.76
CMD09064,2024-06-17,Lucie Martin,Maison,Ventilateur,2,1356.76,0.15,Suisse,Web,12.84,4,2306.4919999999997
CMD09065,2024-07-01,Youssef El Amrani,Jouets,Peluche,3,571.95,0.3,Espagne,Web,12.65,4,1201.095
CMD09066,2024-11-12,Ali Benali,Beauté,Parfum,2,668.77,0.15,Italie,App,12.97,4,1136.9089999999999
CMD09067,2024-03-31,Youssef El Amrani,Maison,Machine à café,1,1190.09,0.1,Suisse,App,4.23,1,1071.081
CMD09068,2024-09-19,Nina Müller,Maison,Lampadaire,2,649.65,0.0,Espagne,Magasin,9.43,3,1299.3
CMD09069,2024-02-14,Paolo Bianchi,Beauté,Crème visage,2,1692.89,0.25,Suisse,Web,0.11,5,2539.335
CMD09070,2024-06-06,Nina Müller,Maison,Aspirateur,1,517.82,0.3,Maroc,App,6.85,2,362.474
CMD09071,2024-04-19,Ali Benali,Beauté,Shampoing,3,887.76,0.1,Belgique,App,10.58,3,2396.9519999999998
CMD09072,2024-11-14,Sarah Moreau,Électronique,Tablette,5,307.79,0.2,Belgique,Web,5.2,2,1231.16
CMD09073,2024-11-04,Jean Dupont,Sport,Raquette,1,89.61,0.05,Espagne,Magasin,0.89,5,85.1295
CMD09074,2024-05-15,Nina Müller,Jouets,Puzzle,2,978.72,0.15,Allemagne,App,1.65,1,1663.824
CMD09075,2024-07-09,Sarah Moreau,Maison,Machine à café,4,279.2,0.15,Belgique,Magasin,4.13,5,949.28
CMD09076,2024-10-09,Carlos Gomez,Électronique,TV 4K,4,1443.58,0.25,Espagne,App,12.43,3,4330.74
CMD09077,2024-08-02,Lucie Martin,Mode,Chaussures,2,87.83,0.25,Belgique,App,13.88,1,131.745
CMD09078,2024-09-22,Lucie Martin,Jouets,Puzzle,1,350.3,0.3,France,Web,10.8,2,245.20999999999998
CMD09079,2024-01-22,Carlos Gomez,Mode,Montre,3,1117.72,0.3,France,App,2.24,4,2347.2119999999995
CMD09080,2024-06-15,Sarah Moreau,Beauté,Shampoing,2,191.03,0.2,Belgique,Magasin,3.31,2,305.648
CMD09081,2024-10-16,Paolo Bianchi,Jouets,Voiture téléguidée,1,240.15,0.25,France,App,2.37,3,180.1125
CMD09082,2024-11-14,Jean Dupont,Sport,Ballon,3,176.61,0.2,Belgique,Web,14.99,5,423.86400000000003
CMD09083,2024-09-11,Paolo Bianchi,Maison,Ventilateur,2,1634.57,0.1,Italie,Web,5.28,5,2942.226
CMD09084,2024-12-22,Ali Benali,Jouets,Voiture téléguidée,1,250.02,0.0,Maroc,Web,6.78,4,250.02
CMD09085,2024-06-20,Emma Rossi,Jouets,Lego,2,1232.71,0.2,Maroc,Web,6.28,5,1972.3360000000002
CMD09086,2024-03-22,Emma Rossi,Beauté,Shampoing,5,1135.65,0.05,Italie,App,4.65,5,5394.3375
CMD09087,2024-08-23,Lucie Martin,Beauté,Parfum,3,463.54,0.1,Allemagne,Web,14.25,3,1251.5580000000002
CMD09088,2024-10-07,Jean Dupont,Maison,Ventilateur,3,784.86,0.25,Maroc,Web,0.54,3,1765.935
CMD09089,2024-10-31,Paolo Bianchi,Jouets,Jeu de société,3,798.36,0.25,Espagne,Magasin,9.47,5,1796.31
CMD09090,2024-06-05,Carlos Gomez,Électronique,TV 4K,3,560.2,0.1,Espagne,Web,4.63,5,1512.5400000000002
CMD09091,2024-09-27,Youssef El Amrani,Beauté,Sérum,5,1323.37,0.1,Allemagne,Web,2.41,2,5955.165
CMD09092,2024-08-03,Ali Benali,Beauté,Sérum,3,451.42,0.05,Allemagne,Web,12.56,1,1286.547
CMD09093,2024-07-03,Carlos Gomez,Jouets,Puzzle,2,1961.04,0.25,France,App,13.85,2,2941.56
CMD09094,2024-05-26,Ali Benali,Mode,Montre,2,1472.41,0.0,France,App,10.04,1,2944.82
CMD09095,2024-01-22,Paolo Bianchi,Jouets,Puzzle,2,1495.06,0.05,Suisse,Web,3.1,2,2840.6139999999996
CMD09096,2024-02-19,Léa Durand,Mode,Montre,1,251.91,0.15,Belgique,App,6.34,1,214.12349999999998
CMD09097,2024-03-15,Ali Benali,Maison,Mixeur,5,1616.98,0.3,Belgique,Web,8.35,5,5659.429999999999
CMD09098,2024-09-06,Nina Müller,Jouets,Peluche,5,396.94,0.0,Allemagne,App,12.38,2,1984.7
CMD09099,2024-08-02,Léa Durand,Électronique,Ordinateur portable,2,1238.78,0.2,Allemagne,Web,9.03,5,1982.048
CMD09100,2024-01-29,Ali Benali,Jouets,Jeu de société,3,1018.94,0.05,Italie,App,3.01,1,2903.979
CMD09101,2024-11-11,Sarah Moreau,Sport,Tapis de course,1,1767.33,0.0,Espagne,App,10.63,1,1767.33
CMD09102,2024-10-18,Lucie Martin,Mode,Chaussures,4,1044.91,0.1,Maroc,Magasin,7.13,3,3761.6760000000004
CMD09103,2024-11-16,Sarah Moreau,Électronique,Smartphone,3,397.89,0.2,Belgique,Magasin,7.45,5,954.9360000000001
CMD09104,2024-07-07,Léa Durand,Électronique,TV 4K,5,526.4,0.0,France,Magasin,5.34,5,2632.0
CMD09105,2024-11-10,Sarah Moreau,Jouets,Puzzle,2,863.39,0.2,Espagne,Web,1.24,1,1381.424
CMD09106,2024-02-03,Léa Durand,Mode,Sac à main,2,1244.41,0.0,Belgique,Magasin,6.48,4,2488.82
CMD09107,2024-08-28,Carlos Gomez,Beauté,Parfum,2,1963.57,0.15,Allemagne,Magasin,13.55,3,3338.069
CMD09108,2024-02-29,Youssef El Amrani,Mode,Montre,4,807.88,0.2,Maroc,Web,6.91,2,2585.2160000000003
CMD09109,2024-02-24,Ali Benali,Mode,Veste,3,966.68,0.05,Allemagne,Web,9.27,5,2755.038
CMD09110,2024-01-30,Léa Durand,Sport,Vélo,2,1022.94,0.1,France,Web,11.74,5,1841.2920000000001
CMD09111,2024-12-24,Emma Rossi,Électronique,Ordinateur portable,1,90.69,0.25,Espagne,Web,6.12,1,68.0175
CMD09112,2024-01-13,Lucie Martin,Mode,Montre,5,1492.21,0.05,Espagne,App,13.48,2,7087.9974999999995
CMD09113,2024-04-13,Sarah Moreau,Mode,Montre,1,163.54,0.2,Espagne,App,2.98,4,130.832
CMD09114,2024-06-17,Paolo Bianchi,Beauté,Rouge à lèvres,5,1406.15,0.1,Suisse,Magasin,9.44,1,6327.675
CMD09115,2024-09-04,Lucie Martin,Maison,Machine à café,2,293.27,0.25,Allemagne,App,5.21,2,439.905
CMD09116,2024-10-09,Paolo Bianchi,Mode,Jean,1,527.77,0.05,Belgique,Web,11.29,5,501.38149999999996
CMD09117,2024-03-11,Carlos Gomez,Jouets,Jeu de société,4,1711.39,0.1,Suisse,App,12.47,2,6161.004000000001
CMD09118,2024-10-23,Carlos Gomez,Jouets,Jeu de société,3,1157.09,0.2,Belgique,Web,14.77,5,2777.0159999999996
CMD09119,2024-07-21,Nina Müller,Jouets,Voiture téléguidée,4,1479.85,0.05,Suisse,App,2.54,2,5623.429999999999
CMD09120,2024-06-20,Ali Benali,Électronique,Casque audio,2,961.18,0.2,Italie,Magasin,7.68,2,1537.888
CMD09121,2024-09-10,Jean Dupont,Jouets,Jeu de société,3,1767.01,0.05,Suisse,Web,10.77,3,5035.978499999999
CMD09122,2024-08-11,Jean Dupont,Maison,Aspirateur,2,1658.52,0.2,Espagne,Web,5.0,4,2653.632
CMD09123,2024-06-06,Youssef El Amrani,Maison,Ventilateur,4,521.35,0.2,Suisse,Web,9.81,2,1668.3200000000002
CMD09124,2024-06-22,Ali Benali,Sport,Vélo,1,746.86,0.15,Suisse,App,12.65,3,634.831
CMD09125,2024-12-15,Paolo Bianchi,Sport,Raquette,4,440.61,0.1,Belgique,Magasin,11.26,2,1586.1960000000001
CMD09126,2024-08-03,Sarah Moreau,Beauté,Parfum,4,433.8,0.25,Maroc,App,0.64,3,1301.4
CMD09127,2024-01-01,Nina Müller,Mode,Chaussures,4,1831.44,0.15,Suisse,Web,13.83,5,6226.896
CMD09128,2024-07-09,Paolo Bianchi,Électronique,Smartphone,4,1783.59,0.15,Italie,Web,6.85,1,6064.205999999999
CMD09129,2024-01-24,Lucie Martin,Beauté,Crème visage,1,1346.29,0.3,Italie,Web,6.68,2,942.4029999999999
CMD09130,2024-05-23,Nina Müller,Jouets,Jeu de société,2,753.29,0.1,Maroc,Web,10.25,1,1355.922
CMD09131,2024-02-21,Jean Dupont,Beauté,Rouge à lèvres,4,439.23,0.1,Suisse,App,14.37,1,1581.228
CMD09132,2024-11-22,Ali Benali,Électronique,TV 4K,5,1960.61,0.1,Espagne,App,12.91,2,8822.744999999999
CMD09133,2024-11-12,Youssef El Amrani,Sport,Ballon,3,1564.62,0.25,Espagne,App,4.16,4,3520.3949999999995
CMD09134,2024-05-04,Ali Benali,Mode,Jean,3,591.94,0.25,Suisse,Magasin,8.73,1,1331.8650000000002
CMD09135,2024-04-28,Sarah Moreau,Jouets,Puzzle,4,1490.95,0.0,Italie,Web,6.13,3,5963.8
CMD09136,2024-05-03,Jean Dupont,Électronique,TV 4K,4,123.58,0.25,Allemagne,Web,10.82,3,370.74
CMD09137,2024-06-08,Youssef El Amrani,Sport,Vélo,4,667.89,0.1,Belgique,Magasin,1.81,5,2404.404
CMD09138,2024-02-06,Emma Rossi,Maison,Lampadaire,5,1936.5,0.3,Espagne,Web,9.03,2,6777.75
CMD09139,2024-03-23,Emma Rossi,Beauté,Sérum,4,1331.74,0.3,France,Magasin,11.64,1,3728.872
CMD09140,2024-07-04,Léa Durand,Sport,Ballon,2,1858.2,0.1,Allemagne,App,13.7,3,3344.76
CMD09141,2024-04-23,Emma Rossi,Maison,Mixeur,5,195.2,0.1,France,Magasin,9.68,4,878.4
CMD09142,2024-09-30,Emma Rossi,Mode,Montre,5,845.64,0.05,Suisse,Web,12.99,3,4016.7899999999995
CMD09143,2024-07-05,Jean Dupont,Sport,Ballon,5,990.1,0.15,France,App,3.91,2,4207.925
CMD09144,2024-07-02,Carlos Gomez,Beauté,Parfum,5,447.96,0.2,Maroc,Web,14.64,1,1791.84
CMD09145,2024-12-17,Jean Dupont,Maison,Machine à café,1,108.28,0.2,France,Web,14.51,2,86.62400000000001
CMD09146,2024-06-30,Nina Müller,Maison,Aspirateur,1,1039.06,0.05,Belgique,App,0.93,4,987.1069999999999
CMD09147,2024-09-20,Léa Durand,Sport,Vélo,2,1324.56,0.25,Espagne,Magasin,7.29,1,1986.84
CMD09148,2024-11-10,Jean Dupont,Sport,Raquette,3,1432.36,0.0,Belgique,Web,9.28,1,4297.08
CMD09149,2024-05-22,Emma Rossi,Sport,Ballon,1,157.96,0.1,Belgique,Web,1.38,5,142.16400000000002
CMD09150,2024-04-26,Ali Benali,Mode,Veste,4,1420.65,0.1,Allemagne,App,10.43,1,5114.34
CMD09151,2024-12-28,Emma Rossi,Beauté,Shampoing,3,319.58,0.05,Allemagne,Web,13.76,3,910.803
CMD09152,2024-11-05,Lucie Martin,Électronique,Tablette,2,805.99,0.1,Allemagne,Web,7.63,1,1450.7820000000002
CMD09153,2024-07-09,Sarah Moreau,Maison,Lampadaire,4,1355.6,0.1,Espagne,Magasin,10.77,4,4880.16
CMD09154,2024-01-09,Carlos Gomez,Sport,Chaussures de sport,2,465.38,0.0,Belgique,Magasin,0.11,1,930.76
CMD09155,2024-01-10,Lucie Martin,Maison,Machine à café,3,795.95,0.15,Allemagne,Web,5.31,2,2029.6725000000004
CMD09156,2024-08-15,Ali Benali,Beauté,Shampoing,1,532.21,0.3,Belgique,Web,11.69,2,372.547
CMD09157,2024-07-28,Nina Müller,Sport,Ballon,5,197.32,0.0,Belgique,Magasin,14.71,1,986.5999999999999
CMD09158,2024-12-12,Ali Benali,Mode,Montre,2,1678.48,0.2,Belgique,Magasin,12.06,1,2685.568
CMD09159,2024-05-09,Carlos Gomez,Maison,Ventilateur,4,1021.3,0.3,Belgique,Web,2.42,1,2859.64
CMD09160,2024-10-30,Nina Müller,Sport,Raquette,5,108.74,0.2,Espagne,App,0.52,1,434.96
CMD09161,2024-04-12,Nina Müller,Mode,Montre,5,60.33,0.25,Suisse,Magasin,12.15,4,226.23749999999998
CMD09162,2024-09-14,Youssef El Amrani,Mode,Montre,1,707.36,0.2,Espagne,Web,10.02,5,565.888
CMD09163,2024-06-12,Ali Benali,Jouets,Lego,3,161.59,0.05,Espagne,App,2.61,3,460.53149999999994
CMD09164,2024-03-25,Paolo Bianchi,Maison,Machine à café,3,620.26,0.25,France,App,10.87,4,1395.585
CMD09165,2024-10-16,Jean Dupont,Sport,Raquette,3,1549.32,0.2,Maroc,Web,1.69,3,3718.3680000000004
CMD09166,2024-04-25,Carlos Gomez,Jouets,Lego,4,1312.91,0.1,Maroc,Magasin,2.76,1,4726.476000000001
CMD09167,2024-07-07,Nina Müller,Électronique,Tablette,4,1774.15,0.25,France,App,8.35,5,5322.450000000001
CMD09168,2024-01-10,Paolo Bianchi,Électronique,Tablette,5,805.02,0.15,Allemagne,Magasin,5.28,4,3421.335
CMD09169,2024-08-17,Lucie Martin,Sport,Chaussures de sport,3,566.57,0.2,Espagne,App,9.18,2,1359.768
CMD09170,2024-10-08,Youssef El Amrani,Jouets,Lego,1,431.12,0.3,Allemagne,Web,6.75,4,301.784
CMD09171,2024-07-07,Nina Müller,Sport,Vélo,2,91.73,0.25,Belgique,App,10.16,4,137.595
CMD09172,2024-05-09,Sarah Moreau,Jouets,Peluche,2,1691.97,0.2,Maroc,Web,2.47,5,2707.152
CMD09173,2024-06-01,Paolo Bianchi,Mode,Sac à main,5,466.02,0.0,Espagne,Magasin,13.79,1,2330.1
CMD09174,2024-01-03,Lucie Martin,Jouets,Jeu de société,1,1718.1,0.3,Belgique,Magasin,8.58,1,1202.6699999999998
CMD09175,2024-11-14,Paolo Bianchi,Électronique,Tablette,1,1702.62,0.15,France,Magasin,7.43,2,1447.2269999999999
CMD09176,2024-09-25,Sarah Moreau,Sport,Raquette,5,1497.89,0.0,Suisse,Web,13.38,1,7489.450000000001
CMD09177,2024-12-24,Carlos Gomez,Électronique,Tablette,3,1262.16,0.15,France,Web,11.37,1,3218.5080000000003
CMD09178,2024-06-11,Sarah Moreau,Électronique,Casque audio,2,1494.01,0.15,Suisse,Magasin,7.16,4,2539.817
CMD09179,2024-02-16,Emma Rossi,Maison,Mixeur,5,1330.73,0.0,Espagne,Magasin,14.53,1,6653.65
CMD09180,2024-03-22,Sarah Moreau,Électronique,Ordinateur portable,2,1733.27,0.1,Espagne,Magasin,14.18,3,3119.886
CMD09181,2024-06-12,Carlos Gomez,Sport,Vélo,2,1761.04,0.15,Belgique,Web,12.15,5,2993.768
CMD09182,2024-03-13,Youssef El Amrani,Maison,Machine à café,1,1252.3,0.25,Belgique,App,7.74,1,939.2249999999999
CMD09183,2024-07-26,Nina Müller,Beauté,Parfum,5,732.15,0.0,Suisse,Web,13.53,5,3660.75
CMD09184,2024-10-19,Carlos Gomez,Sport,Chaussures de sport,4,1371.1,0.3,Maroc,Magasin,12.31,3,3839.0799999999995
CMD09185,2024-08-26,Paolo Bianchi,Beauté,Parfum,1,678.85,0.25,Espagne,Magasin,13.63,2,509.13750000000005
CMD09186,2024-08-26,Youssef El Amrani,Maison,Machine à café,4,1017.74,0.1,Suisse,App,0.96,4,3663.864
CMD09187,2024-10-08,Nina Müller,Électronique,Smartphone,1,386.38,0.15,Espagne,Web,10.03,2,328.423
CMD09188,2024-02-24,Ali Benali,Mode,Sac à main,3,1363.92,0.3,Suisse,Magasin,14.85,4,2864.232
CMD09189,2024-08-25,Ali Benali,Maison,Lampadaire,4,1735.52,0.0,Espagne,Web,2.91,5,6942.08
CMD09190,2024-08-22,Jean Dupont,Mode,Chaussures,2,1128.22,0.1,France,App,14.62,1,2030.796
CMD09191,2024-05-19,Carlos Gomez,Sport,Vélo,1,1091.5,0.2,Allemagne,Web,14.58,5,873.2
CMD09192,2024-12-09,Paolo Bianchi,Électronique,Ordinateur portable,1,1283.15,0.0,Italie,Magasin,0.88,3,1283.15
CMD09193,2024-08-04,Carlos Gomez,Mode,Veste,5,700.55,0.3,Allemagne,App,12.26,1,2451.9249999999997
CMD09194,2024-10-22,Lucie Martin,Électronique,TV 4K,2,529.55,0.3,Maroc,App,12.45,5,741.3699999999999
CMD09195,2024-07-05,Sarah Moreau,Mode,Veste,2,91.2,0.3,Belgique,App,6.64,5,127.67999999999999
CMD09196,2024-07-21,Youssef El Amrani,Électronique,Casque audio,5,956.23,0.3,Italie,Magasin,8.47,4,3346.8049999999994
CMD09197,2024-12-27,Nina Müller,Mode,Veste,3,954.66,0.0,France,Web,1.56,3,2863.98
CMD09198,2024-11-26,Sarah Moreau,Électronique,TV 4K,4,1867.24,0.3,Italie,App,10.4,1,5228.272
CMD09199,2024-09-26,Lucie Martin,Maison,Ventilateur,5,1542.55,0.1,France,Magasin,3.45,5,6941.475
CMD09200,2024-04-15,Ali Benali,Électronique,Smartphone,5,73.05,0.2,Belgique,Web,5.94,1,292.2
CMD09201,2024-10-03,Nina Müller,Sport,Ballon,1,564.88,0.25,France,Magasin,2.6,3,423.65999999999997
CMD09202,2024-03-25,Carlos Gomez,Jouets,Puzzle,5,743.56,0.3,Italie,App,5.58,5,2602.4599999999996
CMD09203,2024-03-26,Jean Dupont,Sport,Vélo,4,1362.55,0.25,Italie,Web,1.02,5,4087.6499999999996
CMD09204,2024-04-26,Sarah Moreau,Électronique,Tablette,2,1869.93,0.25,Italie,App,12.58,1,2804.895
CMD09205,2024-06-13,Léa Durand,Sport,Ballon,2,733.7,0.25,Belgique,Magasin,14.32,4,1100.5500000000002
CMD09206,2024-03-17,Léa Durand,Mode,Jean,4,1798.89,0.2,Espagne,Web,8.59,3,5756.448
CMD09207,2024-05-30,Ali Benali,Sport,Ballon,3,1188.11,0.25,Allemagne,Web,6.88,5,2673.2475
CMD09208,2024-03-13,Lucie Martin,Sport,Ballon,4,414.44,0.15,Espagne,Web,12.85,3,1409.096
CMD09209,2024-10-11,Jean Dupont,Jouets,Lego,4,1703.54,0.0,Allemagne,Web,6.68,1,6814.16
CMD09210,2024-04-01,Carlos Gomez,Maison,Machine à café,4,708.79,0.25,Belgique,App,4.48,2,2126.37
CMD09211,2024-04-10,Jean Dupont,Beauté,Parfum,4,13.71,0.3,Maroc,Web,1.1,5,38.388
CMD09212,2024-09-14,Léa Durand,Maison,Lampadaire,3,774.13,0.3,Belgique,App,1.73,1,1625.6729999999998
CMD09213,2024-02-09,Paolo Bianchi,Électronique,TV 4K,5,531.54,0.15,Suisse,Magasin,5.16,2,2259.0449999999996
CMD09214,2024-11-09,Nina Müller,Sport,Raquette,1,813.8,0.05,Belgique,Magasin,5.2,5,773.1099999999999
CMD09215,2024-06-07,Youssef El Amrani,Sport,Tapis de course,1,1626.12,0.2,Suisse,Web,3.64,3,1300.896
CMD09216,2024-06-10,Lucie Martin,Beauté,Shampoing,1,464.11,0.05,Espagne,Magasin,8.6,5,440.9045
CMD09217,2024-01-03,Ali Benali,Sport,Chaussures de sport,5,857.74,0.15,Suisse,App,2.4,1,3645.3949999999995
CMD09218,2024-11-12,Nina Müller,Électronique,Tablette,2,1929.16,0.3,Italie,App,13.86,1,2700.824
CMD09219,2024-10-24,Lucie Martin,Maison,Machine à café,2,713.28,0.2,Italie,Web,3.55,2,1141.248
CMD09220,2024-10-06,Paolo Bianchi,Sport,Vélo,2,1635.31,0.25,Belgique,App,1.31,2,2452.965
CMD09221,2024-01-20,Emma Rossi,Mode,Chaussures,5,1072.51,0.15,Maroc,App,2.3,3,4558.1675000000005
CMD09222,2024-10-25,Jean Dupont,Beauté,Sérum,2,1098.57,0.3,Italie,Magasin,14.45,4,1537.9979999999998
CMD09223,2024-05-27,Sarah Moreau,Jouets,Peluche,2,46.44,0.15,Allemagne,App,4.65,5,78.948
CMD09224,2024-11-21,Youssef El Amrani,Électronique,Smartphone,5,173.83,0.2,Suisse,Magasin,0.09,4,695.3200000000002
CMD09225,2024-07-22,Léa Durand,Mode,Montre,5,1535.92,0.2,Suisse,Magasin,9.55,2,6143.68
CMD09226,2024-12-11,Ali Benali,Jouets,Jeu de société,4,1798.56,0.25,Suisse,Magasin,8.0,3,5395.68
CMD09227,2024-11-08,Paolo Bianchi,Sport,Vélo,4,1204.71,0.15,Maroc,Web,13.77,2,4096.014
CMD09228,2024-05-12,Lucie Martin,Jouets,Peluche,5,1919.6,0.2,Allemagne,Web,7.5,4,7678.400000000001
CMD09229,2024-07-01,Emma Rossi,Électronique,Ordinateur portable,4,1079.86,0.1,Suisse,Magasin,9.02,5,3887.4959999999996
CMD09230,2024-12-08,Sarah Moreau,Jouets,Puzzle,1,1373.4,0.25,Belgique,Magasin,14.95,1,1030.0500000000002
CMD09231,2024-11-30,Lucie Martin,Mode,Montre,3,1153.43,0.25,Belgique,App,6.8,3,2595.2174999999997
CMD09232,2024-01-03,Youssef El Amrani,Beauté,Sérum,1,433.07,0.15,Belgique,Magasin,12.14,5,368.10949999999997
CMD09233,2024-09-16,Lucie Martin,Maison,Mixeur,2,218.71,0.0,Italie,Magasin,2.16,4,437.42
CMD09234,2024-11-24,Carlos Gomez,Sport,Chaussures de sport,2,535.15,0.2,France,Web,9.08,5,856.24
CMD09235,2024-10-18,Emma Rossi,Mode,Jean,3,584.58,0.25,Allemagne,App,12.46,4,1315.3050000000003
CMD09236,2024-06-16,Youssef El Amrani,Mode,Sac à main,1,1468.77,0.1,Belgique,Magasin,11.28,5,1321.893
CMD09237,2024-02-14,Jean Dupont,Jouets,Voiture téléguidée,5,1643.51,0.3,Suisse,Magasin,10.81,2,5752.284999999999
CMD09238,2024-10-06,Lucie Martin,Maison,Aspirateur,3,1782.77,0.05,Allemagne,App,3.66,3,5080.894499999999
CMD09239,2024-02-18,Léa Durand,Sport,Raquette,5,757.36,0.1,Italie,App,1.79,1,3408.1200000000003
CMD09240,2024-12-03,Paolo Bianchi,Sport,Tapis de course,1,1818.87,0.15,Maroc,App,8.45,5,1546.0394999999999
CMD09241,2024-06-01,Lucie Martin,Sport,Chaussures de sport,1,861.15,0.3,Italie,App,9.08,4,602.805
CMD09242,2024-03-26,Carlos Gomez,Sport,Chaussures de sport,3,1895.18,0.2,Maroc,App,2.21,1,4548.432
CMD09243,2024-11-30,Lucie Martin,Maison,Machine à café,5,1264.63,0.2,Espagne,App,10.21,4,5058.52
CMD09244,2024-01-05,Ali Benali,Jouets,Voiture téléguidée,1,1411.47,0.05,Suisse,Magasin,9.28,4,1340.8965
CMD09245,2024-12-23,Paolo Bianchi,Jouets,Lego,3,917.03,0.3,France,Web,9.76,2,1925.763
CMD09246,2024-10-10,Emma Rossi,Maison,Aspirateur,4,1105.81,0.05,France,Magasin,4.71,1,4202.0779999999995
CMD09247,2024-06-21,Nina Müller,Beauté,Sérum,3,110.44,0.15,Maroc,Web,7.21,4,281.622
CMD09248,2024-10-22,Lucie Martin,Maison,Ventilateur,5,1216.37,0.2,France,Magasin,12.34,5,4865.48
CMD09249,2024-01-14,Lucie Martin,Sport,Vélo,2,1702.86,0.1,Allemagne,Magasin,2.85,1,3065.1479999999997
CMD09250,2024-11-18,Emma Rossi,Sport,Ballon,4,1517.77,0.2,Espagne,Magasin,6.26,3,4856.8640000000005
CMD09251,2024-12-11,Léa Durand,Beauté,Rouge à lèvres,2,146.86,0.05,Espagne,Web,9.3,1,279.034
CMD09252,2024-02-23,Emma Rossi,Mode,Jean,1,1705.15,0.15,Italie,Magasin,14.14,2,1449.3775
CMD09253,2024-04-16,Sarah Moreau,Maison,Lampadaire,5,1297.61,0.2,Italie,App,11.05,5,5190.44
CMD09254,2024-08-18,Paolo Bianchi,Beauté,Rouge à lèvres,2,1092.56,0.05,Maroc,App,12.16,5,2075.8639999999996
CMD09255,2024-07-09,Nina Müller,Sport,Tapis de course,4,245.06,0.25,Espagne,Web,3.02,1,735.1800000000001
CMD09256,2024-11-12,Jean Dupont,Sport,Chaussures de sport,2,1240.47,0.3,Belgique,Magasin,14.34,3,1736.658
CMD09257,2024-02-07,Youssef El Amrani,Mode,Sac à main,2,1145.53,0.15,France,App,4.37,1,1947.4009999999998
CMD09258,2024-04-01,Léa Durand,Beauté,Rouge à lèvres,5,1082.78,0.25,Espagne,Web,11.8,5,4060.4249999999997
CMD09259,2024-10-13,Jean Dupont,Sport,Tapis de course,5,784.45,0.15,Espagne,Web,8.29,3,3333.9125
CMD09260,2024-01-31,Carlos Gomez,Jouets,Jeu de société,3,421.2,0.1,Espagne,Magasin,9.36,1,1137.24
CMD09261,2024-07-03,Léa Durand,Beauté,Shampoing,2,1547.12,0.1,Allemagne,Web,14.87,1,2784.816
CMD09262,2024-01-26,Nina Müller,Jouets,Voiture téléguidée,5,1118.58,0.05,France,Magasin,9.1,1,5313.254999999999
CMD09263,2024-08-26,Carlos Gomez,Électronique,Smartphone,4,359.5,0.3,Belgique,Web,9.75,3,1006.5999999999999
CMD09264,2024-11-10,Ali Benali,Mode,Montre,1,1913.56,0.25,Italie,Magasin,10.82,4,1435.17
CMD09265,2024-05-31,Youssef El Amrani,Maison,Mixeur,1,709.02,0.0,France,Magasin,11.11,5,709.02
CMD09266,2024-10-05,Ali Benali,Beauté,Rouge à lèvres,2,1365.22,0.1,Italie,App,12.41,3,2457.396
CMD09267,2024-11-06,Carlos Gomez,Électronique,Tablette,4,1809.07,0.1,Suisse,App,10.55,1,6512.652
CMD09268,2024-05-23,Nina Müller,Jouets,Puzzle,3,945.73,0.05,Allemagne,Web,2.24,4,2695.3305
CMD09269,2024-06-16,Emma Rossi,Beauté,Crème visage,3,718.29,0.3,Belgique,Web,6.86,2,1508.4089999999999
CMD09270,2024-05-02,Lucie Martin,Sport,Vélo,5,1352.91,0.25,France,Web,11.31,5,5073.4125
CMD09271,2024-12-17,Carlos Gomez,Électronique,Smartphone,4,1549.19,0.25,France,Web,11.67,4,4647.57
CMD09272,2024-01-16,Youssef El Amrani,Maison,Aspirateur,5,26.07,0.3,Italie,Web,4.93,4,91.24499999999999
CMD09273,2024-07-02,Youssef El Amrani,Jouets,Voiture téléguidée,4,261.35,0.05,Italie,Web,13.61,2,993.13
CMD09274,2024-09-28,Nina Müller,Sport,Vélo,1,1177.24,0.05,Italie,Web,1.55,2,1118.378
CMD09275,2024-11-24,Paolo Bianchi,Maison,Ventilateur,1,1126.66,0.15,Italie,Web,1.98,4,957.6610000000001
CMD09276,2024-12-27,Sarah Moreau,Mode,Veste,1,1084.7,0.3,Italie,Magasin,7.9,1,759.29
CMD09277,2024-06-07,Lucie Martin,Mode,Jean,1,442.56,0.1,Suisse,Magasin,11.49,4,398.30400000000003
CMD09278,2024-08-31,Jean Dupont,Beauté,Parfum,4,702.25,0.25,Maroc,App,3.56,5,2106.75
CMD09279,2024-12-01,Léa Durand,Sport,Vélo,4,1077.87,0.0,Espagne,Web,2.8,2,4311.48
CMD09280,2024-08-27,Nina Müller,Maison,Aspirateur,1,188.77,0.25,Allemagne,App,4.54,4,141.57750000000001
CMD09281,2024-10-12,Nina Müller,Électronique,TV 4K,4,1028.04,0.1,Belgique,App,5.3,3,3700.944
CMD09282,2024-01-15,Jean Dupont,Jouets,Puzzle,4,1636.81,0.3,Belgique,App,6.58,5,4583.067999999999
CMD09283,2024-07-10,Nina Müller,Électronique,Ordinateur portable,4,1224.01,0.15,Allemagne,App,8.84,3,4161.634
CMD09284,2024-04-16,Paolo Bianchi,Électronique,Ordinateur portable,3,439.86,0.1,France,Web,10.91,4,1187.622
CMD09285,2024-12-04,Jean Dupont,Mode,Veste,4,1109.4,0.05,Italie,Magasin,13.87,3,4215.72
CMD09286,2024-09-02,Carlos Gomez,Électronique,Casque audio,4,1665.74,0.0,Italie,Magasin,7.92,5,6662.96
CMD09287,2024-03-14,Léa Durand,Jouets,Puzzle,2,458.88,0.25,Belgique,Web,8.47,3,688.3199999999999
CMD09288,2024-10-21,Nina Müller,Électronique,Smartphone,2,1095.35,0.3,Suisse,App,5.19,2,1533.4899999999998
CMD09289,2024-12-30,Carlos Gomez,Électronique,Ordinateur portable,5,413.37,0.25,Suisse,Magasin,4.46,3,1550.1374999999998
CMD09290,2024-02-05,Paolo Bianchi,Sport,Vélo,3,1854.78,0.0,France,Web,3.88,2,5564.34
CMD09291,2024-04-15,Jean Dupont,Beauté,Sérum,5,502.46,0.0,Belgique,Web,5.12,3,2512.2999999999997
CMD09292,2024-05-27,Jean Dupont,Électronique,Tablette,3,1467.46,0.1,Belgique,Magasin,0.35,2,3962.1420000000003
CMD09293,2024-08-02,Paolo Bianchi,Sport,Chaussures de sport,5,1476.84,0.25,Maroc,App,6.13,4,5538.15
CMD09294,2024-08-11,Youssef El Amrani,Maison,Machine à café,5,1082.38,0.15,Espagne,Magasin,1.7,2,4600.115000000001
CMD09295,2024-04-17,Lucie Martin,Électronique,Casque audio,1,1302.53,0.25,Belgique,App,11.25,1,976.8975
CMD09296,2024-06-12,Jean Dupont,Sport,Vélo,3,1397.94,0.05,Espagne,Magasin,2.44,1,3984.1289999999995
CMD09297,2024-09-28,Nina Müller,Mode,Veste,5,642.94,0.0,Espagne,Magasin,13.52,2,3214.7000000000003
CMD09298,2024-06-10,Nina Müller,Beauté,Shampoing,1,54.06,0.2,Suisse,Web,1.81,1,43.248000000000005
CMD09299,2024-03-06,Carlos Gomez,Sport,Raquette,2,295.08,0.1,Espagne,App,1.4,1,531.144
CMD09300,2024-03-23,Carlos Gomez,Électronique,TV 4K,3,789.54,0.0,Suisse,Magasin,6.88,5,2368.62
CMD09301,2024-03-18,Lucie Martin,Jouets,Puzzle,4,1386.3,0.2,Suisse,App,6.08,5,4436.16
CMD09302,2024-03-12,Nina Müller,Électronique,Tablette,3,863.78,0.0,Italie,Magasin,9.89,1,2591.34
CMD09303,2024-07-17,Emma Rossi,Mode,Veste,1,968.38,0.2,Maroc,Web,5.59,5,774.7040000000001
CMD09304,2024-11-17,Léa Durand,Maison,Aspirateur,2,800.71,0.05,Suisse,Magasin,13.74,5,1521.349
CMD09305,2024-09-17,Nina Müller,Sport,Raquette,3,549.92,0.2,Maroc,Web,7.0,4,1319.808
CMD09306,2024-11-24,Carlos Gomez,Jouets,Jeu de société,3,115.88,0.2,Espagne,Web,0.28,1,278.112
CMD09307,2024-11-12,Emma Rossi,Jouets,Voiture téléguidée,3,319.45,0.1,Espagne,Web,2.3,4,862.515
CMD09308,2024-01-13,Sarah Moreau,Beauté,Rouge à lèvres,4,1149.52,0.3,Suisse,App,6.58,2,3218.656
CMD09309,2024-07-28,Ali Benali,Beauté,Rouge à lèvres,1,1230.2,0.1,Italie,Web,2.02,2,1107.18
CMD09310,2024-02-05,Paolo Bianchi,Sport,Vélo,4,130.72,0.1,Allemagne,Magasin,14.11,1,470.592
CMD09311,2024-02-04,Emma Rossi,Sport,Ballon,2,1969.18,0.05,Allemagne,Magasin,5.02,1,3741.442
CMD09312,2024-11-23,Carlos Gomez,Jouets,Voiture téléguidée,3,718.9,0.25,Allemagne,Web,4.71,5,1617.5249999999999
CMD09313,2024-11-12,Jean Dupont,Mode,Jean,1,203.49,0.05,Suisse,Magasin,4.75,1,193.3155
CMD09314,2024-04-10,Jean Dupont,Électronique,Casque audio,4,987.03,0.3,France,Web,0.87,5,2763.6839999999997
CMD09315,2024-11-17,Paolo Bianchi,Électronique,Tablette,3,419.18,0.2,Suisse,App,7.69,3,1006.032
CMD09316,2024-05-21,Ali Benali,Mode,Jean,4,136.19,0.2,Italie,Magasin,12.16,5,435.808
CMD09317,2024-06-20,Ali Benali,Électronique,TV 4K,5,1098.0,0.25,Maroc,Web,6.11,1,4117.5
CMD09318,2024-09-12,Jean Dupont,Mode,Veste,1,811.63,0.2,Espagne,Web,1.92,3,649.3040000000001
CMD09319,2024-07-29,Lucie Martin,Maison,Lampadaire,3,411.6,0.15,Belgique,App,11.59,5,1049.5800000000002
CMD09320,2024-03-04,Carlos Gomez,Jouets,Jeu de société,5,922.46,0.2,Espagne,Web,13.22,1,3689.84
CMD09321,2024-04-03,Paolo Bianchi,Sport,Tapis de course,5,1386.89,0.2,Belgique,App,14.13,5,5547.560000000001
CMD09322,2024-03-04,Ali Benali,Beauté,Parfum,3,1643.5,0.15,Espagne,Magasin,2.32,1,4190.925
CMD09323,2024-12-11,Ali Benali,Beauté,Crème visage,3,496.94,0.3,France,App,1.69,5,1043.5739999999998
CMD09324,2024-07-29,Emma Rossi,Beauté,Shampoing,5,1771.12,0.1,Suisse,Magasin,3.79,4,7970.039999999999
CMD09325,2024-02-13,Nina Müller,Jouets,Voiture téléguidée,4,1083.31,0.05,Belgique,App,2.73,5,4116.5779999999995
CMD09326,2024-07-17,Nina Müller,Sport,Tapis de course,3,560.32,0.1,France,Magasin,2.13,1,1512.864
CMD09327,2024-10-27,Jean Dupont,Maison,Machine à café,4,45.46,0.15,Belgique,Web,6.36,1,154.564
CMD09328,2024-12-24,Sarah Moreau,Sport,Ballon,5,1381.04,0.1,Allemagne,Web,1.96,2,6214.68
CMD09329,2024-10-01,Carlos Gomez,Sport,Raquette,3,958.08,0.25,Espagne,App,1.61,5,2155.6800000000003
CMD09330,2024-10-01,Emma Rossi,Mode,Chaussures,1,322.24,0.05,Italie,Magasin,0.9,3,306.128
CMD09331,2024-10-18,Lucie Martin,Jouets,Lego,3,448.74,0.25,Allemagne,App,9.24,5,1009.665
CMD09332,2024-09-01,Carlos Gomez,Électronique,Casque audio,2,717.92,0.25,Maroc,Magasin,14.63,2,1076.8799999999999
CMD09333,2024-10-12,Youssef El Amrani,Beauté,Parfum,3,183.6,0.0,Suisse,Magasin,8.99,3,550.8
CMD09334,2024-12-26,Léa Durand,Sport,Tapis de course,1,491.01,0.15,Belgique,App,2.26,4,417.3585
CMD09335,2024-08-29,Ali Benali,Sport,Ballon,3,1666.94,0.0,Maroc,App,14.09,5,5000.82
CMD09336,2024-02-18,Léa Durand,Mode,Jean,2,1473.51,0.05,Italie,Web,14.53,2,2799.669
CMD09337,2024-11-13,Lucie Martin,Mode,Chaussures,5,1192.9,0.2,Maroc,Web,13.69,3,4771.6
CMD09338,2024-07-06,Léa Durand,Sport,Ballon,1,1538.14,0.15,Suisse,Magasin,2.78,3,1307.419
CMD09339,2024-10-11,Paolo Bianchi,Mode,Sac à main,5,1357.5,0.0,Belgique,Web,13.6,3,6787.5
CMD09340,2024-12-21,Youssef El Amrani,Maison,Lampadaire,3,345.07,0.15,Italie,Web,10.97,3,879.9285
CMD09341,2024-12-30,Lucie Martin,Sport,Vélo,4,373.8,0.15,Allemagne,Magasin,11.62,5,1270.92
CMD09342,2024-11-23,Sarah Moreau,Sport,Tapis de course,1,1527.3,0.15,Italie,App,10.61,2,1298.205
CMD09343,2024-01-29,Ali Benali,Mode,Jean,1,112.6,0.05,Espagne,Web,6.67,2,106.96999999999998
CMD09344,2024-06-29,Jean Dupont,Maison,Lampadaire,5,1203.29,0.15,Allemagne,Magasin,8.71,1,5113.9825
CMD09345,2024-08-26,Léa Durand,Sport,Raquette,1,1892.78,0.2,Belgique,App,11.92,2,1514.2240000000002
CMD09346,2024-08-26,Jean Dupont,Électronique,Smartphone,3,1164.28,0.3,Suisse,Magasin,11.71,3,2444.988
CMD09347,2024-05-28,Paolo Bianchi,Maison,Machine à café,2,894.33,0.3,Italie,Web,14.72,1,1252.062
CMD09348,2024-12-16,Jean Dupont,Jouets,Puzzle,5,1804.8,0.3,Italie,Web,0.75,1,6316.799999999999
CMD09349,2024-04-02,Léa Durand,Électronique,Smartphone,5,1204.15,0.3,Suisse,App,13.89,1,4214.525
CMD09350,2024-12-30,Jean Dupont,Sport,Raquette,1,1132.45,0.2,Espagne,App,6.02,4,905.96
CMD09351,2024-09-26,Nina Müller,Électronique,Tablette,5,43.49,0.1,Espagne,Magasin,10.34,1,195.705
CMD09352,2024-07-18,Lucie Martin,Maison,Machine à café,5,1105.42,0.2,Espagne,Web,2.85,5,4421.68
CMD09353,2024-07-16,Nina Müller,Beauté,Parfum,5,1076.12,0.15,Maroc,App,10.44,4,4573.509999999999
CMD09354,2024-12-24,Jean Dupont,Mode,Montre,1,579.46,0.05,Italie,App,8.51,1,550.487
CMD09355,2024-03-04,Jean Dupont,Électronique,Ordinateur portable,2,964.6,0.05,Maroc,Magasin,14.17,3,1832.74
CMD09356,2024-07-28,Léa Durand,Jouets,Jeu de société,3,1845.62,0.05,Suisse,Web,8.87,2,5260.017
CMD09357,2024-09-21,Lucie Martin,Maison,Ventilateur,2,1432.29,0.05,France,App,9.84,1,2721.3509999999997
CMD09358,2024-12-11,Emma Rossi,Mode,Jean,2,157.92,0.25,Espagne,Magasin,9.58,2,236.88
CMD09359,2024-04-18,Nina Müller,Sport,Chaussures de sport,3,569.58,0.2,France,Web,6.2,1,1366.9920000000002
CMD09360,2024-04-22,Youssef El Amrani,Maison,Mixeur,5,281.24,0.25,Maroc,App,14.04,2,1054.65
CMD09361,2024-07-07,Jean Dupont,Maison,Mixeur,5,1074.98,0.05,Espagne,Web,10.85,2,5106.155
CMD09362,2024-12-29,Jean Dupont,Maison,Aspirateur,3,184.17,0.2,Italie,App,4.06,4,442.00800000000004
CMD09363,2024-08-15,Youssef El Amrani,Jouets,Puzzle,2,1885.68,0.2,Espagne,App,2.42,4,3017.088
CMD09364,2024-08-25,Jean Dupont,Beauté,Rouge à lèvres,2,1529.77,0.25,Maroc,Magasin,9.65,2,2294.6549999999997
CMD09365,2024-11-29,Nina Müller,Maison,Mixeur,4,540.75,0.1,Belgique,Magasin,10.74,5,1946.7
CMD09366,2024-07-29,Nina Müller,Électronique,TV 4K,1,1279.37,0.0,Italie,Web,12.55,4,1279.37
CMD09367,2024-04-01,Lucie Martin,Maison,Ventilateur,3,176.7,0.1,Allemagne,App,14.38,4,477.0899999999999
CMD09368,2024-12-13,Nina Müller,Sport,Vélo,5,1041.51,0.25,France,Web,8.6,1,3905.6625000000004
CMD09369,2024-12-16,Léa Durand,Sport,Chaussures de sport,1,1548.87,0.3,Allemagne,App,5.11,2,1084.2089999999998
CMD09370,2024-10-04,Nina Müller,Beauté,Sérum,4,670.45,0.25,Allemagne,App,9.3,4,2011.3500000000001
CMD09371,2024-01-21,Jean Dupont,Beauté,Shampoing,5,33.02,0.05,Espagne,Web,1.07,3,156.84500000000003
CMD09372,2024-06-15,Jean Dupont,Sport,Ballon,4,675.31,0.15,Belgique,Magasin,3.02,1,2296.0539999999996
CMD09373,2024-03-22,Youssef El Amrani,Électronique,Smartphone,2,1648.0,0.2,Espagne,Magasin,7.27,1,2636.8
CMD09374,2024-03-31,Léa Durand,Maison,Machine à café,1,193.0,0.25,Espagne,Magasin,14.4,3,144.75
CMD09375,2024-09-18,Léa Durand,Électronique,Casque audio,1,1860.63,0.15,Italie,App,8.98,5,1581.5355
CMD09376,2024-06-25,Paolo Bianchi,Maison,Lampadaire,5,1698.88,0.2,Italie,Web,8.23,2,6795.520000000001
CMD09377,2024-03-27,Nina Müller,Sport,Tapis de course,5,929.43,0.3,Italie,Web,8.21,1,3253.0049999999997
CMD09378,2024-02-01,Lucie Martin,Maison,Mixeur,4,257.69,0.0,Maroc,Magasin,5.75,5,1030.76
CMD09379,2024-01-15,Jean Dupont,Maison,Mixeur,5,1431.64,0.0,France,Magasin,12.75,2,7158.200000000001
CMD09380,2024-07-31,Emma Rossi,Électronique,TV 4K,5,1038.66,0.2,Espagne,App,8.39,2,4154.64
CMD09381,2024-02-13,Carlos Gomez,Maison,Lampadaire,1,1390.02,0.2,Belgique,App,9.54,3,1112.016
CMD09382,2024-05-05,Emma Rossi,Maison,Aspirateur,4,1286.89,0.15,France,App,13.5,1,4375.426
CMD09383,2024-07-05,Nina Müller,Sport,Ballon,1,1429.96,0.25,Belgique,Web,6.01,5,1072.47
CMD09384,2024-05-29,Léa Durand,Électronique,Tablette,4,1082.99,0.2,Espagne,Magasin,1.22,5,3465.568
CMD09385,2024-06-18,Nina Müller,Beauté,Crème visage,4,1042.72,0.2,Allemagne,App,12.77,2,3336.704
CMD09386,2024-11-10,Jean Dupont,Maison,Aspirateur,2,1882.91,0.25,Belgique,Web,3.87,5,2824.3650000000002
CMD09387,2024-04-02,Ali Benali,Maison,Lampadaire,4,42.71,0.2,Espagne,Web,5.31,5,136.672
CMD09388,2024-12-07,Ali Benali,Maison,Ventilateur,4,1145.59,0.2,Belgique,App,3.71,4,3665.888
CMD09389,2024-09-17,Paolo Bianchi,Sport,Tapis de course,1,1029.43,0.05,France,Web,9.81,4,977.9585
CMD09390,2024-02-05,Carlos Gomez,Mode,Montre,5,225.19,0.05,Espagne,Web,1.8,3,1069.6525
CMD09391,2024-08-11,Nina Müller,Maison,Mixeur,4,1748.13,0.05,Belgique,Web,9.5,1,6642.894
CMD09392,2024-07-20,Jean Dupont,Beauté,Parfum,4,619.89,0.15,Allemagne,Web,3.23,5,2107.6259999999997
CMD09393,2024-11-02,Léa Durand,Maison,Mixeur,1,1790.48,0.1,Belgique,Web,11.28,4,1611.432
CMD09394,2024-10-05,Jean Dupont,Jouets,Jeu de société,3,549.82,0.25,Allemagne,Magasin,7.1,2,1237.095
CMD09395,2024-02-13,Ali Benali,Électronique,Ordinateur portable,1,45.99,0.2,Maroc,Web,12.54,5,36.792
CMD09396,2024-04-21,Léa Durand,Beauté,Sérum,5,1604.16,0.15,Maroc,Magasin,3.06,3,6817.68
CMD09397,2024-07-25,Nina Müller,Jouets,Jeu de société,4,261.76,0.05,Allemagne,Magasin,10.65,5,994.6879999999999
CMD09398,2024-05-19,Sarah Moreau,Sport,Raquette,4,220.42,0.05,France,Web,5.16,2,837.5959999999999
CMD09399,2024-06-17,Léa Durand,Sport,Vélo,3,1237.75,0.1,France,Web,1.66,1,3341.925
CMD09400,2024-02-04,Jean Dupont,Électronique,Ordinateur portable,2,795.51,0.15,Allemagne,Magasin,14.55,1,1352.367
CMD09401,2024-11-29,Léa Durand,Mode,Chaussures,4,425.06,0.2,Allemagne,App,5.67,3,1360.192
CMD09402,2024-03-04,Carlos Gomez,Beauté,Rouge à lèvres,4,1291.13,0.3,Allemagne,Magasin,5.69,2,3615.164
CMD09403,2024-08-21,Léa Durand,Électronique,Tablette,3,306.65,0.0,France,Web,11.52,2,919.9499999999999
CMD09404,2024-11-27,Carlos Gomez,Mode,Veste,3,411.55,0.0,Allemagne,App,2.48,5,1234.65
CMD09405,2024-04-21,Lucie Martin,Sport,Chaussures de sport,2,1966.72,0.05,Maroc,Magasin,5.84,1,3736.768
CMD09406,2024-12-11,Paolo Bianchi,Maison,Lampadaire,3,1345.73,0.05,Maroc,App,1.26,2,3835.3305
CMD09407,2024-07-26,Carlos Gomez,Électronique,TV 4K,5,250.78,0.15,Maroc,Web,0.92,1,1065.815
CMD09408,2024-08-22,Carlos Gomez,Électronique,Tablette,1,1054.76,0.2,Maroc,Magasin,0.03,2,843.808
CMD09409,2024-10-01,Carlos Gomez,Maison,Ventilateur,3,396.74,0.0,Maroc,App,12.54,5,1190.22
CMD09410,2024-05-22,Sarah Moreau,Électronique,Casque audio,3,1963.79,0.0,Italie,Magasin,12.19,3,5891.37
CMD09411,2024-05-04,Paolo Bianchi,Mode,Chaussures,5,1821.69,0.2,Suisse,Web,14.55,1,7286.760000000001
CMD09412,2024-12-09,Léa Durand,Mode,Veste,1,1666.52,0.3,Allemagne,App,4.55,1,1166.5639999999999
CMD09413,2024-04-04,Ali Benali,Beauté,Shampoing,1,275.47,0.05,Espagne,Magasin,9.83,3,261.6965
CMD09414,2024-08-27,Sarah Moreau,Maison,Lampadaire,5,278.45,0.2,Belgique,App,13.82,1,1113.8
CMD09415,2024-08-28,Carlos Gomez,Jouets,Voiture téléguidée,4,1271.8,0.05,France,App,9.8,5,4832.839999999999
CMD09416,2024-03-12,Emma Rossi,Mode,Jean,5,1570.83,0.2,Espagne,Web,13.87,4,6283.32
CMD09417,2024-01-14,Jean Dupont,Jouets,Jeu de société,1,433.88,0.3,Suisse,Web,10.13,3,303.71599999999995
CMD09418,2024-08-27,Carlos Gomez,Sport,Chaussures de sport,4,636.76,0.3,Suisse,Web,11.18,1,1782.9279999999999
CMD09419,2024-07-31,Ali Benali,Sport,Vélo,5,1036.26,0.25,Italie,App,1.26,3,3885.9750000000004
CMD09420,2024-08-20,Emma Rossi,Mode,Sac à main,4,1027.58,0.1,Maroc,Magasin,9.26,3,3699.288
CMD09421,2024-03-26,Lucie Martin,Jouets,Voiture téléguidée,2,1439.43,0.25,France,Web,7.56,1,2159.145
CMD09422,2024-09-22,Lucie Martin,Maison,Aspirateur,5,536.12,0.1,Allemagne,Magasin,6.47,4,2412.54
CMD09423,2024-07-07,Nina Müller,Électronique,Ordinateur portable,3,1824.13,0.2,France,App,2.23,3,4377.912
CMD09424,2024-05-11,Ali Benali,Beauté,Crème visage,1,192.59,0.3,Maroc,Magasin,5.81,2,134.813
CMD09425,2024-01-06,Paolo Bianchi,Maison,Aspirateur,1,1373.0,0.15,Suisse,App,5.85,2,1167.05
CMD09426,2024-10-07,Jean Dupont,Maison,Ventilateur,4,728.18,0.25,Belgique,Web,0.7,3,2184.54
CMD09427,2024-11-22,Léa Durand,Beauté,Crème visage,1,1581.95,0.0,France,App,0.04,4,1581.95
CMD09428,2024-02-29,Ali Benali,Maison,Machine à café,3,28.32,0.15,France,Web,9.26,4,72.21600000000001
CMD09429,2024-05-27,Paolo Bianchi,Sport,Raquette,2,1887.05,0.05,France,App,2.75,1,3585.3949999999995
CMD09430,2024-05-21,Ali Benali,Sport,Raquette,4,1021.78,0.0,Maroc,Magasin,5.53,4,4087.12
CMD09431,2024-07-28,Sarah Moreau,Sport,Vélo,1,478.9,0.0,Maroc,App,8.89,4,478.9
CMD09432,2024-09-09,Sarah Moreau,Beauté,Crème visage,2,332.94,0.0,Belgique,App,9.76,3,665.88
CMD09433,2024-08-07,Emma Rossi,Jouets,Jeu de société,3,1972.86,0.1,Allemagne,Web,3.04,1,5326.722
CMD09434,2024-08-09,Lucie Martin,Mode,Sac à main,4,340.45,0.0,Suisse,Web,6.14,1,1361.8
CMD09435,2024-08-22,Léa Durand,Beauté,Parfum,2,295.0,0.2,Maroc,Magasin,7.35,1,472.0
CMD09436,2024-01-16,Lucie Martin,Électronique,Ordinateur portable,2,1444.95,0.3,Suisse,App,0.97,5,2022.9299999999998
CMD09437,2024-01-30,Léa Durand,Maison,Lampadaire,4,596.86,0.05,Italie,Web,11.61,2,2268.0679999999998
CMD09438,2024-08-15,Paolo Bianchi,Maison,Machine à café,4,828.39,0.25,Belgique,Web,10.59,2,2485.17
CMD09439,2024-02-21,Emma Rossi,Beauté,Sérum,5,252.4,0.1,Suisse,Magasin,10.25,3,1135.8
CMD09440,2024-11-19,Carlos Gomez,Beauté,Crème visage,2,793.33,0.0,Italie,App,9.79,4,1586.66
CMD09441,2024-10-04,Ali Benali,Électronique,Ordinateur portable,5,937.45,0.25,Suisse,Magasin,0.93,2,3515.4375
CMD09442,2024-04-26,Sarah Moreau,Mode,Chaussures,2,973.06,0.0,France,Web,0.33,5,1946.12
CMD09443,2024-09-30,Sarah Moreau,Électronique,Smartphone,5,1035.63,0.0,Allemagne,App,4.33,3,5178.150000000001
CMD09444,2024-03-16,Sarah Moreau,Mode,Veste,4,145.06,0.25,Suisse,Web,4.82,2,435.18
CMD09445,2024-08-28,Carlos Gomez,Jouets,Peluche,2,81.59,0.25,Espagne,Web,1.7,4,122.385
CMD09446,2024-05-15,Lucie Martin,Maison,Machine à café,2,72.67,0.25,Allemagne,App,4.34,1,109.005
CMD09447,2024-08-26,Paolo Bianchi,Électronique,Casque audio,4,1856.08,0.25,Espagne,Web,13.31,3,5568.24
CMD09448,2024-06-28,Jean Dupont,Mode,Montre,5,312.21,0.3,Espagne,Web,5.08,2,1092.735
CMD09449,2024-05-20,Sarah Moreau,Jouets,Voiture téléguidée,4,1417.07,0.15,Belgique,Magasin,10.79,2,4818.038
CMD09450,2024-12-01,Nina Müller,Sport,Tapis de course,1,1825.2,0.1,France,Magasin,8.84,2,1642.68
CMD09451,2024-12-20,Emma Rossi,Sport,Raquette,2,1362.18,0.0,Maroc,Magasin,4.24,5,2724.36
CMD09452,2024-01-07,Youssef El Amrani,Mode,Veste,5,1566.99,0.2,Suisse,Web,8.14,4,6267.96
CMD09453,2024-12-22,Lucie Martin,Maison,Mixeur,1,1375.03,0.05,France,Magasin,14.94,3,1306.2785
CMD09454,2024-12-16,Lucie Martin,Beauté,Shampoing,4,1005.91,0.3,Belgique,Magasin,2.12,1,2816.548
CMD09455,2024-03-17,Ali Benali,Mode,Jean,4,530.36,0.15,France,Magasin,9.77,1,1803.224
CMD09456,2024-07-25,Ali Benali,Maison,Ventilateur,3,795.03,0.1,Italie,App,4.12,4,2146.581
CMD09457,2024-03-03,Youssef El Amrani,Jouets,Puzzle,2,1185.5,0.3,Maroc,Web,11.94,4,1659.6999999999998
CMD09458,2024-09-04,Emma Rossi,Beauté,Rouge à lèvres,1,937.36,0.1,Italie,App,14.67,2,843.624
CMD09459,2024-08-15,Léa Durand,Mode,Jean,3,499.45,0.05,Maroc,App,5.02,3,1423.4325
CMD09460,2024-05-18,Lucie Martin,Maison,Aspirateur,2,897.66,0.0,Maroc,Web,10.76,1,1795.32
CMD09461,2024-09-02,Ali Benali,Jouets,Jeu de société,3,66.63,0.15,Suisse,App,12.81,2,169.9065
CMD09462,2024-06-10,Ali Benali,Maison,Lampadaire,1,1455.79,0.0,Maroc,Web,8.83,2,1455.79
CMD09463,2024-08-10,Léa Durand,Maison,Ventilateur,4,1606.58,0.2,France,Magasin,3.26,3,5141.0560000000005
CMD09464,2024-05-16,Youssef El Amrani,Jouets,Voiture téléguidée,2,1185.45,0.25,Belgique,Magasin,0.57,3,1778.1750000000002
CMD09465,2024-10-12,Emma Rossi,Sport,Chaussures de sport,1,217.4,0.1,Maroc,App,12.05,4,195.66
CMD09466,2024-03-06,Carlos Gomez,Beauté,Sérum,1,373.95,0.25,Suisse,App,0.6,5,280.4625
CMD09467,2024-11-19,Lucie Martin,Électronique,Ordinateur portable,5,46.34,0.15,Belgique,Web,12.64,3,196.94500000000002
CMD09468,2024-09-15,Lucie Martin,Jouets,Jeu de société,2,30.79,0.25,France,Magasin,13.2,3,46.185
CMD09469,2024-05-07,Emma Rossi,Maison,Aspirateur,4,1927.75,0.05,Belgique,App,6.23,3,7325.45
CMD09470,2024-12-07,Lucie Martin,Électronique,Casque audio,1,1966.22,0.05,Belgique,Magasin,3.95,2,1867.9089999999999
CMD09471,2024-06-14,Youssef El Amrani,Mode,Chaussures,5,722.82,0.05,Espagne,Magasin,6.21,4,3433.395
CMD09472,2024-12-21,Lucie Martin,Sport,Vélo,5,1586.57,0.1,Suisse,App,6.38,4,7139.565
CMD09473,2024-06-02,Jean Dupont,Électronique,Tablette,3,1630.13,0.1,Belgique,Web,13.42,1,4401.351000000001
CMD09474,2024-01-03,Jean Dupont,Beauté,Rouge à lèvres,3,1983.16,0.05,France,Web,13.42,4,5652.006
CMD09475,2024-02-26,Paolo Bianchi,Électronique,Ordinateur portable,2,1376.73,0.1,Allemagne,Web,5.55,2,2478.114
CMD09476,2024-07-22,Nina Müller,Sport,Ballon,5,1223.75,0.1,Espagne,Web,5.06,4,5506.875
CMD09477,2024-02-06,Nina Müller,Jouets,Peluche,5,944.25,0.15,Espagne,Magasin,11.89,5,4013.0625
CMD09478,2024-09-08,Nina Müller,Maison,Ventilateur,5,291.67,0.15,Italie,Web,9.43,4,1239.5975
CMD09479,2024-04-29,Ali Benali,Mode,Sac à main,3,951.33,0.25,Allemagne,App,4.71,2,2140.4925000000003
CMD09480,2024-02-10,Sarah Moreau,Sport,Vélo,5,824.3,0.15,Belgique,Magasin,4.86,5,3503.275
CMD09481,2024-11-10,Youssef El Amrani,Sport,Raquette,1,1120.0,0.05,Belgique,App,7.74,5,1064.0
CMD09482,2024-06-05,Emma Rossi,Mode,Jean,2,1127.2,0.15,Allemagne,Magasin,1.95,5,1916.24
CMD09483,2024-07-17,Emma Rossi,Électronique,Tablette,4,315.42,0.0,Allemagne,Web,3.6,5,1261.68
CMD09484,2024-11-09,Paolo Bianchi,Électronique,Ordinateur portable,2,1906.77,0.0,Belgique,App,4.6,2,3813.54
CMD09485,2024-07-01,Nina Müller,Beauté,Crème visage,5,1243.75,0.2,Suisse,Magasin,4.89,4,4975.0
CMD09486,2024-04-01,Jean Dupont,Électronique,Ordinateur portable,4,743.88,0.2,Espagne,Magasin,1.73,1,2380.416
CMD09487,2024-01-30,Sarah Moreau,Sport,Ballon,1,1636.59,0.15,Maroc,Web,1.77,1,1391.1015
CMD09488,2024-05-28,Carlos Gomez,Beauté,Parfum,2,1913.87,0.1,Belgique,Web,3.44,4,3444.966
CMD09489,2024-11-02,Paolo Bianchi,Mode,Chaussures,4,1901.41,0.15,Belgique,Magasin,13.24,1,6464.794
CMD09490,2024-10-01,Sarah Moreau,Sport,Tapis de course,2,1690.7,0.05,France,Magasin,7.89,4,3212.33
CMD09491,2024-05-13,Sarah Moreau,Sport,Chaussures de sport,5,1384.05,0.2,Espagne,Web,10.21,2,5536.200000000001
CMD09492,2024-05-14,Emma Rossi,Électronique,TV 4K,4,1549.07,0.1,Espagne,App,1.31,1,5576.652
CMD09493,2024-10-13,Ali Benali,Beauté,Crème visage,3,1129.84,0.05,Italie,App,11.96,2,3220.0439999999994
CMD09494,2024-08-20,Carlos Gomez,Électronique,Casque audio,4,1870.79,0.1,France,Web,3.31,4,6734.844
CMD09495,2024-07-01,Léa Durand,Beauté,Parfum,2,220.1,0.0,France,App,3.86,2,440.2
CMD09496,2024-01-06,Léa Durand,Électronique,Casque audio,5,1138.33,0.25,Espagne,Web,8.46,3,4268.737499999999
CMD09497,2024-01-08,Ali Benali,Mode,Veste,4,122.81,0.05,Belgique,Web,6.37,5,466.678
CMD09498,2024-05-24,Carlos Gomez,Électronique,Smartphone,5,1937.9,0.0,France,App,5.0,2,9689.5
CMD09499,2024-02-06,Carlos Gomez,Sport,Vélo,2,163.43,0.25,Italie,App,5.1,1,245.145
CMD09500,2024-01-19,Jean Dupont,Beauté,Parfum,3,596.79,0.15,Maroc,Web,1.64,4,1521.8145
CMD09501,2024-03-30,Ali Benali,Jouets,Lego,4,1609.51,0.2,Allemagne,App,8.42,3,5150.432000000001
CMD09502,2024-03-16,Ali Benali,Sport,Raquette,1,843.63,0.05,Allemagne,Magasin,7.53,4,801.4485
CMD09503,2024-06-18,Carlos Gomez,Mode,Montre,1,930.9,0.05,Allemagne,App,6.49,1,884.3549999999999
CMD09504,2024-09-07,Nina Müller,Jouets,Voiture téléguidée,3,1015.09,0.3,France,Web,5.98,5,2131.689
CMD09505,2024-10-18,Léa Durand,Jouets,Peluche,5,1907.43,0.05,Espagne,Magasin,5.18,4,9060.2925
CMD09506,2024-09-26,Carlos Gomez,Jouets,Peluche,5,364.07,0.3,Maroc,App,10.96,2,1274.245
CMD09507,2024-06-12,Lucie Martin,Sport,Ballon,1,767.59,0.15,Maroc,Web,8.31,4,652.4515
CMD09508,2024-10-26,Youssef El Amrani,Sport,Ballon,5,862.8,0.05,Suisse,App,10.2,1,4098.3
CMD09509,2024-04-21,Paolo Bianchi,Sport,Chaussures de sport,2,1914.66,0.2,Espagne,Web,13.69,2,3063.456
CMD09510,2024-07-11,Youssef El Amrani,Électronique,Tablette,4,1380.06,0.0,Italie,App,4.1,1,5520.24
CMD09511,2024-08-15,Emma Rossi,Maison,Aspirateur,5,175.04,0.3,Belgique,Web,11.95,3,612.6399999999999
CMD09512,2024-02-13,Nina Müller,Électronique,Casque audio,1,1048.13,0.3,Maroc,Web,12.67,1,733.691
CMD09513,2024-09-13,Jean Dupont,Électronique,TV 4K,5,1024.98,0.25,Maroc,App,6.46,5,3843.6749999999997
CMD09514,2024-11-15,Ali Benali,Électronique,Smartphone,1,520.28,0.05,Belgique,Magasin,10.71,1,494.26599999999996
CMD09515,2024-12-11,Ali Benali,Sport,Ballon,3,371.28,0.05,Belgique,Web,4.17,4,1058.148
CMD09516,2024-01-25,Paolo Bianchi,Mode,Montre,1,1989.68,0.0,Suisse,App,5.11,3,1989.68
CMD09517,2024-11-09,Nina Müller,Maison,Ventilateur,4,588.17,0.0,Allemagne,App,12.35,3,2352.68
CMD09518,2024-09-20,Youssef El Amrani,Électronique,TV 4K,4,78.63,0.25,Belgique,Web,0.94,2,235.89
CMD09519,2024-03-20,Jean Dupont,Mode,Jean,1,1864.29,0.25,Italie,Magasin,4.02,1,1398.2175
CMD09520,2024-09-29,Youssef El Amrani,Électronique,TV 4K,3,1493.57,0.05,Suisse,Magasin,8.37,2,4256.6745
CMD09521,2024-09-04,Jean Dupont,Mode,Jean,5,1456.21,0.3,Belgique,Magasin,4.84,4,5096.735
CMD09522,2024-08-28,Jean Dupont,Mode,Chaussures,3,545.12,0.3,Maroc,Magasin,11.13,1,1144.752
CMD09523,2024-06-30,Paolo Bianchi,Électronique,Smartphone,5,63.5,0.15,Suisse,Magasin,6.31,5,269.875
CMD09524,2024-12-23,Sarah Moreau,Mode,Veste,5,1816.08,0.2,France,Magasin,1.18,3,7264.32
CMD09525,2024-09-09,Youssef El Amrani,Maison,Ventilateur,3,713.17,0.15,France,Web,6.78,4,1818.5834999999997
CMD09526,2024-05-10,Léa Durand,Beauté,Parfum,1,1094.75,0.1,Italie,Web,11.61,2,985.275
CMD09527,2024-08-30,Paolo Bianchi,Sport,Raquette,3,1078.94,0.2,Italie,Web,0.17,4,2589.456
CMD09528,2024-12-26,Lucie Martin,Sport,Vélo,4,1366.57,0.3,Belgique,Magasin,13.14,4,3826.3959999999997
CMD09529,2024-11-10,Paolo Bianchi,Jouets,Lego,5,604.89,0.3,Italie,Magasin,8.17,1,2117.115
CMD09530,2024-02-06,Emma Rossi,Mode,Sac à main,2,1340.5,0.25,Espagne,Web,4.09,3,2010.75
CMD09531,2024-06-03,Paolo Bianchi,Jouets,Voiture téléguidée,3,1029.75,0.15,Italie,Web,4.91,1,2625.8624999999997
CMD09532,2024-03-30,Youssef El Amrani,Électronique,Smartphone,5,909.74,0.15,Maroc,Web,8.7,1,3866.3949999999995
CMD09533,2024-12-27,Youssef El Amrani,Maison,Lampadaire,4,1987.51,0.2,Italie,Web,3.21,3,6360.032
CMD09534,2024-11-21,Nina Müller,Électronique,TV 4K,5,49.01,0.2,France,Web,6.1,2,196.04
CMD09535,2024-07-19,Lucie Martin,Beauté,Parfum,2,774.12,0.3,Suisse,Web,6.26,3,1083.768
CMD09536,2024-12-08,Léa Durand,Électronique,Tablette,5,249.94,0.1,Suisse,App,11.89,3,1124.73
CMD09537,2024-05-25,Lucie Martin,Mode,Chaussures,3,323.4,0.3,Belgique,Web,10.88,4,679.1399999999999
CMD09538,2024-11-05,Jean Dupont,Sport,Tapis de course,4,1529.79,0.15,Italie,App,3.44,2,5201.286
CMD09539,2024-04-18,Jean Dupont,Beauté,Shampoing,1,1889.77,0.3,Italie,Magasin,2.69,5,1322.839
CMD09540,2024-08-27,Carlos Gomez,Mode,Sac à main,2,1576.41,0.2,Maroc,Web,14.51,5,2522.2560000000003
CMD09541,2024-01-21,Paolo Bianchi,Sport,Raquette,4,1829.83,0.15,Maroc,App,2.42,5,6221.422
CMD09542,2024-06-20,Sarah Moreau,Électronique,Casque audio,2,1528.78,0.0,Maroc,Magasin,10.5,5,3057.56
CMD09543,2024-11-27,Ali Benali,Sport,Tapis de course,1,927.13,0.1,Belgique,App,2.46,4,834.417
CMD09544,2024-06-25,Paolo Bianchi,Beauté,Sérum,4,1524.8,0.05,Espagne,Web,10.31,5,5794.24
CMD09545,2024-09-27,Jean Dupont,Sport,Ballon,2,460.51,0.05,Belgique,Web,3.84,3,874.9689999999999
CMD09546,2024-01-30,Lucie Martin,Maison,Machine à café,3,1541.57,0.3,Italie,App,9.73,4,3237.297
CMD09547,2024-04-26,Lucie Martin,Mode,Montre,3,762.9,0.3,Belgique,App,11.07,1,1602.0899999999997
CMD09548,2024-05-03,Carlos Gomez,Beauté,Crème visage,4,127.37,0.0,Espagne,Web,13.55,3,509.48
CMD09549,2024-10-03,Lucie Martin,Sport,Raquette,4,1637.66,0.05,France,Web,7.38,4,6223.108
CMD09550,2024-07-31,Carlos Gomez,Beauté,Rouge à lèvres,3,353.79,0.15,Suisse,Magasin,6.89,2,902.1645000000001
CMD09551,2024-01-25,Nina Müller,Jouets,Lego,2,137.06,0.25,Maroc,Magasin,13.39,5,205.59
CMD09552,2024-05-12,Jean Dupont,Jouets,Voiture téléguidée,1,486.19,0.0,Espagne,App,4.49,3,486.19
CMD09553,2024-07-18,Jean Dupont,Maison,Ventilateur,2,965.13,0.1,France,Magasin,4.86,5,1737.234
CMD09554,2024-05-28,Paolo Bianchi,Maison,Machine à café,5,456.48,0.1,France,Magasin,9.38,1,2054.1600000000003
CMD09555,2024-05-30,Jean Dupont,Jouets,Voiture téléguidée,1,96.5,0.1,Italie,Web,4.18,5,86.85000000000001
CMD09556,2024-10-03,Nina Müller,Électronique,Tablette,5,1504.51,0.15,Belgique,Web,8.96,5,6394.1675
CMD09557,2024-03-31,Youssef El Amrani,Jouets,Puzzle,1,851.42,0.0,Allemagne,Web,7.99,4,851.42
CMD09558,2024-11-03,Ali Benali,Sport,Raquette,4,68.0,0.1,Belgique,Magasin,7.73,2,244.8
CMD09559,2024-12-24,Emma Rossi,Mode,Jean,3,46.1,0.2,Allemagne,Web,12.59,2,110.64000000000001
CMD09560,2024-10-05,Léa Durand,Électronique,TV 4K,3,1313.71,0.05,Italie,Magasin,1.22,1,3744.0735
CMD09561,2024-03-23,Jean Dupont,Maison,Ventilateur,5,1037.32,0.05,Espagne,App,1.29,5,4927.2699999999995
CMD09562,2024-02-10,Jean Dupont,Électronique,Tablette,1,1399.33,0.3,France,App,14.56,5,979.5309999999998
CMD09563,2024-10-17,Jean Dupont,Beauté,Crème visage,3,1662.66,0.25,Italie,App,11.92,1,3740.9850000000006
CMD09564,2024-07-23,Carlos Gomez,Beauté,Parfum,3,1660.01,0.25,France,Web,3.59,4,3735.0225
CMD09565,2024-10-04,Léa Durand,Jouets,Peluche,4,67.37,0.1,Suisse,Web,5.36,1,242.532
CMD09566,2024-10-15,Ali Benali,Mode,Jean,4,24.22,0.0,France,Magasin,9.9,3,96.88
CMD09567,2024-03-04,Nina Müller,Mode,Veste,1,1024.4,0.0,Allemagne,Magasin,13.35,3,1024.4
CMD09568,2024-11-15,Léa Durand,Beauté,Sérum,1,1065.19,0.1,Allemagne,App,2.24,3,958.671
CMD09569,2024-09-17,Léa Durand,Électronique,TV 4K,1,686.28,0.15,Suisse,Web,8.82,5,583.338
CMD09570,2024-01-05,Carlos Gomez,Jouets,Puzzle,4,138.66,0.1,Maroc,App,14.56,2,499.176
CMD09571,2024-02-09,Léa Durand,Beauté,Shampoing,5,1877.38,0.3,France,Web,2.45,2,6570.830000000001
CMD09572,2024-03-28,Paolo Bianchi,Électronique,TV 4K,2,687.11,0.25,Maroc,App,6.45,1,1030.665
CMD09573,2024-11-22,Emma Rossi,Mode,Montre,4,1052.12,0.0,Allemagne,Magasin,9.37,5,4208.48
CMD09574,2024-09-08,Léa Durand,Mode,Montre,4,1766.21,0.1,Allemagne,Web,13.65,3,6358.356000000001
CMD09575,2024-07-24,Jean Dupont,Jouets,Lego,2,634.86,0.0,Italie,Magasin,5.13,1,1269.72
CMD09576,2024-12-10,Jean Dupont,Mode,Montre,1,1576.63,0.0,Maroc,Magasin,13.33,1,1576.63
CMD09577,2024-07-31,Paolo Bianchi,Sport,Chaussures de sport,4,1171.93,0.15,Belgique,Web,11.44,3,3984.562
CMD09578,2024-09-05,Sarah Moreau,Sport,Chaussures de sport,4,326.36,0.05,Belgique,App,9.26,5,1240.168
CMD09579,2024-07-28,Emma Rossi,Maison,Machine à café,1,652.28,0.0,Belgique,App,10.58,2,652.28
CMD09580,2024-12-29,Lucie Martin,Électronique,Tablette,5,462.46,0.0,Italie,Magasin,2.46,1,2312.2999999999997
CMD09581,2024-11-10,Emma Rossi,Maison,Lampadaire,5,563.14,0.0,Belgique,App,13.62,4,2815.7
CMD09582,2024-04-03,Jean Dupont,Maison,Lampadaire,1,1606.51,0.0,Belgique,Web,4.4,2,1606.51
CMD09583,2024-09-26,Emma Rossi,Électronique,Tablette,5,786.86,0.3,France,Magasin,12.67,4,2754.0099999999998
CMD09584,2024-01-26,Jean Dupont,Jouets,Voiture téléguidée,2,1752.82,0.0,Italie,Magasin,11.4,1,3505.64
CMD09585,2024-02-20,Jean Dupont,Sport,Chaussures de sport,4,415.0,0.2,Espagne,Magasin,12.93,1,1328.0
CMD09586,2024-05-14,Nina Müller,Mode,Montre,3,1584.17,0.3,Espagne,App,12.05,5,3326.757
CMD09587,2024-04-03,Carlos Gomez,Électronique,Smartphone,2,357.55,0.0,Maroc,Web,5.59,4,715.1
CMD09588,2024-12-21,Ali Benali,Électronique,Tablette,2,272.16,0.25,France,Web,0.29,1,408.24
CMD09589,2024-07-04,Jean Dupont,Mode,Montre,5,557.03,0.0,Belgique,App,10.75,3,2785.1499999999996
CMD09590,2024-04-15,Léa Durand,Beauté,Sérum,5,1307.03,0.1,Italie,Web,11.57,2,5881.635
CMD09591,2024-08-01,Carlos Gomez,Sport,Ballon,4,1526.28,0.3,Suisse,Web,13.48,4,4273.584
CMD09592,2024-07-01,Léa Durand,Jouets,Lego,2,474.37,0.05,Suisse,Web,1.25,1,901.303
CMD09593,2024-10-03,Lucie Martin,Beauté,Parfum,4,1535.22,0.25,Belgique,Web,5.35,1,4605.66
CMD09594,2024-09-07,Youssef El Amrani,Maison,Ventilateur,2,1569.99,0.05,Suisse,Web,7.15,3,2982.9809999999998
CMD09595,2024-07-07,Carlos Gomez,Sport,Raquette,1,243.14,0.15,Italie,Web,10.2,4,206.66899999999998
CMD09596,2024-02-02,Sarah Moreau,Jouets,Peluche,4,1294.24,0.15,Suisse,Web,3.4,3,4400.416
CMD09597,2024-01-31,Emma Rossi,Beauté,Crème visage,5,1195.51,0.25,France,Web,2.61,5,4483.1625
CMD09598,2024-10-10,Léa Durand,Jouets,Lego,1,944.74,0.2,Allemagne,Magasin,10.86,3,755.792
CMD09599,2024-01-18,Nina Müller,Maison,Machine à café,3,158.5,0.2,Suisse,Web,7.7,2,380.40000000000003
CMD09600,2024-07-15,Carlos Gomez,Sport,Tapis de course,3,1603.53,0.3,Allemagne,Web,4.72,4,3367.413
CMD09601,2024-10-03,Léa Durand,Sport,Ballon,3,597.95,0.1,France,Magasin,10.21,3,1614.4650000000001
CMD09602,2024-01-06,Emma Rossi,Électronique,Tablette,4,1525.0,0.3,France,App,5.79,4,4270.0
CMD09603,2024-10-17,Carlos Gomez,Maison,Ventilateur,2,1934.95,0.25,Allemagne,Web,7.0,4,2902.425
CMD09604,2024-06-25,Youssef El Amrani,Sport,Tapis de course,2,1188.06,0.3,Belgique,Magasin,11.57,4,1663.2839999999999
CMD09605,2024-04-10,Carlos Gomez,Beauté,Crème visage,1,1122.34,0.0,Italie,Magasin,7.38,4,1122.34
CMD09606,2024-11-05,Jean Dupont,Jouets,Voiture téléguidée,1,1291.62,0.25,Suisse,App,9.49,3,968.7149999999999
CMD09607,2024-09-06,Jean Dupont,Sport,Chaussures de sport,5,428.94,0.2,France,Magasin,10.94,3,1715.76
CMD09608,2024-03-07,Youssef El Amrani,Sport,Tapis de course,5,1896.66,0.05,Suisse,Web,3.84,3,9009.135
CMD09609,2024-12-09,Sarah Moreau,Sport,Vélo,2,638.83,0.25,Belgique,Magasin,10.42,1,958.2450000000001
CMD09610,2024-01-18,Ali Benali,Maison,Lampadaire,2,1901.94,0.3,Allemagne,Web,6.22,5,2662.716
CMD09611,2024-02-23,Emma Rossi,Électronique,Smartphone,2,1017.1,0.0,Allemagne,App,10.6,1,2034.2
CMD09612,2024-02-07,Nina Müller,Beauté,Sérum,3,533.85,0.3,Allemagne,App,7.16,4,1121.085
CMD09613,2024-03-14,Youssef El Amrani,Mode,Jean,2,775.13,0.0,Maroc,Magasin,1.08,2,1550.26
CMD09614,2024-02-24,Carlos Gomez,Jouets,Peluche,3,639.83,0.3,Belgique,Web,9.38,5,1343.643
CMD09615,2024-02-26,Ali Benali,Sport,Vélo,1,695.46,0.3,Belgique,App,0.75,2,486.822
CMD09616,2024-01-29,Jean Dupont,Beauté,Parfum,1,676.0,0.3,Allemagne,App,7.71,2,473.2
CMD09617,2024-12-22,Carlos Gomez,Beauté,Crème visage,3,1515.37,0.3,Maroc,Web,13.88,3,3182.2769999999996
CMD09618,2024-06-30,Youssef El Amrani,Jouets,Voiture téléguidée,2,1648.87,0.25,Belgique,App,5.84,1,2473.305
CMD09619,2024-06-15,Léa Durand,Jouets,Lego,2,1395.53,0.1,France,Magasin,9.51,1,2511.954
CMD09620,2024-03-18,Carlos Gomez,Beauté,Crème visage,1,1774.18,0.15,Espagne,Magasin,2.32,3,1508.053
CMD09621,2024-12-09,Ali Benali,Mode,Montre,1,492.89,0.3,Maroc,Web,13.94,3,345.02299999999997
CMD09622,2024-03-02,Paolo Bianchi,Maison,Mixeur,2,988.45,0.1,France,Magasin,7.63,2,1779.21
CMD09623,2024-10-06,Lucie Martin,Maison,Ventilateur,2,151.33,0.1,Allemagne,App,1.38,3,272.394
CMD09624,2024-05-02,Jean Dupont,Beauté,Sérum,1,961.28,0.2,Italie,Magasin,14.67,1,769.024
CMD09625,2024-09-02,Paolo Bianchi,Maison,Lampadaire,1,1865.11,0.3,Suisse,Web,8.94,4,1305.5769999999998
CMD09626,2024-07-13,Carlos Gomez,Mode,Sac à main,5,1388.87,0.1,Allemagne,Magasin,8.4,3,6249.915
CMD09627,2024-09-24,Jean Dupont,Électronique,TV 4K,5,1671.31,0.3,France,Web,1.49,4,5849.584999999999
CMD09628,2024-10-27,Léa Durand,Électronique,Casque audio,1,1504.44,0.1,Maroc,Magasin,0.81,3,1353.996
CMD09629,2024-11-18,Lucie Martin,Sport,Chaussures de sport,1,631.98,0.15,Allemagne,Web,0.61,3,537.183
CMD09630,2024-02-10,Emma Rossi,Beauté,Shampoing,3,1296.39,0.25,Maroc,Web,11.88,2,2916.8775
CMD09631,2024-10-10,Nina Müller,Électronique,Casque audio,3,1903.35,0.3,Allemagne,Magasin,11.52,4,3997.0349999999994
CMD09632,2024-10-08,Sarah Moreau,Maison,Mixeur,2,891.05,0.15,Belgique,Web,0.02,3,1514.7849999999999
CMD09633,2024-03-20,Lucie Martin,Électronique,TV 4K,5,662.23,0.2,Maroc,Magasin,0.82,4,2648.92
CMD09634,2024-09-17,Paolo Bianchi,Maison,Aspirateur,1,330.14,0.3,Italie,App,4.27,2,231.09799999999998
CMD09635,2024-10-13,Nina Müller,Mode,Montre,4,740.12,0.25,Belgique,App,2.24,4,2220.36
CMD09636,2024-01-12,Jean Dupont,Beauté,Crème visage,4,725.03,0.0,Suisse,Magasin,12.63,1,2900.12
CMD09637,2024-07-30,Carlos Gomez,Électronique,Casque audio,4,392.08,0.2,Belgique,App,5.49,1,1254.656
CMD09638,2024-02-29,Carlos Gomez,Maison,Ventilateur,5,1314.01,0.15,Allemagne,Web,7.91,5,5584.5425
CMD09639,2024-01-22,Emma Rossi,Maison,Lampadaire,4,479.13,0.15,Maroc,Magasin,13.73,3,1629.042
CMD09640,2024-09-17,Jean Dupont,Mode,Jean,5,1228.76,0.25,France,App,4.01,1,4607.85
CMD09641,2024-03-11,Lucie Martin,Mode,Veste,3,1124.66,0.25,Italie,App,2.13,2,2530.4850000000006
CMD09642,2024-07-04,Carlos Gomez,Jouets,Lego,4,836.68,0.1,Espagne,App,5.18,5,3012.048
CMD09643,2024-02-14,Paolo Bianchi,Sport,Ballon,4,688.41,0.25,France,App,6.35,5,2065.23
CMD09644,2024-10-12,Léa Durand,Jouets,Puzzle,1,1851.85,0.25,Allemagne,Web,1.9,2,1388.8874999999998
CMD09645,2024-12-04,Carlos Gomez,Maison,Ventilateur,4,1806.05,0.1,Maroc,Magasin,14.74,1,6501.78
CMD09646,2024-06-18,Lucie Martin,Mode,Chaussures,2,1662.79,0.05,Suisse,Magasin,6.16,2,3159.301
CMD09647,2024-08-23,Nina Müller,Beauté,Shampoing,4,738.73,0.15,Italie,Magasin,1.14,4,2511.682
CMD09648,2024-01-28,Lucie Martin,Mode,Jean,4,88.08,0.1,Belgique,App,7.33,1,317.088
CMD09649,2024-01-19,Emma Rossi,Beauté,Crème visage,3,1220.33,0.05,Espagne,App,1.89,2,3477.9404999999997
CMD09650,2024-09-08,Ali Benali,Beauté,Sérum,2,1467.25,0.2,Allemagne,Magasin,3.21,2,2347.6
CMD09651,2024-03-23,Lucie Martin,Jouets,Lego,1,1700.12,0.15,Espagne,App,2.7,4,1445.1019999999999
CMD09652,2024-01-30,Carlos Gomez,Maison,Machine à café,1,911.05,0.3,Allemagne,App,2.74,3,637.7349999999999
CMD09653,2024-01-27,Nina Müller,Maison,Ventilateur,2,1560.22,0.1,Suisse,Web,12.03,4,2808.396
CMD09654,2024-06-04,Nina Müller,Jouets,Jeu de société,4,725.14,0.1,Maroc,App,6.92,2,2610.504
CMD09655,2024-02-11,Sarah Moreau,Jouets,Lego,3,1646.52,0.2,Espagne,Magasin,6.65,1,3951.6479999999997
CMD09656,2024-09-13,Sarah Moreau,Jouets,Jeu de société,5,209.93,0.25,France,Web,1.6,2,787.2375000000001
CMD09657,2024-04-28,Youssef El Amrani,Maison,Lampadaire,4,1359.34,0.2,France,Web,3.99,5,4349.888
CMD09658,2024-05-09,Youssef El Amrani,Sport,Ballon,1,1832.21,0.25,Suisse,Web,2.1,4,1374.1575
CMD09659,2024-10-17,Jean Dupont,Sport,Tapis de course,5,340.86,0.15,Italie,Magasin,10.31,2,1448.6550000000002
CMD09660,2024-04-04,Emma Rossi,Jouets,Lego,4,1593.24,0.2,France,Web,11.09,1,5098.368
CMD09661,2024-06-15,Léa Durand,Mode,Jean,1,1385.24,0.0,Allemagne,Magasin,0.27,3,1385.24
CMD09662,2024-01-27,Sarah Moreau,Jouets,Jeu de société,4,1277.52,0.2,Suisse,Magasin,2.47,1,4088.0640000000003
CMD09663,2024-06-28,Youssef El Amrani,Jouets,Voiture téléguidée,5,1087.05,0.0,Maroc,App,14.45,3,5435.25
CMD09664,2024-10-04,Carlos Gomez,Électronique,Smartphone,1,1988.79,0.0,France,Magasin,6.03,5,1988.79
CMD09665,2024-12-30,Emma Rossi,Jouets,Jeu de société,5,1953.02,0.25,Suisse,App,10.95,3,7323.825000000001
CMD09666,2024-02-12,Emma Rossi,Électronique,Casque audio,4,1268.81,0.05,Belgique,Web,11.12,3,4821.477999999999
CMD09667,2024-12-11,Jean Dupont,Mode,Jean,3,1593.15,0.2,Italie,App,11.37,3,3823.560000000001
CMD09668,2024-12-25,Paolo Bianchi,Beauté,Crème visage,1,1525.89,0.2,Belgique,Magasin,8.07,1,1220.7120000000002
CMD09669,2024-03-22,Paolo Bianchi,Maison,Machine à café,5,1894.43,0.1,Belgique,Web,10.58,3,8524.935
CMD09670,2024-11-01,Sarah Moreau,Sport,Raquette,4,1611.66,0.15,France,Magasin,12.38,4,5479.644
CMD09671,2024-11-30,Ali Benali,Beauté,Rouge à lèvres,5,318.93,0.05,Allemagne,Web,6.98,5,1514.9175
CMD09672,2024-09-23,Youssef El Amrani,Électronique,Smartphone,2,738.36,0.25,Allemagne,App,9.62,2,1107.54
CMD09673,2024-12-14,Youssef El Amrani,Jouets,Jeu de société,3,798.47,0.25,Italie,App,8.87,1,1796.5575
CMD09674,2024-06-25,Léa Durand,Beauté,Shampoing,4,239.26,0.3,Italie,Magasin,6.1,3,669.9279999999999
CMD09675,2024-07-01,Nina Müller,Beauté,Crème visage,5,1147.31,0.1,Italie,Web,9.72,2,5162.8949999999995
CMD09676,2024-09-17,Sarah Moreau,Maison,Aspirateur,3,264.8,0.0,Italie,Magasin,14.7,1,794.4000000000001
CMD09677,2024-03-23,Youssef El Amrani,Beauté,Sérum,2,989.31,0.1,France,Web,6.69,5,1780.758
CMD09678,2024-08-02,Ali Benali,Mode,Sac à main,4,1525.46,0.15,Espagne,Magasin,5.49,2,5186.564
CMD09679,2024-08-09,Jean Dupont,Jouets,Puzzle,5,525.43,0.25,Maroc,Magasin,3.9,1,1970.3624999999997
CMD09680,2024-06-06,Youssef El Amrani,Sport,Tapis de course,5,1741.12,0.0,Maroc,App,1.8,2,8705.599999999999
CMD09681,2024-02-03,Carlos Gomez,Maison,Mixeur,2,1459.85,0.25,Allemagne,App,8.84,2,2189.7749999999996
CMD09682,2024-01-07,Emma Rossi,Mode,Veste,2,20.84,0.1,Suisse,Web,1.76,4,37.512
CMD09683,2024-11-11,Jean Dupont,Maison,Ventilateur,4,787.77,0.05,Italie,Web,11.75,2,2993.526
CMD09684,2024-02-01,Paolo Bianchi,Mode,Jean,2,1413.65,0.3,France,Magasin,5.48,4,1979.11
CMD09685,2024-12-02,Lucie Martin,Sport,Ballon,2,919.39,0.0,Allemagne,Magasin,13.72,5,1838.78
CMD09686,2024-08-16,Nina Müller,Électronique,Ordinateur portable,4,1025.8,0.25,Allemagne,App,8.22,2,3077.3999999999996
CMD09687,2024-11-22,Léa Durand,Sport,Raquette,5,447.75,0.1,Allemagne,App,7.18,4,2014.875
CMD09688,2024-05-14,Sarah Moreau,Maison,Mixeur,3,1973.4,0.25,France,Web,11.76,1,4440.150000000001
CMD09689,2024-05-04,Sarah Moreau,Jouets,Voiture téléguidée,1,1984.43,0.3,Belgique,Web,12.91,2,1389.1009999999999
CMD09690,2024-05-10,Emma Rossi,Sport,Vélo,3,207.79,0.15,Suisse,Web,14.89,3,529.8645
CMD09691,2024-12-21,Paolo Bianchi,Sport,Chaussures de sport,3,924.28,0.3,Italie,Web,14.8,1,1940.988
CMD09692,2024-12-10,Ali Benali,Mode,Sac à main,1,1127.14,0.1,Suisse,Web,6.2,5,1014.4260000000002
CMD09693,2024-10-12,Nina Müller,Jouets,Puzzle,4,411.0,0.15,Espagne,Magasin,9.37,5,1397.3999999999999
CMD09694,2024-06-28,Youssef El Amrani,Maison,Aspirateur,2,1949.6,0.2,France,Web,11.39,3,3119.36
CMD09695,2024-10-23,Sarah Moreau,Jouets,Peluche,1,1658.29,0.0,Italie,Magasin,6.63,1,1658.29
CMD09696,2024-03-24,Lucie Martin,Mode,Veste,3,766.61,0.25,Italie,App,5.06,1,1724.8725
CMD09697,2024-11-22,Paolo Bianchi,Maison,Aspirateur,3,1024.51,0.15,Espagne,Magasin,7.57,3,2612.5004999999996
CMD09698,2024-07-14,Youssef El Amrani,Sport,Tapis de course,1,1072.84,0.0,Italie,Web,1.13,3,1072.84
CMD09699,2024-06-26,Paolo Bianchi,Maison,Mixeur,1,605.82,0.0,Espagne,Magasin,1.81,5,605.82
CMD09700,2024-10-13,Léa Durand,Beauté,Shampoing,4,1598.82,0.1,Maroc,Web,8.88,3,5755.7519999999995
CMD09701,2024-12-06,Emma Rossi,Mode,Chaussures,2,679.79,0.25,Belgique,Web,8.44,1,1019.685
CMD09702,2024-06-17,Carlos Gomez,Sport,Chaussures de sport,2,1394.47,0.2,Belgique,Magasin,11.93,2,2231.152
CMD09703,2024-08-29,Carlos Gomez,Électronique,Ordinateur portable,3,1272.56,0.15,Italie,App,0.02,4,3245.028
CMD09704,2024-03-08,Sarah Moreau,Électronique,Smartphone,4,666.13,0.0,Belgique,Web,4.03,2,2664.52
CMD09705,2024-07-22,Ali Benali,Électronique,Smartphone,1,191.45,0.0,Allemagne,Magasin,9.55,2,191.45
CMD09706,2024-08-23,Jean Dupont,Jouets,Lego,3,1335.4,0.1,Suisse,Web,12.63,3,3605.5800000000004
CMD09707,2024-10-16,Nina Müller,Jouets,Jeu de société,2,297.89,0.15,Suisse,Magasin,13.49,5,506.41299999999995
CMD09708,2024-10-12,Ali Benali,Maison,Ventilateur,1,839.81,0.1,Suisse,Magasin,5.95,1,755.829
CMD09709,2024-12-04,Emma Rossi,Sport,Vélo,5,766.02,0.1,Allemagne,Web,11.62,4,3447.09
CMD09710,2024-05-18,Sarah Moreau,Sport,Raquette,5,1867.5,0.0,Suisse,App,0.21,5,9337.5
CMD09711,2024-11-16,Youssef El Amrani,Électronique,Smartphone,2,1115.89,0.15,Belgique,Magasin,8.04,4,1897.0130000000001
CMD09712,2024-08-09,Carlos Gomez,Jouets,Lego,2,1038.03,0.0,Italie,Web,10.4,1,2076.06
CMD09713,2024-09-13,Jean Dupont,Maison,Ventilateur,1,644.54,0.15,Italie,Magasin,11.68,5,547.8589999999999
CMD09714,2024-09-15,Léa Durand,Jouets,Peluche,5,1146.91,0.0,Maroc,Magasin,12.05,5,5734.55
CMD09715,2024-01-18,Paolo Bianchi,Sport,Chaussures de sport,3,818.9,0.05,France,Web,10.72,2,2333.865
CMD09716,2024-11-21,Carlos Gomez,Jouets,Puzzle,1,1230.36,0.15,Suisse,Magasin,8.28,5,1045.8059999999998
CMD09717,2024-04-30,Jean Dupont,Mode,Jean,5,1869.64,0.15,Allemagne,App,14.56,5,7945.97
CMD09718,2024-08-08,Ali Benali,Sport,Tapis de course,4,790.48,0.0,Suisse,App,8.29,5,3161.92
CMD09719,2024-04-07,Emma Rossi,Sport,Ballon,4,101.77,0.15,Italie,Web,14.17,1,346.018
CMD09720,2024-09-04,Ali Benali,Jouets,Puzzle,4,512.69,0.25,Italie,Web,6.32,3,1538.0700000000002
CMD09721,2024-02-26,Youssef El Amrani,Beauté,Rouge à lèvres,4,104.59,0.1,Allemagne,Magasin,1.25,5,376.524
CMD09722,2024-12-30,Emma Rossi,Électronique,Ordinateur portable,3,334.36,0.15,France,Magasin,0.48,5,852.618
CMD09723,2024-08-05,Sarah Moreau,Mode,Jean,1,804.94,0.25,Suisse,App,4.74,5,603.705
CMD09724,2024-07-11,Léa Durand,Beauté,Sérum,2,796.43,0.05,Maroc,Web,14.54,3,1513.2169999999999
CMD09725,2024-02-05,Carlos Gomez,Jouets,Puzzle,5,174.66,0.1,France,App,8.06,3,785.97
CMD09726,2024-08-26,Léa Durand,Mode,Montre,5,573.04,0.05,Maroc,Magasin,11.58,3,2721.9399999999996
CMD09727,2024-10-06,Sarah Moreau,Sport,Raquette,2,79.93,0.3,Suisse,App,6.57,1,111.902
CMD09728,2024-11-30,Paolo Bianchi,Jouets,Voiture téléguidée,3,194.91,0.0,Espagne,Magasin,1.13,2,584.73
CMD09729,2024-10-21,Jean Dupont,Électronique,Smartphone,1,60.13,0.1,Italie,App,9.86,1,54.117000000000004
CMD09730,2024-03-03,Ali Benali,Maison,Aspirateur,1,106.64,0.1,France,Web,2.62,2,95.976
CMD09731,2024-08-04,Sarah Moreau,Maison,Machine à café,5,1972.49,0.25,Allemagne,App,3.95,4,7396.837500000001
CMD09732,2024-07-04,Lucie Martin,Maison,Aspirateur,5,822.71,0.25,Allemagne,App,2.04,3,3085.1625000000004
CMD09733,2024-07-03,Ali Benali,Électronique,Casque audio,4,489.04,0.2,France,Web,10.64,1,1564.928
CMD09734,2024-09-18,Ali Benali,Beauté,Crème visage,5,1382.52,0.15,Italie,Web,13.73,2,5875.71
CMD09735,2024-09-30,Carlos Gomez,Mode,Jean,5,994.0,0.1,Italie,App,11.0,5,4473.0
CMD09736,2024-09-18,Léa Durand,Sport,Raquette,3,1600.68,0.2,Maroc,App,4.09,1,3841.632
CMD09737,2024-06-22,Ali Benali,Électronique,TV 4K,2,1533.03,0.0,Italie,Web,8.32,3,3066.06
CMD09738,2024-04-14,Paolo Bianchi,Mode,Montre,5,876.4,0.25,Allemagne,Web,1.64,1,3286.5
CMD09739,2024-05-24,Jean Dupont,Maison,Machine à café,2,1343.54,0.15,Italie,Web,14.78,5,2284.018
CMD09740,2024-04-29,Youssef El Amrani,Mode,Sac à main,1,1683.89,0.0,Maroc,App,14.85,1,1683.89
CMD09741,2024-11-05,Sarah Moreau,Mode,Jean,1,1882.43,0.3,Maroc,App,9.96,1,1317.701
CMD09742,2024-04-28,Carlos Gomez,Jouets,Lego,1,989.76,0.15,Suisse,Web,2.85,3,841.2959999999999
CMD09743,2024-01-17,Emma Rossi,Sport,Raquette,4,497.49,0.05,Suisse,App,11.36,5,1890.462
CMD09744,2024-05-28,Youssef El Amrani,Sport,Raquette,4,352.04,0.1,Espagne,Magasin,11.42,1,1267.344
CMD09745,2024-08-24,Emma Rossi,Électronique,Tablette,5,1067.25,0.1,Suisse,Magasin,6.67,2,4802.625
CMD09746,2024-08-21,Carlos Gomez,Maison,Aspirateur,1,239.5,0.15,Italie,Magasin,2.29,1,203.575
CMD09747,2024-04-07,Ali Benali,Jouets,Puzzle,3,480.78,0.05,Maroc,Web,2.96,5,1370.223
CMD09748,2024-12-01,Nina Müller,Beauté,Sérum,4,25.95,0.15,Maroc,App,13.56,5,88.22999999999999
CMD09749,2024-09-25,Lucie Martin,Électronique,Ordinateur portable,4,461.84,0.2,Suisse,App,14.1,5,1477.888
CMD09750,2024-02-10,Sarah Moreau,Jouets,Voiture téléguidée,3,1125.35,0.0,France,Web,5.26,1,3376.0499999999997
CMD09751,2024-02-09,Léa Durand,Électronique,TV 4K,3,594.09,0.3,Allemagne,App,1.36,3,1247.589
CMD09752,2024-07-23,Lucie Martin,Jouets,Puzzle,3,237.18,0.05,Italie,App,9.35,4,675.963
CMD09753,2024-08-13,Léa Durand,Sport,Ballon,2,517.21,0.05,Maroc,Magasin,4.31,4,982.6990000000001
CMD09754,2024-04-12,Youssef El Amrani,Maison,Lampadaire,5,1301.35,0.2,Belgique,Magasin,7.77,5,5205.400000000001
CMD09755,2024-11-10,Emma Rossi,Maison,Lampadaire,5,1179.83,0.05,Italie,Web,3.99,1,5604.192499999999
CMD09756,2024-11-04,Jean Dupont,Sport,Vélo,5,1287.76,0.05,Belgique,App,2.62,3,6116.86
CMD09757,2024-09-19,Emma Rossi,Jouets,Voiture téléguidée,4,1779.55,0.05,Italie,Web,3.34,5,6762.29
CMD09758,2024-03-01,Sarah Moreau,Maison,Lampadaire,3,1271.25,0.15,Italie,Web,14.82,4,3241.6875
CMD09759,2024-03-03,Sarah Moreau,Sport,Chaussures de sport,2,753.46,0.0,Maroc,Web,1.58,1,1506.92
CMD09760,2024-06-12,Youssef El Amrani,Beauté,Crème visage,1,1270.67,0.25,Suisse,Web,3.53,5,953.0025
CMD09761,2024-05-26,Jean Dupont,Beauté,Crème visage,5,1407.35,0.25,Espagne,Web,6.69,3,5277.5625
CMD09762,2024-08-21,Sarah Moreau,Sport,Tapis de course,3,1469.91,0.25,Maroc,App,0.29,1,3307.2975000000006
CMD09763,2024-04-03,Ali Benali,Sport,Tapis de course,2,1409.03,0.15,Maroc,App,14.64,2,2395.351
CMD09764,2024-04-28,Jean Dupont,Beauté,Rouge à lèvres,1,1873.68,0.0,Allemagne,Magasin,0.87,3,1873.68
CMD09765,2024-04-26,Jean Dupont,Sport,Raquette,1,393.98,0.3,Suisse,App,13.14,2,275.786
CMD09766,2024-01-06,Léa Durand,Beauté,Sérum,3,1535.14,0.3,Espagne,Web,8.98,3,3223.794
CMD09767,2024-08-17,Youssef El Amrani,Beauté,Shampoing,1,1696.38,0.3,Belgique,Magasin,4.9,3,1187.466
CMD09768,2024-06-07,Youssef El Amrani,Beauté,Parfum,2,1994.46,0.15,France,App,7.4,1,3390.582
CMD09769,2024-11-25,Carlos Gomez,Sport,Tapis de course,1,1533.86,0.3,Maroc,Web,10.11,5,1073.7019999999998
CMD09770,2024-04-11,Youssef El Amrani,Maison,Aspirateur,1,1407.74,0.0,Espagne,App,6.77,5,1407.74
CMD09771,2024-09-02,Léa Durand,Sport,Vélo,4,284.17,0.0,Allemagne,Web,10.12,3,1136.68
CMD09772,2024-02-26,Paolo Bianchi,Beauté,Parfum,1,1101.85,0.2,France,Magasin,4.56,2,881.48
CMD09773,2024-12-29,Paolo Bianchi,Jouets,Puzzle,3,1633.96,0.0,France,Web,9.75,1,4901.88
CMD09774,2024-08-22,Paolo Bianchi,Mode,Jean,2,282.57,0.3,Maroc,Web,10.09,2,395.59799999999996
CMD09775,2024-05-21,Lucie Martin,Sport,Raquette,1,636.12,0.0,Espagne,Magasin,0.96,2,636.12
CMD09776,2024-10-22,Youssef El Amrani,Maison,Mixeur,4,613.85,0.1,Italie,Magasin,3.65,4,2209.86
CMD09777,2024-07-04,Nina Müller,Sport,Chaussures de sport,5,1346.69,0.25,France,Magasin,4.28,5,5050.087500000001
CMD09778,2024-05-24,Carlos Gomez,Beauté,Rouge à lèvres,3,1456.26,0.3,France,App,0.18,2,3058.1459999999997
CMD09779,2024-02-26,Ali Benali,Sport,Vélo,1,1096.37,0.2,Suisse,Magasin,9.01,5,877.096
CMD09780,2024-01-28,Emma Rossi,Sport,Ballon,4,1023.79,0.25,Suisse,Magasin,14.77,3,3071.37
CMD09781,2024-12-29,Youssef El Amrani,Maison,Machine à café,1,459.8,0.25,France,App,9.0,1,344.85
CMD09782,2024-04-23,Youssef El Amrani,Maison,Lampadaire,4,196.58,0.1,Belgique,Web,14.01,4,707.6880000000001
CMD09783,2024-09-21,Youssef El Amrani,Beauté,Rouge à lèvres,4,739.95,0.0,Suisse,App,8.5,4,2959.8
CMD09784,2024-05-31,Lucie Martin,Électronique,Ordinateur portable,3,251.7,0.1,Allemagne,Web,8.65,1,679.5899999999999
CMD09785,2024-02-12,Paolo Bianchi,Sport,Vélo,1,316.42,0.2,Maroc,App,8.88,2,253.13600000000002
CMD09786,2024-09-13,Paolo Bianchi,Électronique,Tablette,4,1685.94,0.05,Italie,Web,12.66,2,6406.572
CMD09787,2024-10-28,Lucie Martin,Mode,Jean,2,1582.99,0.15,Maroc,Magasin,12.97,3,2691.083
CMD09788,2024-05-23,Lucie Martin,Mode,Montre,5,1638.66,0.3,Allemagne,App,1.94,2,5735.31
CMD09789,2024-02-12,Léa Durand,Beauté,Crème visage,3,927.18,0.15,Suisse,Web,2.44,3,2364.3089999999997
CMD09790,2024-04-13,Carlos Gomez,Maison,Ventilateur,5,306.37,0.3,Espagne,Magasin,7.11,3,1072.2949999999998
CMD09791,2024-07-25,Carlos Gomez,Beauté,Sérum,4,1329.08,0.1,Italie,Web,12.91,2,4784.688
CMD09792,2024-05-15,Nina Müller,Maison,Mixeur,5,1010.42,0.05,Suisse,Web,2.81,1,4799.494999999999
CMD09793,2024-06-24,Youssef El Amrani,Mode,Jean,5,1483.07,0.2,Italie,Web,6.31,4,5932.28
CMD09794,2024-09-11,Paolo Bianchi,Mode,Sac à main,3,776.39,0.2,Suisse,Web,5.08,3,1863.3360000000002
CMD09795,2024-08-24,Léa Durand,Sport,Tapis de course,3,1912.46,0.1,Allemagne,App,14.66,2,5163.642
CMD09796,2024-01-26,Sarah Moreau,Maison,Machine à café,3,600.63,0.15,Italie,App,14.46,4,1531.6064999999999
CMD09797,2024-06-29,Lucie Martin,Électronique,Ordinateur portable,5,1511.54,0.3,Espagne,Web,9.04,2,5290.389999999999
CMD09798,2024-11-24,Youssef El Amrani,Mode,Jean,2,1299.25,0.0,Espagne,Web,7.73,5,2598.5
CMD09799,2024-01-07,Lucie Martin,Maison,Machine à café,4,180.06,0.0,Italie,Magasin,3.96,3,720.24
CMD09800,2024-09-01,Paolo Bianchi,Maison,Mixeur,4,405.94,0.15,Maroc,Magasin,0.85,3,1380.196
CMD09801,2024-12-20,Youssef El Amrani,Sport,Ballon,3,1999.35,0.15,Suisse,Magasin,0.97,1,5098.342499999999
CMD09802,2024-08-18,Lucie Martin,Jouets,Jeu de société,3,919.2,0.2,Espagne,Web,0.82,5,2206.0800000000004
CMD09803,2024-06-18,Paolo Bianchi,Jouets,Jeu de société,2,1321.34,0.05,France,Magasin,1.82,2,2510.546
CMD09804,2024-10-11,Carlos Gomez,Mode,Veste,1,88.1,0.0,Allemagne,Web,6.92,2,88.1
CMD09805,2024-02-29,Ali Benali,Maison,Ventilateur,4,28.56,0.3,Espagne,Magasin,4.3,4,79.96799999999999
CMD09806,2024-09-24,Lucie Martin,Jouets,Jeu de société,5,18.89,0.2,France,App,9.65,1,75.56
CMD09807,2024-08-16,Nina Müller,Jouets,Jeu de société,1,1703.54,0.3,Suisse,App,8.97,2,1192.4779999999998
CMD09808,2024-01-24,Léa Durand,Sport,Vélo,2,465.91,0.2,Suisse,Magasin,14.76,4,745.4560000000001
CMD09809,2024-10-11,Ali Benali,Sport,Ballon,5,1033.66,0.25,Allemagne,App,3.4,2,3876.2250000000004
CMD09810,2024-12-13,Youssef El Amrani,Sport,Raquette,2,40.72,0.0,Belgique,App,11.31,5,81.44
CMD09811,2024-05-28,Paolo Bianchi,Sport,Vélo,2,1582.04,0.2,Allemagne,Web,11.95,3,2531.264
CMD09812,2024-11-21,Youssef El Amrani,Beauté,Parfum,1,244.73,0.25,France,App,11.22,4,183.54749999999999
CMD09813,2024-09-13,Jean Dupont,Maison,Lampadaire,2,712.35,0.2,Espagne,Web,4.12,1,1139.76
CMD09814,2024-01-01,Emma Rossi,Sport,Vélo,2,712.24,0.0,Belgique,App,11.08,1,1424.48
CMD09815,2024-09-09,Carlos Gomez,Mode,Sac à main,5,1148.78,0.1,Espagne,App,10.76,4,5169.51
CMD09816,2024-07-14,Lucie Martin,Jouets,Lego,4,1814.38,0.15,Italie,Magasin,0.82,2,6168.892
CMD09817,2024-12-05,Jean Dupont,Sport,Chaussures de sport,3,930.42,0.0,Espagne,Magasin,2.73,4,2791.2599999999998
CMD09818,2024-02-21,Youssef El Amrani,Beauté,Crème visage,5,1001.79,0.05,Italie,App,13.44,3,4758.5025
CMD09819,2024-03-22,Paolo Bianchi,Beauté,Crème visage,4,133.22,0.0,Belgique,App,10.95,3,532.88
CMD09820,2024-04-23,Lucie Martin,Maison,Aspirateur,1,1497.15,0.2,Italie,Web,5.31,4,1197.72
CMD09821,2024-10-17,Paolo Bianchi,Beauté,Parfum,5,1720.24,0.25,Allemagne,Magasin,14.99,3,6450.900000000001
CMD09822,2024-04-12,Jean Dupont,Beauté,Sérum,5,83.28,0.3,Espagne,Web,6.81,3,291.47999999999996
CMD09823,2024-03-22,Ali Benali,Maison,Machine à café,1,1232.11,0.05,Espagne,Web,6.1,4,1170.5044999999998
CMD09824,2024-09-06,Lucie Martin,Mode,Montre,2,1924.16,0.3,Suisse,App,8.18,1,2693.824
CMD09825,2024-01-17,Jean Dupont,Beauté,Rouge à lèvres,5,94.67,0.0,Maroc,App,11.35,5,473.35
CMD09826,2024-12-05,Jean Dupont,Électronique,Casque audio,2,988.94,0.1,Belgique,Web,6.24,2,1780.092
CMD09827,2024-08-01,Jean Dupont,Mode,Chaussures,5,1225.33,0.25,Belgique,Web,0.42,5,4594.987499999999
CMD09828,2024-08-21,Emma Rossi,Électronique,Casque audio,2,131.63,0.1,Allemagne,Magasin,0.63,4,236.934
CMD09829,2024-05-28,Ali Benali,Jouets,Voiture téléguidée,1,421.48,0.0,Belgique,Web,13.45,2,421.48
CMD09830,2024-11-05,Léa Durand,Sport,Raquette,5,711.11,0.25,Suisse,App,7.92,1,2666.6625000000004
CMD09831,2024-09-15,Sarah Moreau,Jouets,Puzzle,3,1646.46,0.25,France,App,11.17,4,3704.535
CMD09832,2024-01-07,Emma Rossi,Mode,Montre,4,583.41,0.25,Maroc,App,11.93,5,1750.23
CMD09833,2024-05-13,Jean Dupont,Mode,Montre,5,358.92,0.05,Espagne,Magasin,10.86,4,1704.8700000000001
CMD09834,2024-05-19,Emma Rossi,Maison,Ventilateur,4,43.9,0.2,Italie,App,1.31,5,140.48
CMD09835,2024-08-01,Emma Rossi,Beauté,Sérum,5,567.88,0.1,Italie,App,5.79,3,2555.46
CMD09836,2024-09-27,Carlos Gomez,Mode,Sac à main,4,1284.18,0.3,Espagne,App,14.91,3,3595.7039999999997
CMD09837,2024-11-22,Youssef El Amrani,Sport,Vélo,2,1235.37,0.3,Suisse,App,10.0,1,1729.5179999999998
CMD09838,2024-07-23,Lucie Martin,Mode,Sac à main,3,1617.56,0.0,France,Magasin,3.37,5,4852.68
CMD09839,2024-01-06,Ali Benali,Maison,Mixeur,3,107.72,0.25,Espagne,Web,3.95,4,242.36999999999998
CMD09840,2024-06-28,Léa Durand,Électronique,Tablette,3,1811.82,0.1,Suisse,Web,8.82,4,4891.914
CMD09841,2024-05-05,Carlos Gomez,Mode,Sac à main,5,1852.17,0.2,Suisse,Magasin,3.61,4,7408.68
CMD09842,2024-11-06,Lucie Martin,Maison,Ventilateur,2,1462.06,0.05,France,App,8.98,4,2777.9139999999998
CMD09843,2024-03-28,Carlos Gomez,Jouets,Puzzle,1,1686.35,0.05,Allemagne,Web,9.04,3,1602.0324999999998
CMD09844,2024-12-02,Sarah Moreau,Beauté,Parfum,3,1770.74,0.3,Suisse,App,10.74,3,3718.554
CMD09845,2024-01-22,Paolo Bianchi,Maison,Mixeur,1,1532.1,0.05,Suisse,Web,1.99,1,1455.495
CMD09846,2024-10-04,Youssef El Amrani,Maison,Lampadaire,2,178.59,0.1,Italie,Web,3.36,3,321.462
CMD09847,2024-06-16,Lucie Martin,Électronique,Smartphone,1,412.57,0.0,Espagne,App,2.41,2,412.57
CMD09848,2024-12-07,Nina Müller,Beauté,Sérum,2,161.03,0.0,Suisse,Web,13.69,2,322.06
CMD09849,2024-09-28,Nina Müller,Maison,Ventilateur,4,44.1,0.25,Suisse,App,0.5,1,132.3
CMD09850,2024-01-05,Youssef El Amrani,Beauté,Parfum,3,480.54,0.1,Espagne,Web,12.41,5,1297.458
CMD09851,2024-03-30,Youssef El Amrani,Jouets,Peluche,5,1558.74,0.1,France,App,7.3,5,7014.33
CMD09852,2024-01-30,Jean Dupont,Mode,Sac à main,4,1366.37,0.0,Allemagne,Magasin,6.92,4,5465.48
CMD09853,2024-06-04,Lucie Martin,Sport,Tapis de course,5,729.11,0.0,Belgique,Web,4.74,5,3645.55
CMD09854,2024-06-28,Youssef El Amrani,Jouets,Puzzle,2,145.26,0.2,Allemagne,Web,12.01,1,232.416
CMD09855,2024-10-06,Ali Benali,Électronique,Tablette,2,1830.67,0.15,Allemagne,App,9.75,1,3112.139
CMD09856,2024-03-24,Léa Durand,Électronique,Casque audio,3,1879.18,0.0,Allemagne,Web,1.83,5,5637.54
CMD09857,2024-09-28,Paolo Bianchi,Maison,Ventilateur,4,1462.32,0.2,Espagne,Magasin,0.42,2,4679.424
CMD09858,2024-07-15,Carlos Gomez,Jouets,Peluche,5,836.77,0.05,Suisse,Web,10.41,5,3974.6575000000003
CMD09859,2024-06-12,Sarah Moreau,Beauté,Sérum,2,156.72,0.25,Espagne,Web,4.45,1,235.07999999999998
CMD09860,2024-06-23,Ali Benali,Sport,Vélo,5,1077.19,0.0,Allemagne,Magasin,10.71,3,5385.950000000001
CMD09861,2024-06-12,Paolo Bianchi,Jouets,Peluche,1,1073.93,0.0,France,Web,4.06,4,1073.93
CMD09862,2024-08-14,Léa Durand,Électronique,Tablette,3,441.63,0.0,Allemagne,Web,0.13,5,1324.8899999999999
CMD09863,2024-11-19,Emma Rossi,Beauté,Rouge à lèvres,3,965.05,0.05,Belgique,Magasin,9.73,2,2750.3924999999995
CMD09864,2024-07-06,Lucie Martin,Beauté,Crème visage,2,486.45,0.1,Suisse,App,14.62,2,875.61
CMD09865,2024-06-25,Youssef El Amrani,Sport,Raquette,2,1975.6,0.0,Belgique,Web,7.2,5,3951.2
CMD09866,2024-09-21,Sarah Moreau,Sport,Ballon,5,1350.46,0.0,Maroc,Web,14.95,3,6752.3
CMD09867,2024-08-12,Nina Müller,Jouets,Peluche,5,750.61,0.0,France,Web,3.73,5,3753.05
CMD09868,2024-12-25,Ali Benali,Mode,Veste,5,703.01,0.0,Suisse,App,1.81,4,3515.05
CMD09869,2024-02-18,Jean Dupont,Mode,Jean,1,1867.51,0.25,Suisse,Magasin,1.11,4,1400.6325
CMD09870,2024-06-10,Carlos Gomez,Sport,Tapis de course,4,1530.37,0.05,Belgique,App,5.45,5,5815.405999999999
CMD09871,2024-02-15,Lucie Martin,Beauté,Rouge à lèvres,4,1797.94,0.05,Belgique,Magasin,13.64,3,6832.172
CMD09872,2024-07-26,Carlos Gomez,Jouets,Peluche,2,1338.97,0.05,France,Magasin,6.62,1,2544.043
CMD09873,2024-12-09,Sarah Moreau,Maison,Mixeur,3,808.74,0.0,Espagne,App,11.58,1,2426.2200000000003
CMD09874,2024-10-14,Lucie Martin,Maison,Aspirateur,5,566.7,0.1,Suisse,Magasin,8.01,5,2550.15
CMD09875,2024-01-12,Sarah Moreau,Beauté,Shampoing,1,1004.18,0.2,Espagne,Magasin,0.85,2,803.344
CMD09876,2024-05-15,Léa Durand,Électronique,Tablette,2,1729.31,0.15,Allemagne,App,7.19,5,2939.8269999999998
CMD09877,2024-05-19,Sarah Moreau,Maison,Machine à café,2,732.9,0.0,France,Magasin,4.89,5,1465.8
CMD09878,2024-10-08,Nina Müller,Mode,Veste,4,1447.11,0.05,Maroc,Magasin,5.53,1,5499.017999999999
CMD09879,2024-12-03,Emma Rossi,Jouets,Jeu de société,3,1973.87,0.1,Belgique,App,13.86,1,5329.449
CMD09880,2024-02-15,Sarah Moreau,Électronique,Tablette,2,617.52,0.3,Suisse,Magasin,8.82,5,864.5279999999999
CMD09881,2024-11-03,Carlos Gomez,Jouets,Puzzle,3,394.78,0.0,Maroc,Web,1.57,5,1184.34
CMD09882,2024-06-16,Carlos Gomez,Beauté,Parfum,3,1203.37,0.2,Belgique,App,2.9,5,2888.0879999999997
CMD09883,2024-07-26,Youssef El Amrani,Beauté,Crème visage,1,365.53,0.15,France,Web,1.73,3,310.7005
CMD09884,2024-06-28,Jean Dupont,Beauté,Sérum,1,1748.13,0.3,Italie,Web,7.03,1,1223.691
CMD09885,2024-11-01,Paolo Bianchi,Jouets,Peluche,3,752.64,0.0,Suisse,Magasin,14.44,2,2257.92
CMD09886,2024-04-06,Paolo Bianchi,Beauté,Parfum,4,185.19,0.0,Maroc,Magasin,6.42,2,740.76
CMD09887,2024-08-01,Ali Benali,Sport,Chaussures de sport,5,1233.59,0.25,Belgique,Magasin,4.7,2,4625.9625
CMD09888,2024-04-13,Youssef El Amrani,Électronique,Ordinateur portable,4,381.72,0.25,Belgique,Magasin,1.15,1,1145.16
CMD09889,2024-11-29,Nina Müller,Maison,Mixeur,5,1711.28,0.3,Allemagne,Web,13.28,1,5989.48
CMD09890,2024-09-22,Emma Rossi,Beauté,Shampoing,2,1400.31,0.3,Espagne,Web,8.66,4,1960.4339999999997
CMD09891,2024-12-10,Youssef El Amrani,Maison,Ventilateur,5,228.67,0.0,Suisse,Web,4.38,5,1143.35
CMD09892,2024-09-23,Jean Dupont,Jouets,Voiture téléguidée,4,876.39,0.25,Espagne,App,2.34,1,2629.17
CMD09893,2024-08-06,Sarah Moreau,Sport,Ballon,2,1666.77,0.1,Allemagne,Magasin,5.39,5,3000.186
CMD09894,2024-03-11,Ali Benali,Électronique,Ordinateur portable,3,408.65,0.1,Suisse,App,9.25,4,1103.3549999999998
CMD09895,2024-12-10,Carlos Gomez,Beauté,Crème visage,4,542.88,0.2,France,Web,7.99,3,1737.2160000000001
CMD09896,2024-01-20,Carlos Gomez,Jouets,Lego,2,172.82,0.3,Allemagne,Web,6.84,3,241.94799999999998
CMD09897,2024-01-21,Lucie Martin,Sport,Tapis de course,2,62.41,0.1,Suisse,Web,6.2,2,112.338
CMD09898,2024-07-17,Nina Müller,Mode,Sac à main,1,1618.37,0.15,Italie,Magasin,2.78,1,1375.6145
CMD09899,2024-02-28,Léa Durand,Électronique,Ordinateur portable,2,475.12,0.05,Suisse,Web,4.59,4,902.728
CMD09900,2024-09-23,Ali Benali,Maison,Lampadaire,5,156.79,0.1,Allemagne,App,1.88,1,705.555
CMD09901,2024-01-01,Jean Dupont,Beauté,Rouge à lèvres,2,162.78,0.25,Maroc,Web,8.64,3,244.17000000000002
CMD09902,2024-08-27,Lucie Martin,Mode,Sac à main,1,1949.79,0.25,Suisse,App,13.04,1,1462.3425
CMD09903,2024-07-16,Nina Müller,Sport,Chaussures de sport,1,61.01,0.1,Belgique,Magasin,5.31,3,54.909
CMD09904,2024-06-26,Jean Dupont,Mode,Chaussures,2,282.39,0.25,Allemagne,Magasin,5.04,4,423.585
CMD09905,2024-08-07,Nina Müller,Maison,Machine à café,5,678.31,0.3,Belgique,Magasin,7.74,4,2374.0849999999996
CMD09906,2024-07-12,Jean Dupont,Beauté,Rouge à lèvres,4,1961.97,0.15,Allemagne,Web,4.8,3,6670.698
CMD09907,2024-08-20,Youssef El Amrani,Électronique,Tablette,2,965.45,0.15,Maroc,Magasin,12.04,5,1641.265
CMD09908,2024-09-11,Paolo Bianchi,Mode,Montre,4,321.14,0.25,Suisse,App,4.33,1,963.42
CMD09909,2024-06-21,Ali Benali,Sport,Chaussures de sport,2,981.15,0.0,France,Magasin,14.11,5,1962.3
CMD09910,2024-09-22,Nina Müller,Beauté,Shampoing,4,802.01,0.2,Belgique,Magasin,8.12,1,2566.4320000000002
CMD09911,2024-12-17,Carlos Gomez,Sport,Chaussures de sport,2,422.33,0.1,Italie,App,2.13,2,760.194
CMD09912,2024-04-04,Jean Dupont,Électronique,Casque audio,4,1375.6,0.0,Maroc,Web,10.38,1,5502.4
CMD09913,2024-05-21,Sarah Moreau,Sport,Tapis de course,1,133.25,0.15,France,Web,11.84,2,113.2625
CMD09914,2024-03-12,Carlos Gomez,Sport,Raquette,3,548.84,0.2,Italie,Web,9.2,5,1317.2160000000001
CMD09915,2024-02-11,Youssef El Amrani,Mode,Jean,5,1985.82,0.3,Italie,Magasin,8.74,2,6950.37
CMD09916,2024-05-30,Carlos Gomez,Sport,Chaussures de sport,2,490.25,0.15,Suisse,App,14.81,1,833.425
CMD09917,2024-07-23,Ali Benali,Sport,Chaussures de sport,4,1703.66,0.3,Belgique,Magasin,0.0,1,4770.248
CMD09918,2024-11-18,Emma Rossi,Électronique,Casque audio,5,1425.61,0.0,Maroc,App,11.92,3,7128.049999999999
CMD09919,2024-03-31,Jean Dupont,Mode,Jean,5,896.38,0.25,Suisse,Web,14.26,2,3361.4249999999997
CMD09920,2024-09-21,Nina Müller,Maison,Mixeur,2,277.63,0.0,Italie,Web,3.97,5,555.26
CMD09921,2024-10-08,Paolo Bianchi,Électronique,Ordinateur portable,4,322.6,0.3,Maroc,Web,10.66,1,903.28
CMD09922,2024-03-02,Lucie Martin,Sport,Chaussures de sport,1,576.43,0.3,France,App,1.23,5,403.5009999999999
CMD09923,2024-12-28,Youssef El Amrani,Électronique,TV 4K,2,1085.24,0.15,France,Magasin,9.31,3,1844.908
CMD09924,2024-06-13,Ali Benali,Sport,Ballon,5,527.79,0.2,Suisse,Magasin,13.57,5,2111.16
CMD09925,2024-04-10,Nina Müller,Jouets,Peluche,5,1822.47,0.25,Espagne,App,13.74,3,6834.262500000001
CMD09926,2024-07-21,Sarah Moreau,Beauté,Rouge à lèvres,5,1947.05,0.15,France,Web,7.53,1,8274.9625
CMD09927,2024-05-12,Nina Müller,Beauté,Rouge à lèvres,3,728.59,0.25,Allemagne,Magasin,2.52,2,1639.3274999999999
CMD09928,2024-02-21,Jean Dupont,Mode,Chaussures,5,179.76,0.05,Italie,Magasin,13.04,2,853.8599999999999
CMD09929,2024-10-05,Léa Durand,Jouets,Puzzle,3,148.6,0.25,Maroc,Web,14.18,5,334.34999999999997
CMD09930,2024-04-26,Emma Rossi,Beauté,Sérum,5,1714.12,0.0,Maroc,Magasin,6.68,5,8570.599999999999
CMD09931,2024-01-16,Paolo Bianchi,Maison,Ventilateur,5,859.97,0.15,Maroc,Magasin,8.99,1,3654.8725000000004
CMD09932,2024-08-20,Youssef El Amrani,Mode,Jean,2,465.11,0.25,France,Web,8.81,5,697.665
CMD09933,2024-12-18,Léa Durand,Électronique,TV 4K,2,280.67,0.0,France,App,9.45,5,561.34
CMD09934,2024-11-13,Carlos Gomez,Électronique,Tablette,4,1616.75,0.15,France,Web,3.94,1,5496.95
CMD09935,2024-07-22,Sarah Moreau,Sport,Tapis de course,4,782.88,0.3,Espagne,Magasin,12.13,5,2192.064
CMD09936,2024-09-30,Youssef El Amrani,Beauté,Crème visage,2,594.15,0.2,Allemagne,App,7.15,4,950.64
CMD09937,2024-07-01,Nina Müller,Mode,Veste,1,1485.03,0.0,France,Web,5.08,3,1485.03
CMD09938,2024-08-27,Youssef El Amrani,Maison,Machine à café,4,195.4,0.15,Belgique,Magasin,1.4,4,664.36
CMD09939,2024-09-15,Youssef El Amrani,Beauté,Parfum,2,937.96,0.15,Allemagne,Web,3.2,3,1594.532
CMD09940,2024-08-23,Youssef El Amrani,Électronique,TV 4K,2,411.8,0.0,Suisse,App,3.16,2,823.6
CMD09941,2024-02-21,Emma Rossi,Maison,Ventilateur,1,1645.55,0.3,Allemagne,Web,11.38,2,1151.885
CMD09942,2024-11-25,Sarah Moreau,Beauté,Shampoing,4,1023.95,0.15,Suisse,App,3.05,1,3481.4300000000003
CMD09943,2024-05-02,Nina Müller,Électronique,TV 4K,5,330.34,0.1,Suisse,Magasin,12.64,3,1486.53
CMD09944,2024-09-07,Léa Durand,Sport,Vélo,3,465.91,0.3,Allemagne,Web,11.13,2,978.411
CMD09945,2024-10-09,Sarah Moreau,Maison,Lampadaire,3,738.27,0.3,Maroc,Magasin,14.77,1,1550.367
CMD09946,2024-12-01,Youssef El Amrani,Sport,Raquette,2,1032.31,0.15,Allemagne,App,1.42,3,1754.927
CMD09947,2024-01-03,Carlos Gomez,Beauté,Crème visage,1,1293.52,0.3,Belgique,Web,1.77,5,905.4639999999999
CMD09948,2024-10-27,Ali Benali,Mode,Sac à main,4,1160.49,0.1,France,Web,5.24,1,4177.764
CMD09949,2024-08-22,Ali Benali,Beauté,Parfum,1,104.24,0.1,Maroc,Magasin,0.8,2,93.816
CMD09950,2024-09-13,Paolo Bianchi,Mode,Jean,2,560.84,0.1,Maroc,Magasin,4.35,5,1009.5120000000001
CMD09951,2024-10-09,Carlos Gomez,Mode,Sac à main,3,1023.23,0.3,Allemagne,App,1.91,3,2148.783
CMD09952,2024-08-18,Léa Durand,Beauté,Shampoing,5,574.42,0.3,Allemagne,Magasin,2.44,1,2010.4699999999998
CMD09953,2024-07-02,Sarah Moreau,Jouets,Puzzle,2,739.35,0.3,Suisse,App,9.35,4,1035.09
CMD09954,2024-03-14,Emma Rossi,Maison,Mixeur,3,1205.71,0.2,Italie,Magasin,0.85,3,2893.704
CMD09955,2024-04-28,Lucie Martin,Jouets,Voiture téléguidée,5,1866.82,0.25,Suisse,Web,5.5,2,7000.575000000001
CMD09956,2024-04-14,Sarah Moreau,Mode,Veste,3,263.75,0.1,Italie,Magasin,4.5,3,712.125
CMD09957,2024-10-30,Nina Müller,Sport,Ballon,5,951.83,0.0,Suisse,App,3.62,2,4759.150000000001
CMD09958,2024-12-15,Léa Durand,Beauté,Parfum,2,1960.5,0.0,Espagne,Magasin,5.44,1,3921.0
CMD09959,2024-11-17,Paolo Bianchi,Mode,Montre,3,780.88,0.2,Allemagne,Web,10.33,2,1874.112
CMD09960,2024-07-03,Paolo Bianchi,Jouets,Peluche,3,1705.06,0.05,Espagne,Web,9.26,2,4859.421
CMD09961,2024-02-28,Carlos Gomez,Mode,Veste,1,806.28,0.25,Suisse,Web,8.19,2,604.71
CMD09962,2024-07-10,Youssef El Amrani,Sport,Ballon,3,1226.3,0.1,Italie,App,13.93,2,3311.0099999999998
CMD09963,2024-06-01,Ali Benali,Électronique,Casque audio,3,1110.49,0.15,Belgique,App,11.42,5,2831.7495000000004
CMD09964,2024-10-12,Emma Rossi,Maison,Machine à café,4,987.13,0.05,Belgique,Web,6.97,5,3751.0939999999996
CMD09965,2024-03-16,Nina Müller,Électronique,Smartphone,2,1677.46,0.05,France,App,1.1,1,3187.174
CMD09966,2024-06-29,Lucie Martin,Électronique,Ordinateur portable,5,1239.21,0.3,Suisse,Magasin,0.84,1,4337.235
CMD09967,2024-04-12,Sarah Moreau,Jouets,Jeu de société,2,1443.08,0.15,Espagne,App,13.93,1,2453.236
CMD09968,2024-01-07,Léa Durand,Électronique,Smartphone,1,78.4,0.2,Italie,App,11.87,5,62.720000000000006
CMD09969,2024-02-21,Sarah Moreau,Jouets,Voiture téléguidée,5,101.47,0.25,Espagne,Web,11.81,3,380.51250000000005
CMD09970,2024-06-30,Lucie Martin,Maison,Mixeur,2,17.42,0.3,Espagne,App,11.67,5,24.388
CMD09971,2024-10-22,Lucie Martin,Électronique,Tablette,3,636.92,0.3,Espagne,App,4.66,5,1337.5319999999997
CMD09972,2024-06-10,Emma Rossi,Jouets,Jeu de société,3,942.21,0.25,Belgique,App,14.85,5,2119.9725
CMD09973,2024-12-19,Youssef El Amrani,Jouets,Lego,5,391.17,0.05,Italie,Magasin,10.05,4,1858.0575000000001
CMD09974,2024-02-24,Youssef El Amrani,Beauté,Parfum,4,1853.53,0.2,Allemagne,App,5.69,3,5931.296
CMD09975,2024-09-16,Carlos Gomez,Mode,Veste,1,761.44,0.2,Maroc,App,9.23,2,609.152
CMD09976,2024-09-26,Ali Benali,Beauté,Crème visage,5,1530.22,0.25,Italie,App,2.35,4,5738.325000000001
CMD09977,2024-10-10,Jean Dupont,Électronique,Smartphone,4,1482.41,0.3,Belgique,Web,4.3,4,4150.748
CMD09978,2024-03-15,Sarah Moreau,Jouets,Lego,4,1810.52,0.1,Suisse,Web,8.98,3,6517.872
CMD09979,2024-11-24,Youssef El Amrani,Mode,Montre,4,1041.68,0.15,Maroc,App,5.17,3,3541.712
CMD09980,2024-05-24,Nina Müller,Maison,Ventilateur,4,920.01,0.05,Belgique,App,3.02,4,3496.038
CMD09981,2024-09-09,Carlos Gomez,Jouets,Puzzle,2,1659.69,0.25,Suisse,Magasin,4.18,3,2489.535
CMD09982,2024-08-29,Ali Benali,Sport,Ballon,4,1214.13,0.15,Allemagne,App,13.79,2,4128.042
CMD09983,2024-10-19,Nina Müller,Maison,Lampadaire,5,562.09,0.0,Maroc,Web,0.7,4,2810.4500000000003
CMD09984,2024-01-13,Jean Dupont,Sport,Vélo,2,655.84,0.2,Suisse,Web,9.04,2,1049.344
CMD09985,2024-08-04,Lucie Martin,Beauté,Crème visage,1,1878.16,0.0,Espagne,Magasin,7.2,2,1878.16
CMD09986,2024-07-20,Emma Rossi,Beauté,Crème visage,1,1731.51,0.0,Italie,Web,7.44,4,1731.51
CMD09987,2024-11-19,Carlos Gomez,Beauté,Rouge à lèvres,2,1698.48,0.15,Italie,App,3.3,1,2887.416
CMD09988,2024-05-26,Sarah Moreau,Électronique,Smartphone,3,352.61,0.05,Belgique,App,1.21,1,1004.9384999999999
CMD09989,2024-03-02,Sarah Moreau,Électronique,Ordinateur portable,1,160.2,0.0,Suisse,App,14.79,2,160.2
CMD09990,2024-06-10,Ali Benali,Beauté,Parfum,4,1094.86,0.1,Belgique,Magasin,9.63,2,3941.4959999999996
CMD09991,2024-01-09,Youssef El Amrani,Électronique,TV 4K,5,877.27,0.3,Belgique,Magasin,13.82,4,3070.445
CMD09992,2024-06-22,Youssef El Amrani,Mode,Veste,3,957.97,0.05,France,App,7.86,5,2730.2144999999996
CMD09993,2024-03-17,Lucie Martin,Sport,Tapis de course,3,528.34,0.0,Italie,Web,9.88,5,1585.02
CMD09994,2024-07-17,Lucie Martin,Jouets,Lego,2,1907.12,0.2,Italie,App,5.18,4,3051.392
CMD09995,2024-03-09,Lucie Martin,Mode,Jean,3,1176.22,0.1,Belgique,App,12.79,1,3175.794
CMD09996,2024-09-30,Sarah Moreau,Maison,Mixeur,1,245.12,0.15,France,App,10.48,4,208.352
CMD09997,2024-11-30,Léa Durand,Maison,Lampadaire,1,1188.45,0.15,Allemagne,App,7.49,5,1010.1825
CMD09998,2024-05-06,Emma Rossi,Beauté,Rouge à lèvres,4,1108.19,0.3,France,Magasin,14.65,3,3102.932
CMD09999,2024-05-24,Carlos Gomez,Électronique,TV 4K,4,371.08,0.3,Suisse,Web,11.9,5,1039.024
CMD10000,2024-07-23,Youssef El Amrani,Jouets,Puzzle,1,1001.24,0.05,Allemagne,App,4.45,2,951.178
